time,Open,High,Low,Close,Volume,spread,real_volume,Spread_Price
2026-02-24 16:30:00,388.1,388.14,386.75,386.88,902,10,0,0.1
2026-02-24 16:35:00,386.91,386.91,385.82,386.08,788,9,0,0.09
2026-02-24 16:40:00,386.1,387.65,386.06,387.46,807,10,0,0.1
2026-02-24 16:45:00,387.48,387.55,386.68,386.95,699,10,0,0.1
2026-02-24 16:50:00,386.95,386.95,386.05,386.46,760,10,0,0.1
2026-02-24 16:55:00,386.36,386.82,385.96,386.77,593,10,0,0.1
2026-02-24 17:00:00,386.79,387.46,386.47,387.09,698,10,0,0.1
2026-02-24 17:05:00,387.09,387.47,386.43,386.65,591,10,0,0.1
2026-02-24 17:10:00,386.67,387.05,386.5,386.71,642,10,0,0.1
2026-02-24 17:15:00,386.72,386.73,385.89,385.99,644,10,0,0.1
2026-02-24 17:20:00,386.0,386.45,385.91,386.11,602,9,0,0.09
2026-02-24 17:25:00,386.17,386.74,386.08,386.61,523,10,0,0.1
2026-02-24 17:30:00,386.62,386.62,385.75,385.93,563,9,0,0.09
2026-02-24 17:35:00,385.95,386.17,385.64,385.94,554,11,0,0.11
2026-02-24 17:40:00,385.94,386.33,385.68,386.03,477,10,0,0.1
2026-02-24 17:45:00,386.03,386.26,385.82,385.99,581,11,0,0.11
2026-02-24 17:50:00,385.92,386.8,385.85,386.71,455,10,0,0.1
2026-02-24 17:55:00,386.69,386.69,385.95,386.16,434,10,0,0.1
2026-02-24 18:00:00,386.19,386.58,385.97,386.0,504,11,0,0.11
2026-02-24 18:05:00,386.02,386.28,386.0,386.24,476,10,0,0.1
2026-02-24 18:10:00,386.3,386.71,386.24,386.3,595,10,0,0.1
2026-02-24 18:15:00,386.3,386.47,385.72,385.75,432,9,0,0.09
2026-02-24 18:20:00,385.68,386.85,385.56,386.81,386,9,0,0.09
2026-02-24 18:25:00,386.84,387.07,386.14,386.37,458,9,0,0.09
2026-02-24 18:30:00,386.37,386.62,385.91,385.96,434,10,0,0.1
2026-02-24 18:35:00,386.02,386.49,385.96,386.2,364,9,0,0.09
2026-02-24 18:40:00,386.19,386.62,385.93,386.18,307,10,0,0.1
2026-02-24 18:45:00,386.14,386.71,385.97,386.66,439,10,0,0.1
2026-02-24 18:50:00,386.66,386.93,386.55,386.73,381,9,0,0.09
2026-02-24 18:55:00,386.73,387.03,386.47,386.89,392,10,0,0.1
2026-02-24 19:00:00,386.91,387.62,386.69,387.4,415,10,0,0.1
2026-02-24 19:05:00,387.39,387.39,386.78,386.84,447,11,0,0.11
2026-02-24 19:10:00,386.77,387.06,386.47,386.48,371,10,0,0.1
2026-02-24 19:15:00,386.47,386.66,386.35,386.36,392,9,0,0.09
2026-02-24 19:20:00,386.47,386.63,386.1,386.12,439,9,0,0.09
2026-02-24 19:25:00,386.12,386.34,386.05,386.27,510,10,0,0.1
2026-02-24 19:30:00,386.37,386.79,386.09,386.78,438,9,0,0.09
2026-02-24 19:35:00,386.8,387.21,386.73,387.0,406,10,0,0.1
2026-02-24 19:40:00,386.98,387.39,386.91,387.27,383,9,0,0.09
2026-02-24 19:45:00,387.3,387.66,387.17,387.62,439,10,0,0.1
2026-02-24 19:50:00,387.65,388.18,387.63,388.05,498,10,0,0.1
2026-02-24 19:55:00,388.03,388.05,387.48,387.52,422,10,0,0.1
2026-02-24 20:00:00,387.5,388.21,387.25,388.19,563,10,0,0.1
2026-02-24 20:05:00,388.17,388.53,388.04,388.53,425,10,0,0.1
2026-02-24 20:10:00,388.51,388.53,387.7,387.83,418,10,0,0.1
2026-02-24 20:15:00,387.81,387.86,387.05,387.22,459,11,0,0.11
2026-02-24 20:20:00,387.29,387.38,387.1,387.26,428,10,0,0.1
2026-02-24 20:25:00,387.21,387.64,387.05,387.45,474,10,0,0.1
2026-02-24 20:30:00,387.38,387.54,387.28,387.3,428,10,0,0.1
2026-02-24 20:35:00,387.29,387.68,387.07,387.66,446,10,0,0.1
2026-02-24 20:40:00,387.66,387.8,387.49,387.56,357,10,0,0.1
2026-02-24 20:45:00,387.56,387.87,387.48,387.78,392,9,0,0.09
2026-02-24 20:50:00,387.76,388.38,387.72,387.77,461,9,0,0.09
2026-02-24 20:55:00,387.77,387.96,387.63,387.8,411,9,0,0.09
2026-02-24 21:00:00,387.8,388.01,387.26,387.39,473,9,0,0.09
2026-02-24 21:05:00,387.39,387.81,387.35,387.78,425,9,0,0.09
2026-02-24 21:10:00,387.77,388.14,387.74,387.97,458,10,0,0.1
2026-02-24 21:15:00,387.99,388.16,387.83,388.1,399,9,0,0.09
2026-02-24 21:20:00,388.01,388.18,387.86,388.04,475,10,0,0.1
2026-02-24 21:25:00,388.01,388.25,387.95,388.07,384,9,0,0.09
2026-02-24 21:30:00,388.08,388.3,387.89,388.08,485,9,0,0.09
2026-02-24 21:35:00,388.08,388.14,387.85,387.9,470,9,0,0.09
2026-02-24 21:40:00,387.89,388.39,387.85,388.38,374,9,0,0.09
2026-02-24 21:45:00,388.35,388.73,388.3,388.57,562,9,0,0.09
2026-02-24 21:50:00,388.58,389.13,388.24,388.77,734,10,0,0.1
2026-02-24 21:55:00,388.84,389.18,388.72,388.96,1067,9,0,0.09
2026-02-25 16:30:00,398.89,399.36,398.13,398.3,825,10,0,0.1
2026-02-25 16:35:00,398.23,399.18,397.77,399.03,569,9,0,0.09
2026-02-25 16:40:00,399.02,400.0,398.85,399.73,607,9,0,0.09
2026-02-25 16:45:00,399.73,400.18,398.84,399.06,590,9,0,0.09
2026-02-25 16:50:00,399.06,399.2,398.0,398.1,595,9,0,0.09
2026-02-25 16:55:00,398.1,398.87,397.77,398.69,546,10,0,0.1
2026-02-25 17:00:00,398.66,398.71,397.67,397.84,507,9,0,0.09
2026-02-25 17:05:00,397.83,398.24,397.47,397.58,448,9,0,0.09
2026-02-25 17:10:00,397.58,397.58,396.76,396.78,444,9,0,0.09
2026-02-25 17:15:00,396.78,397.31,396.51,397.27,520,11,0,0.11
2026-02-25 17:20:00,397.25,397.62,397.12,397.33,420,10,0,0.1
2026-02-25 17:25:00,397.31,397.63,397.22,397.38,468,10,0,0.1
2026-02-25 17:30:00,397.42,397.78,397.08,397.08,437,9,0,0.09
2026-02-25 17:35:00,397.06,397.69,396.86,397.11,346,10,0,0.1
2026-02-25 17:40:00,397.17,398.02,397.08,397.39,397,10,0,0.1
2026-02-25 17:45:00,397.39,397.94,397.37,397.55,438,10,0,0.1
2026-02-25 17:50:00,397.58,397.73,397.18,397.28,387,9,0,0.09
2026-02-25 17:55:00,397.26,397.26,396.58,396.64,407,10,0,0.1
2026-02-25 18:00:00,396.64,397.01,396.4,396.82,371,10,0,0.1
2026-02-25 18:05:00,396.84,396.98,396.38,396.74,406,10,0,0.1
2026-02-25 18:10:00,396.68,397.6,396.46,397.55,240,10,0,0.1
2026-02-25 18:15:00,397.58,397.63,397.13,397.54,324,10,0,0.1
2026-02-25 18:20:00,397.56,397.75,397.42,397.65,286,9,0,0.09
2026-02-25 18:25:00,397.67,397.88,397.27,397.29,283,9,0,0.09
2026-02-25 18:30:00,397.29,397.36,396.99,397.22,323,9,0,0.09
2026-02-25 18:35:00,397.23,398.03,397.2,397.75,288,9,0,0.09
2026-02-25 18:40:00,397.79,398.11,397.73,397.76,247,10,0,0.1
2026-02-25 18:45:00,397.76,398.1,397.72,398.06,328,9,0,0.09
2026-02-25 18:50:00,398.04,398.51,398.01,398.37,292,9,0,0.09
2026-02-25 18:55:00,398.31,398.57,398.16,398.57,253,9,0,0.09
2026-02-25 19:00:00,398.53,399.02,398.53,398.8,289,9,0,0.09
2026-02-25 19:05:00,398.74,398.81,398.37,398.58,290,9,0,0.09
2026-02-25 19:10:00,398.62,399.04,398.52,398.91,251,9,0,0.09
2026-02-25 19:15:00,398.93,398.97,398.33,398.62,292,10,0,0.1
2026-02-25 19:20:00,398.64,398.67,398.38,398.51,243,9,0,0.09
2026-02-25 19:25:00,398.49,398.75,398.41,398.62,208,9,0,0.09
2026-02-25 19:30:00,398.64,398.76,398.46,398.52,201,9,0,0.09
2026-02-25 19:35:00,398.49,398.77,398.33,398.75,270,9,0,0.09
2026-02-25 19:40:00,398.78,399.12,398.75,399.07,274,9,0,0.09
2026-02-25 19:45:00,399.05,399.21,398.55,398.66,249,9,0,0.09
2026-02-25 19:50:00,398.63,398.79,398.39,398.78,237,9,0,0.09
2026-02-25 19:55:00,398.79,399.2,398.66,399.2,212,9,0,0.09
2026-02-25 20:00:00,399.18,399.66,399.14,399.66,289,9,0,0.09
2026-02-25 20:05:00,399.64,399.88,399.41,399.52,257,9,0,0.09
2026-02-25 20:10:00,399.54,399.55,398.82,398.92,234,9,0,0.09
2026-02-25 20:15:00,398.9,399.48,398.53,399.48,401,10,0,0.1
2026-02-25 20:20:00,399.5,399.55,398.74,398.91,293,10,0,0.1
2026-02-25 20:25:00,398.86,399.16,398.56,398.63,297,9,0,0.09
2026-02-25 20:30:00,398.6,398.92,398.59,398.72,311,9,0,0.09
2026-02-25 20:35:00,398.72,398.82,398.61,398.66,245,9,0,0.09
2026-02-25 20:40:00,398.68,398.73,398.06,398.07,310,9,0,0.09
2026-02-25 20:45:00,398.03,398.34,397.88,398.29,278,10,0,0.1
2026-02-25 20:50:00,398.27,398.43,398.08,398.38,285,9,0,0.09
2026-02-25 20:55:00,398.4,398.44,398.14,398.33,233,9,0,0.09
2026-02-25 21:00:00,398.35,398.48,398.19,398.38,280,9,0,0.09
2026-02-25 21:05:00,398.39,399.02,398.31,398.93,298,9,0,0.09
2026-02-25 21:10:00,398.91,399.14,398.77,399.05,299,9,0,0.09
2026-02-25 21:15:00,399.04,399.64,398.98,399.53,367,9,0,0.09
2026-02-25 21:20:00,399.53,399.72,399.25,399.64,339,9,0,0.09
2026-02-25 21:25:00,399.68,400.92,399.64,400.88,397,9,0,0.09
2026-02-25 21:30:00,400.9,400.99,400.08,400.12,525,10,0,0.1
2026-02-25 21:35:00,400.12,401.03,400.05,400.86,438,9,0,0.09
2026-02-25 21:40:00,400.87,400.87,399.96,400.21,386,10,0,0.1
2026-02-25 21:45:00,400.19,400.38,399.8,400.2,446,9,0,0.09
2026-02-25 21:50:00,400.2,400.86,399.66,400.73,832,9,0,0.09
2026-02-25 21:55:00,400.7,400.94,400.3,400.76,1039,9,0,0.09
2026-02-26 16:30:00,401.55,401.66,399.64,399.86,1063,10,0,0.1
2026-02-26 16:35:00,399.96,401.4,399.79,401.37,1053,10,0,0.1
2026-02-26 16:40:00,401.43,402.48,400.97,402.31,1161,11,0,0.11
2026-02-26 16:45:00,402.22,402.89,401.47,402.37,903,11,0,0.11
2026-02-26 16:50:00,402.38,402.39,401.33,401.64,869,11,0,0.11
2026-02-26 16:55:00,401.73,402.45,401.27,402.0,830,12,0,0.12
2026-02-26 17:00:00,402.06,402.26,401.33,402.25,840,12,0,0.12
2026-02-26 17:05:00,402.27,402.41,401.71,402.09,785,10,0,0.1
2026-02-26 17:10:00,402.07,403.3,401.97,403.3,758,10,0,0.1
2026-02-26 17:15:00,403.3,404.12,402.24,402.34,695,9,0,0.09
2026-02-26 17:20:00,402.34,402.41,401.74,401.8,665,10,0,0.1
2026-02-26 17:25:00,401.81,402.18,400.74,400.91,756,9,0,0.09
2026-02-26 17:30:00,400.9,400.95,400.45,400.47,692,9,0,0.09
2026-02-26 17:35:00,400.47,400.61,399.85,400.47,710,10,0,0.1
2026-02-26 17:40:00,400.47,400.66,399.76,399.98,663,10,0,0.1
2026-02-26 17:45:00,399.92,400.21,399.65,400.07,831,9,0,0.09
2026-02-26 17:50:00,400.05,400.15,399.33,399.35,642,10,0,0.1
2026-02-26 17:55:00,399.35,399.59,398.69,398.99,650,10,0,0.1
2026-02-26 18:00:00,399.01,399.64,398.99,399.48,617,9,0,0.09
2026-02-26 18:05:00,399.58,400.21,399.4,399.91,554,9,0,0.09
2026-02-26 18:10:00,399.94,400.39,399.94,400.07,469,9,0,0.09
2026-02-26 18:15:00,400.08,400.65,399.93,400.41,502,10,0,0.1
2026-02-26 18:20:00,400.39,400.79,400.25,400.53,446,9,0,0.09
2026-02-26 18:25:00,400.5,400.97,400.35,400.83,469,10,0,0.1
2026-02-26 18:30:00,400.83,401.35,400.8,400.98,626,10,0,0.1
2026-02-26 18:35:00,400.99,401.07,399.95,400.49,467,10,0,0.1
2026-02-26 18:40:00,400.51,400.94,400.51,400.65,438,10,0,0.1
2026-02-26 18:45:00,400.69,400.91,400.16,400.28,419,10,0,0.1
2026-02-26 18:50:00,400.28,400.77,400.21,400.6,525,10,0,0.1
2026-02-26 18:55:00,400.59,400.59,399.94,400.06,355,10,0,0.1
2026-02-26 19:00:00,400.05,400.48,399.57,399.82,356,9,0,0.09
2026-02-26 19:05:00,399.82,399.95,399.37,399.71,370,11,0,0.11
2026-02-26 19:10:00,399.69,400.01,399.4,399.68,467,10,0,0.1
2026-02-26 19:15:00,399.57,399.78,399.22,399.64,369,10,0,0.1
2026-02-26 19:20:00,399.62,400.28,398.96,400.28,429,11,0,0.11
2026-02-26 19:25:00,400.28,400.74,400.0,400.06,410,10,0,0.1
2026-02-26 19:30:00,400.06,400.95,399.99,400.88,597,10,0,0.1
2026-02-26 19:35:00,400.88,401.34,400.53,401.1,555,10,0,0.1
2026-02-26 19:40:00,401.2,401.47,400.98,401.04,418,10,0,0.1
2026-02-26 19:45:00,401.02,401.58,401.01,401.25,508,9,0,0.09
2026-02-26 19:50:00,401.28,401.31,400.83,400.9,392,9,0,0.09
2026-02-26 19:55:00,400.89,401.48,400.85,400.88,354,10,0,0.1
2026-02-26 20:00:00,400.81,401.23,400.63,401.07,544,9,0,0.09
2026-02-26 20:05:00,401.14,401.82,401.05,401.75,423,10,0,0.1
2026-02-26 20:10:00,401.74,402.02,401.47,401.82,482,10,0,0.1
2026-02-26 20:15:00,401.82,402.29,401.77,402.0,613,9,0,0.09
2026-02-26 20:20:00,402.03,402.65,401.94,402.39,564,9,0,0.09
2026-02-26 20:25:00,402.36,402.39,400.95,401.17,409,10,0,0.1
2026-02-26 20:30:00,401.19,401.72,400.87,401.62,421,9,0,0.09
2026-02-26 20:35:00,401.64,402.05,401.54,401.87,415,10,0,0.1
2026-02-26 20:40:00,401.88,401.93,401.27,401.55,387,10,0,0.1
2026-02-26 20:45:00,401.55,402.1,401.47,402.06,429,10,0,0.1
2026-02-26 20:50:00,402.09,402.73,401.93,402.65,502,10,0,0.1
2026-02-26 20:55:00,402.62,402.84,402.04,402.17,483,9,0,0.09
2026-02-26 21:00:00,402.13,402.3,401.69,402.18,561,10,0,0.1
2026-02-26 21:05:00,402.18,402.35,401.76,401.78,486,10,0,0.1
2026-02-26 21:10:00,401.76,401.94,401.51,401.83,497,9,0,0.09
2026-02-26 21:15:00,401.81,401.91,401.6,401.62,476,10,0,0.1
2026-02-26 21:20:00,401.6,401.66,400.96,401.21,584,9,0,0.09
2026-02-26 21:25:00,401.19,401.59,401.04,401.24,558,10,0,0.1
2026-02-26 21:30:00,401.26,401.8,401.14,401.75,468,9,0,0.09
2026-02-26 21:35:00,401.76,401.94,401.55,401.77,584,9,0,0.09
2026-02-26 21:40:00,401.78,401.83,401.25,401.66,606,9,0,0.09
2026-02-26 21:45:00,401.66,401.86,401.47,401.74,578,9,0,0.09
2026-02-26 21:50:00,401.73,401.73,400.97,401.41,718,9,0,0.09
2026-02-26 21:55:00,400.99,401.68,400.97,401.61,843,9,0,0.09
2026-02-27 16:30:00,394.02,394.93,393.58,394.79,850,9,0,0.09
2026-02-27 16:35:00,394.79,395.92,394.76,395.07,762,9,0,0.09
2026-02-27 16:40:00,395.07,395.67,393.78,395.4,752,9,0,0.09
2026-02-27 16:45:00,395.36,395.54,394.58,395.14,733,10,0,0.1
2026-02-27 16:50:00,395.13,395.25,394.39,394.56,789,9,0,0.09
2026-02-27 16:55:00,394.56,395.86,394.22,395.85,889,10,0,0.1
2026-02-27 17:00:00,395.85,396.73,395.83,396.48,808,10,0,0.1
2026-02-27 17:05:00,396.54,396.54,394.68,394.81,852,10,0,0.1
2026-02-27 17:10:00,394.84,395.62,394.75,395.22,838,10,0,0.1
2026-02-27 17:15:00,395.22,395.61,394.68,395.09,777,9,0,0.09
2026-02-27 17:20:00,395.12,395.12,394.31,394.76,788,10,0,0.1
2026-02-27 17:25:00,394.76,394.77,393.58,393.77,758,10,0,0.1
2026-02-27 17:30:00,393.82,394.51,393.8,394.37,620,9,0,0.09
2026-02-27 17:35:00,394.35,394.66,394.03,394.44,647,9,0,0.09
2026-02-27 17:40:00,394.44,394.57,393.99,394.06,497,9,0,0.09
2026-02-27 17:45:00,394.06,394.57,393.9,394.04,610,10,0,0.1
2026-02-27 17:50:00,394.0,394.96,393.98,394.73,663,10,0,0.1
2026-02-27 17:55:00,394.75,395.39,394.62,394.86,623,9,0,0.09
2026-02-27 18:00:00,394.88,395.75,394.85,395.22,585,10,0,0.1
2026-02-27 18:05:00,395.2,395.45,394.9,395.24,589,9,0,0.09
2026-02-27 18:10:00,395.27,395.29,394.15,394.21,635,10,0,0.1
2026-02-27 18:15:00,394.22,394.48,394.0,394.17,654,9,0,0.09
2026-02-27 18:20:00,394.2,394.46,393.71,394.46,615,9,0,0.09
2026-02-27 18:25:00,394.39,395.18,394.39,394.78,657,10,0,0.1
2026-02-27 18:30:00,394.76,395.3,394.48,394.89,828,10,0,0.1
2026-02-27 18:35:00,394.89,395.06,394.53,394.85,639,10,0,0.1
2026-02-27 18:40:00,394.84,394.93,394.09,394.18,496,11,0,0.11
2026-02-27 18:45:00,394.2,394.23,393.63,393.66,647,10,0,0.1
2026-02-27 18:50:00,393.69,394.02,393.33,393.58,685,11,0,0.11
2026-02-27 18:55:00,393.57,394.78,393.57,394.68,444,11,0,0.11
2026-02-27 19:00:00,394.66,395.02,394.16,394.24,534,10,0,0.1
2026-02-27 19:05:00,394.17,394.3,393.6,393.68,508,10,0,0.1
2026-02-27 19:10:00,393.68,393.84,393.46,393.53,528,10,0,0.1
2026-02-27 19:15:00,393.55,393.88,393.4,393.79,484,9,0,0.09
2026-02-27 19:20:00,393.75,394.08,393.49,393.6,547,9,0,0.09
2026-02-27 19:25:00,393.65,394.13,393.48,394.04,560,10,0,0.1
2026-02-27 19:30:00,394.05,394.05,393.39,393.87,492,9,0,0.09
2026-02-27 19:35:00,393.87,394.19,393.51,393.76,439,9,0,0.09
2026-02-27 19:40:00,393.72,394.1,393.39,393.41,531,10,0,0.1
2026-02-27 19:45:00,393.44,393.61,393.16,393.42,380,9,0,0.09
2026-02-27 19:50:00,393.39,393.47,392.98,393.0,452,9,0,0.09
2026-02-27 19:55:00,393.0,393.32,392.7,393.07,501,9,0,0.09
2026-02-27 20:00:00,393.09,393.23,392.83,392.99,411,9,0,0.09
2026-02-27 20:05:00,393.01,393.37,392.75,393.1,465,9,0,0.09
2026-02-27 20:10:00,393.1,393.24,392.72,392.84,563,9,0,0.09
2026-02-27 20:15:00,392.86,393.18,392.62,393.05,325,10,0,0.1
2026-02-27 20:20:00,393.05,393.48,393.03,393.22,430,9,0,0.09
2026-02-27 20:25:00,393.2,393.56,392.96,392.98,474,10,0,0.1
2026-02-27 20:30:00,393.0,393.24,392.75,393.09,465,9,0,0.09
2026-02-27 20:35:00,393.09,393.56,393.09,393.2,484,9,0,0.09
2026-02-27 20:40:00,393.2,393.24,392.54,392.76,470,9,0,0.09
2026-02-27 20:45:00,392.79,393.0,392.65,392.82,459,9,0,0.09
2026-02-27 20:50:00,392.83,392.84,392.35,392.44,405,9,0,0.09
2026-02-27 20:55:00,392.46,393.21,392.41,393.15,471,9,0,0.09
2026-02-27 21:00:00,393.1,393.52,393.08,393.24,512,9,0,0.09
2026-02-27 21:05:00,393.21,393.6,392.97,393.5,500,9,0,0.09
2026-02-27 21:10:00,393.49,394.3,393.41,394.11,515,9,0,0.09
2026-02-27 21:15:00,394.11,394.44,393.98,394.33,518,9,0,0.09
2026-02-27 21:20:00,394.35,394.91,394.04,394.76,617,10,0,0.1
2026-02-27 21:25:00,394.74,394.86,393.68,393.74,542,9,0,0.09
2026-02-27 21:30:00,393.76,393.8,393.48,393.62,617,10,0,0.1
2026-02-27 21:35:00,393.6,393.7,392.36,392.36,630,9,0,0.09
2026-02-27 21:40:00,392.36,393.29,392.36,393.14,803,9,0,0.09
2026-02-27 21:45:00,393.12,393.5,392.65,392.72,853,9,0,0.09
2026-02-27 21:50:00,392.65,394.03,390.05,392.68,1169,9,0,0.09
2026-02-27 21:55:00,392.59,393.68,392.43,393.07,1221,9,0,0.09
2026-03-02 16:30:00,398.21,398.78,397.47,397.63,868,12,0,0.12
2026-03-02 16:35:00,397.65,399.44,397.36,399.35,975,10,0,0.1
2026-03-02 16:40:00,399.33,399.68,398.97,399.22,921,10,0,0.1
2026-03-02 16:45:00,399.2,399.66,398.45,398.95,966,11,0,0.11
2026-03-02 16:50:00,398.97,399.63,398.15,398.7,905,11,0,0.11
2026-03-02 16:55:00,398.59,399.4,398.36,399.4,851,11,0,0.11
2026-03-02 17:00:00,399.31,399.41,398.14,398.94,823,11,0,0.11
2026-03-02 17:05:00,398.92,399.96,398.34,399.77,789,11,0,0.11
2026-03-02 17:10:00,399.85,400.05,398.97,399.36,799,10,0,0.1
2026-03-02 17:15:00,399.35,399.43,398.74,398.76,667,10,0,0.1
2026-03-02 17:20:00,398.76,398.81,397.8,397.9,704,10,0,0.1
2026-03-02 17:25:00,397.92,398.38,396.73,396.97,833,11,0,0.11
2026-03-02 17:30:00,397.02,397.49,396.26,396.73,785,12,0,0.12
2026-03-02 17:35:00,396.69,398.97,396.61,398.97,795,10,0,0.1
2026-03-02 17:40:00,398.99,399.86,398.97,399.51,748,10,0,0.1
2026-03-02 17:45:00,399.53,399.62,399.0,399.22,681,10,0,0.1
2026-03-02 17:50:00,399.14,399.75,399.02,399.39,712,10,0,0.1
2026-03-02 17:55:00,399.37,401.06,399.19,400.77,668,9,0,0.09
2026-03-02 18:00:00,400.75,400.9,399.95,400.81,652,10,0,0.1
2026-03-02 18:05:00,400.74,401.09,400.0,400.58,571,10,0,0.1
2026-03-02 18:10:00,400.65,400.89,400.3,400.5,648,10,0,0.1
2026-03-02 18:15:00,400.5,401.12,400.41,400.93,478,10,0,0.1
2026-03-02 18:20:00,400.93,401.1,400.75,400.85,474,11,0,0.11
2026-03-02 18:25:00,400.87,400.87,400.08,400.09,473,9,0,0.09
2026-03-02 18:30:00,400.1,400.14,399.45,399.86,509,10,0,0.1
2026-03-02 18:35:00,399.77,400.1,399.29,399.96,477,10,0,0.1
2026-03-02 18:40:00,399.98,400.72,399.7,400.45,490,12,0,0.12
2026-03-02 18:45:00,400.47,400.58,399.95,400.03,442,11,0,0.11
2026-03-02 18:50:00,400.06,400.43,399.78,400.07,478,11,0,0.11
2026-03-02 18:55:00,400.11,400.14,399.35,399.43,431,10,0,0.1
2026-03-02 19:00:00,399.43,400.1,399.35,400.08,398,12,0,0.12
2026-03-02 19:05:00,400.1,400.49,399.71,399.73,444,11,0,0.11
2026-03-02 19:10:00,399.71,400.55,399.61,400.36,484,10,0,0.1
2026-03-02 19:15:00,400.35,400.52,399.89,400.43,421,10,0,0.1
2026-03-02 19:20:00,400.41,400.64,400.11,400.2,408,10,0,0.1
2026-03-02 19:25:00,400.15,400.61,399.9,400.14,417,11,0,0.11
2026-03-02 19:30:00,400.16,400.54,399.55,399.95,471,11,0,0.11
2026-03-02 19:35:00,399.99,400.26,399.55,399.86,410,11,0,0.11
2026-03-02 19:40:00,399.86,399.91,399.52,399.78,350,11,0,0.11
2026-03-02 19:45:00,399.7,399.78,398.65,399.08,491,11,0,0.11
2026-03-02 19:50:00,399.08,399.28,398.65,398.74,475,11,0,0.11
2026-03-02 19:55:00,398.74,398.98,398.34,398.59,439,11,0,0.11
2026-03-02 20:00:00,398.6,399.04,398.52,398.92,408,11,0,0.11
2026-03-02 20:05:00,398.92,399.38,398.75,399.38,457,10,0,0.1
2026-03-02 20:10:00,399.36,399.77,399.17,399.57,471,11,0,0.11
2026-03-02 20:15:00,399.59,400.46,399.56,400.41,529,9,0,0.09
2026-03-02 20:20:00,400.36,400.48,399.94,400.01,416,10,0,0.1
2026-03-02 20:25:00,400.03,400.17,399.7,399.78,434,10,0,0.1
2026-03-02 20:30:00,399.81,399.81,399.25,399.27,443,10,0,0.1
2026-03-02 20:35:00,399.28,399.71,399.25,399.68,345,10,0,0.1
2026-03-02 20:40:00,399.69,399.85,399.26,399.47,411,10,0,0.1
2026-03-02 20:45:00,399.49,399.9,399.41,399.71,355,10,0,0.1
2026-03-02 20:50:00,399.76,399.85,399.04,399.31,341,10,0,0.1
2026-03-02 20:55:00,399.33,399.63,399.08,399.47,353,10,0,0.1
2026-03-02 21:00:00,399.47,399.47,398.69,398.9,382,10,0,0.1
2026-03-02 21:05:00,398.94,399.21,397.5,397.86,671,9,0,0.09
2026-03-02 21:10:00,397.87,398.23,397.43,397.78,736,11,0,0.11
2026-03-02 21:15:00,397.77,398.62,397.4,398.22,746,11,0,0.11
2026-03-02 21:20:00,398.24,398.33,397.68,397.81,868,11,0,0.11
2026-03-02 21:25:00,397.72,397.9,397.14,397.21,727,10,0,0.1
2026-03-02 21:30:00,397.19,397.84,396.97,397.83,702,10,0,0.1
2026-03-02 21:35:00,397.81,397.84,396.86,396.98,658,10,0,0.1
2026-03-02 21:40:00,396.98,397.43,396.48,397.36,625,10,0,0.1
2026-03-02 21:45:00,397.34,397.57,397.08,397.3,610,9,0,0.09
2026-03-02 21:50:00,397.28,398.41,397.11,398.39,965,9,0,0.09
2026-03-02 21:55:00,398.36,398.82,397.97,398.38,1360,9,0,0.09
2026-03-03 16:30:00,393.71,395.74,393.56,395.64,1196,11,0,0.11
2026-03-03 16:35:00,395.69,397.13,395.34,397.04,1041,10,0,0.1
2026-03-03 16:40:00,397.04,398.06,395.98,396.11,1226,11,0,0.11
2026-03-03 16:45:00,396.11,397.18,395.51,396.02,1085,12,0,0.12
2026-03-03 16:50:00,396.07,396.69,395.29,395.29,932,11,0,0.11
2026-03-03 16:55:00,395.37,396.65,395.26,395.93,953,11,0,0.11
2026-03-03 17:00:00,395.86,396.96,395.7,396.83,897,12,0,0.12
2026-03-03 17:05:00,396.96,398.84,396.75,398.35,881,12,0,0.12
2026-03-03 17:10:00,398.51,399.5,398.16,398.33,1074,10,0,0.1
2026-03-03 17:15:00,398.28,399.81,398.16,399.29,999,10,0,0.1
2026-03-03 17:20:00,399.31,399.99,398.98,399.9,1110,10,0,0.1
2026-03-03 17:25:00,399.97,400.34,399.64,400.04,1057,10,0,0.1
2026-03-03 17:30:00,400.02,400.12,399.21,400.02,1147,12,0,0.12
2026-03-03 17:35:00,400.04,400.53,399.29,399.83,1095,11,0,0.11
2026-03-03 17:40:00,399.83,399.95,398.96,399.77,915,12,0,0.12
2026-03-03 17:45:00,399.79,401.22,399.13,401.06,1098,10,0,0.1
2026-03-03 17:50:00,401.2,401.55,400.79,401.14,1071,11,0,0.11
2026-03-03 17:55:00,401.15,401.38,400.76,400.9,913,11,0,0.11
2026-03-03 18:00:00,400.91,401.79,400.69,401.74,1083,11,0,0.11
2026-03-03 18:05:00,401.77,402.26,400.45,400.67,1046,10,0,0.1
2026-03-03 18:10:00,400.78,401.27,400.28,401.0,827,10,0,0.1
2026-03-03 18:15:00,401.0,401.03,400.21,401.0,832,10,0,0.1
2026-03-03 18:20:00,401.03,401.2,400.23,401.11,834,11,0,0.11
2026-03-03 18:25:00,401.11,402.06,400.85,401.81,766,10,0,0.1
2026-03-03 18:30:00,401.81,401.95,400.82,400.93,857,11,0,0.11
2026-03-03 18:35:00,400.85,401.69,400.43,401.39,855,11,0,0.11
2026-03-03 18:40:00,401.37,402.42,401.23,402.28,941,10,0,0.1
2026-03-03 18:45:00,402.25,402.55,401.36,401.81,735,9,0,0.09
2026-03-03 18:50:00,401.83,402.16,401.38,401.61,831,10,0,0.1
2026-03-03 18:55:00,401.59,401.94,401.51,401.6,947,10,0,0.1
2026-03-03 19:00:00,401.64,402.84,401.55,402.43,938,10,0,0.1
2026-03-03 19:05:00,402.47,403.01,402.13,402.77,808,10,0,0.1
2026-03-03 19:10:00,402.84,403.08,402.29,402.69,723,10,0,0.1
2026-03-03 19:15:00,402.71,403.25,402.5,403.05,620,10,0,0.1
2026-03-03 19:20:00,403.09,404.47,403.0,404.4,748,10,0,0.1
2026-03-03 19:25:00,404.42,405.16,403.87,404.51,713,10,0,0.1
2026-03-03 19:30:00,404.51,405.8,404.32,405.63,895,9,0,0.09
2026-03-03 19:35:00,405.61,406.32,405.37,406.01,1198,10,0,0.1
2026-03-03 19:40:00,406.07,406.64,405.21,405.53,1023,9,0,0.09
2026-03-03 19:45:00,405.54,405.61,405.06,405.5,1010,10,0,0.1
2026-03-03 19:50:00,405.52,406.16,405.11,405.57,909,9,0,0.09
2026-03-03 19:55:00,405.59,405.84,405.04,405.43,786,10,0,0.1
2026-03-03 20:00:00,405.44,405.7,405.14,405.44,703,10,0,0.1
2026-03-03 20:05:00,405.4,405.6,404.24,404.43,758,9,0,0.09
2026-03-03 20:10:00,404.43,404.73,404.07,404.51,775,10,0,0.1
2026-03-03 20:15:00,404.49,405.3,404.46,405.14,770,10,0,0.1
2026-03-03 20:20:00,405.17,405.86,405.06,405.53,766,9,0,0.09
2026-03-03 20:25:00,405.51,405.85,405.04,405.66,756,9,0,0.09
2026-03-03 20:30:00,405.66,406.34,404.6,404.87,887,10,0,0.1
2026-03-03 20:35:00,404.86,405.31,404.34,404.67,1011,10,0,0.1
2026-03-03 20:40:00,404.76,405.64,404.38,405.42,1078,9,0,0.09
2026-03-03 20:45:00,405.44,405.92,404.95,405.11,922,10,0,0.1
2026-03-03 20:50:00,405.11,405.52,404.49,404.95,924,9,0,0.09
2026-03-03 20:55:00,404.88,404.97,403.97,404.11,867,9,0,0.09
2026-03-03 21:00:00,404.11,405.37,404.03,405.19,835,10,0,0.1
2026-03-03 21:05:00,405.09,405.96,404.99,405.63,834,9,0,0.09
2026-03-03 21:10:00,405.62,405.72,404.7,404.75,815,10,0,0.1
2026-03-03 21:15:00,404.76,404.82,403.36,403.77,843,9,0,0.09
2026-03-03 21:20:00,403.8,404.1,403.17,403.58,743,10,0,0.1
2026-03-03 21:25:00,403.58,403.8,402.97,403.64,698,9,0,0.09
2026-03-03 21:30:00,403.72,403.82,402.96,403.09,790,9,0,0.09
2026-03-03 21:35:00,403.13,403.56,402.66,403.04,698,9,0,0.09
2026-03-03 21:40:00,403.05,403.9,403.03,403.79,748,9,0,0.09
2026-03-03 21:45:00,403.68,403.92,403.01,403.48,847,9,0,0.09
2026-03-03 21:50:00,403.43,404.12,402.82,404.02,1450,9,0,0.09
2026-03-03 21:55:00,404.05,404.05,403.34,403.73,1520,9,0,0.09
2026-03-04 16:30:00,405.28,405.34,404.29,404.32,997,11,0,0.11
2026-03-04 16:35:00,404.34,405.17,404.06,404.33,966,9,0,0.09
2026-03-04 16:40:00,404.35,404.41,403.06,403.42,1029,9,0,0.09
2026-03-04 16:45:00,403.4,404.07,403.15,403.93,1058,9,0,0.09
2026-03-04 16:50:00,403.95,404.28,403.6,404.08,1073,10,0,0.1
2026-03-04 16:55:00,404.14,405.17,403.89,405.07,730,10,0,0.1
2026-03-04 17:00:00,405.07,405.29,404.72,404.78,727,10,0,0.1
2026-03-04 17:05:00,404.82,405.03,404.05,404.88,743,9,0,0.09
2026-03-04 17:10:00,404.86,405.23,404.19,404.41,728,10,0,0.1
2026-03-04 17:15:00,404.41,405.32,404.1,405.18,908,10,0,0.1
2026-03-04 17:20:00,405.23,405.65,404.76,405.1,875,10,0,0.1
2026-03-04 17:25:00,405.25,405.65,405.0,405.53,752,9,0,0.09
2026-03-04 17:30:00,405.55,405.96,405.49,405.72,692,10,0,0.1
2026-03-04 17:35:00,405.73,406.27,405.46,405.92,733,10,0,0.1
2026-03-04 17:40:00,405.87,406.86,405.72,406.41,737,10,0,0.1
2026-03-04 17:45:00,406.33,406.83,406.24,406.33,555,10,0,0.1
2026-03-04 17:50:00,406.38,406.39,405.39,405.68,595,9,0,0.09
2026-03-04 17:55:00,405.62,405.84,404.96,405.06,422,10,0,0.1
2026-03-04 18:00:00,405.06,405.91,404.64,405.9,539,10,0,0.1
2026-03-04 18:05:00,405.88,407.58,405.83,407.44,670,10,0,0.1
2026-03-04 18:10:00,407.45,408.26,407.1,407.73,704,9,0,0.09
2026-03-04 18:15:00,407.67,408.29,407.09,408.22,588,11,0,0.11
2026-03-04 18:20:00,408.24,408.64,407.65,408.48,759,11,0,0.11
2026-03-04 18:25:00,408.64,408.88,407.12,407.24,598,11,0,0.11
2026-03-04 18:30:00,407.13,408.26,406.79,408.05,600,11,0,0.11
2026-03-04 18:35:00,408.05,408.8,408.04,408.69,604,10,0,0.1
2026-03-04 18:40:00,408.66,409.06,408.07,408.24,526,10,0,0.1
2026-03-04 18:45:00,408.24,408.67,408.05,408.42,447,10,0,0.1
2026-03-04 18:50:00,408.4,408.58,406.29,406.71,597,10,0,0.1
2026-03-04 18:55:00,406.69,408.09,405.95,407.78,490,12,0,0.12
2026-03-04 19:00:00,407.78,409.21,407.78,408.92,474,10,0,0.1
2026-03-04 19:05:00,408.77,409.79,408.77,409.63,533,10,0,0.1
2026-03-04 19:10:00,409.72,410.31,409.25,409.92,485,9,0,0.09
2026-03-04 19:15:00,409.91,410.13,409.55,410.05,488,10,0,0.1
2026-03-04 19:20:00,410.0,410.09,409.41,409.77,619,9,0,0.09
2026-03-04 19:25:00,409.83,410.16,409.6,409.96,489,9,0,0.09
2026-03-04 19:30:00,409.99,410.62,409.99,410.45,502,10,0,0.1
2026-03-04 19:35:00,410.45,410.97,410.16,410.43,536,9,0,0.09
2026-03-04 19:40:00,410.35,410.65,410.02,410.12,448,10,0,0.1
2026-03-04 19:45:00,410.19,410.36,409.85,410.35,456,10,0,0.1
2026-03-04 19:50:00,410.39,410.63,409.87,409.98,357,10,0,0.1
2026-03-04 19:55:00,409.98,409.98,408.95,409.06,448,10,0,0.1
2026-03-04 20:00:00,409.08,409.77,409.06,409.62,416,10,0,0.1
2026-03-04 20:05:00,409.62,410.06,409.51,409.64,432,11,0,0.11
2026-03-04 20:10:00,409.6,409.97,409.26,409.26,361,10,0,0.1
2026-03-04 20:15:00,409.33,409.4,408.82,409.22,324,10,0,0.1
2026-03-04 20:20:00,409.24,409.32,408.89,409.24,333,10,0,0.1
2026-03-04 20:25:00,409.23,409.27,408.59,408.94,441,9,0,0.09
2026-03-04 20:30:00,408.96,409.08,408.75,408.99,340,9,0,0.09
2026-03-04 20:35:00,409.01,409.45,408.86,409.45,387,10,0,0.1
2026-03-04 20:40:00,409.45,409.66,409.24,409.6,401,9,0,0.09
2026-03-04 20:45:00,409.63,409.7,409.27,409.48,429,10,0,0.1
2026-03-04 20:50:00,409.5,409.85,409.44,409.53,376,10,0,0.1
2026-03-04 20:55:00,409.54,409.59,409.09,409.18,407,9,0,0.09
2026-03-04 21:00:00,409.18,409.39,408.96,409.08,358,10,0,0.1
2026-03-04 21:05:00,409.12,409.16,408.09,408.41,458,9,0,0.09
2026-03-04 21:10:00,408.45,408.45,408.06,408.32,486,10,0,0.1
2026-03-04 21:15:00,408.44,408.46,407.59,407.65,558,9,0,0.09
2026-03-04 21:20:00,407.64,408.04,407.35,407.82,565,10,0,0.1
2026-03-04 21:25:00,407.79,408.1,407.47,407.91,545,9,0,0.09
2026-03-04 21:30:00,407.82,408.14,407.15,407.15,590,9,0,0.09
2026-03-04 21:35:00,407.15,407.67,406.78,406.83,597,9,0,0.09
2026-03-04 21:40:00,406.85,407.17,406.79,406.84,466,9,0,0.09
2026-03-04 21:45:00,406.82,407.01,406.37,406.86,554,10,0,0.1
2026-03-04 21:50:00,406.67,407.02,405.95,406.13,1041,9,0,0.09
2026-03-04 21:55:00,406.13,406.13,404.95,405.24,1592,9,0,0.09
2026-03-05 16:30:00,407.27,407.31,405.78,406.2,1015,10,0,0.1
2026-03-05 16:35:00,406.18,407.58,405.85,407.45,858,10,0,0.1
2026-03-05 16:40:00,407.53,408.3,406.95,407.46,892,10,0,0.1
2026-03-05 16:45:00,407.44,408.55,407.29,407.79,860,11,0,0.11
2026-03-05 16:50:00,407.77,408.53,407.75,408.23,797,11,0,0.11
2026-03-05 16:55:00,408.17,408.37,406.58,406.98,804,10,0,0.1
2026-03-05 17:00:00,406.98,407.44,406.69,406.87,766,10,0,0.1
2026-03-05 17:05:00,406.89,407.49,406.27,406.32,830,10,0,0.1
2026-03-05 17:10:00,406.32,406.32,405.42,405.82,750,11,0,0.11
2026-03-05 17:15:00,405.78,406.28,405.49,405.76,771,10,0,0.1
2026-03-05 17:20:00,405.49,407.03,405.49,406.75,633,9,0,0.09
2026-03-05 17:25:00,406.71,407.43,406.5,406.5,730,10,0,0.1
2026-03-05 17:30:00,406.5,407.39,406.34,407.16,652,11,0,0.11
2026-03-05 17:35:00,407.13,409.09,407.13,408.83,843,10,0,0.1
2026-03-05 17:40:00,408.85,409.08,407.68,407.68,737,10,0,0.1
2026-03-05 17:45:00,407.66,408.37,407.56,407.98,796,10,0,0.1
2026-03-05 17:50:00,408.02,408.52,407.93,408.15,640,10,0,0.1
2026-03-05 17:55:00,408.16,410.54,408.16,410.32,684,10,0,0.1
2026-03-05 18:00:00,410.34,411.23,409.77,411.18,743,10,0,0.1
2026-03-05 18:05:00,411.18,411.51,410.57,410.57,889,9,0,0.09
2026-03-05 18:10:00,410.57,411.2,409.86,410.71,742,10,0,0.1
2026-03-05 18:15:00,410.71,410.73,409.14,409.19,668,11,0,0.11
2026-03-05 18:20:00,409.17,409.91,409.04,409.76,743,10,0,0.1
2026-03-05 18:25:00,409.65,410.17,408.95,409.15,837,10,0,0.1
2026-03-05 18:30:00,409.17,409.64,408.66,409.24,684,11,0,0.11
2026-03-05 18:35:00,409.24,410.65,409.23,410.41,946,10,0,0.1
2026-03-05 18:40:00,410.39,411.0,409.45,409.81,864,9,0,0.09
2026-03-05 18:45:00,409.81,409.89,409.0,409.03,856,10,0,0.1
2026-03-05 18:50:00,409.03,410.47,408.82,409.12,891,10,0,0.1
2026-03-05 18:55:00,409.25,409.31,408.3,408.71,891,9,0,0.09
2026-03-05 19:00:00,408.64,409.72,408.07,409.51,816,10,0,0.1
2026-03-05 19:05:00,409.53,410.2,409.01,409.65,668,11,0,0.11
2026-03-05 19:10:00,409.68,410.07,409.02,410.0,702,11,0,0.11
2026-03-05 19:15:00,409.94,410.15,408.22,408.22,710,10,0,0.1
2026-03-05 19:20:00,408.4,409.1,408.24,408.95,838,11,0,0.11
2026-03-05 19:25:00,409.01,409.16,408.06,408.47,622,10,0,0.1
2026-03-05 19:30:00,408.45,408.93,407.85,408.15,646,10,0,0.1
2026-03-05 19:35:00,408.15,408.31,407.51,407.63,652,10,0,0.1
2026-03-05 19:40:00,407.68,409.48,407.63,409.4,748,10,0,0.1
2026-03-05 19:45:00,409.35,409.66,408.52,408.96,697,11,0,0.11
2026-03-05 19:50:00,408.97,409.07,407.66,407.75,690,9,0,0.09
2026-03-05 19:55:00,407.79,408.42,407.74,408.09,637,10,0,0.1
2026-03-05 20:00:00,408.07,408.71,407.7,408.04,733,10,0,0.1
2026-03-05 20:05:00,408.1,408.97,408.0,408.77,672,11,0,0.11
2026-03-05 20:10:00,408.78,409.47,408.46,409.24,582,10,0,0.1
2026-03-05 20:15:00,409.22,409.25,408.13,408.95,689,10,0,0.1
2026-03-05 20:20:00,408.95,409.4,408.54,408.88,659,10,0,0.1
2026-03-05 20:25:00,408.93,409.24,408.54,409.09,675,11,0,0.11
2026-03-05 20:30:00,409.07,409.1,408.02,408.45,712,10,0,0.1
2026-03-05 20:35:00,408.4,408.74,407.7,408.64,700,9,0,0.09
2026-03-05 20:40:00,408.69,409.14,408.55,409.0,727,10,0,0.1
2026-03-05 20:45:00,409.13,409.72,408.81,409.54,699,10,0,0.1
2026-03-05 20:50:00,409.57,409.96,409.1,409.12,710,9,0,0.09
2026-03-05 20:55:00,409.1,409.59,408.67,409.55,740,9,0,0.09
2026-03-05 21:00:00,409.55,410.08,408.56,409.73,927,10,0,0.1
2026-03-05 21:05:00,409.69,410.36,408.97,410.16,540,10,0,0.1
2026-03-05 21:10:00,410.18,410.5,408.86,409.18,565,10,0,0.1
2026-03-05 21:15:00,409.15,409.78,408.74,409.14,649,11,0,0.11
2026-03-05 21:20:00,409.13,409.77,408.95,409.59,673,10,0,0.1
2026-03-05 21:25:00,409.69,410.32,409.58,409.84,619,9,0,0.09
2026-03-05 21:30:00,409.89,410.5,409.58,410.18,653,10,0,0.1
2026-03-05 21:35:00,410.25,410.49,409.81,409.87,794,9,0,0.09
2026-03-05 21:40:00,409.94,410.06,409.27,409.62,936,9,0,0.09
2026-03-05 21:45:00,409.6,410.51,409.0,410.33,865,9,0,0.09
2026-03-05 21:50:00,410.52,411.01,409.66,410.31,729,9,0,0.09
2026-03-05 21:55:00,410.13,410.99,409.84,410.48,972,9,0,0.09
2026-03-06 16:30:00,411.24,412.44,411.22,412.13,916,10,0,0.1
2026-03-06 16:35:00,412.17,412.82,411.75,412.48,1035,9,0,0.09
2026-03-06 16:40:00,412.46,412.48,410.55,411.3,964,9,0,0.09
2026-03-06 16:45:00,411.17,411.55,410.45,410.5,820,11,0,0.11
2026-03-06 16:50:00,410.45,410.56,409.34,409.62,694,9,0,0.09
2026-03-06 16:55:00,409.64,411.39,409.64,411.03,782,11,0,0.11
2026-03-06 17:00:00,411.03,412.78,410.92,412.62,896,10,0,0.1
2026-03-06 17:05:00,412.6,412.65,411.95,411.96,758,11,0,0.11
2026-03-06 17:10:00,411.95,412.35,411.59,412.19,705,11,0,0.11
2026-03-06 17:15:00,412.13,412.74,411.79,412.57,885,10,0,0.1
2026-03-06 17:20:00,412.57,412.67,411.41,412.13,943,11,0,0.11
2026-03-06 17:25:00,412.19,412.24,411.6,411.97,818,10,0,0.1
2026-03-06 17:30:00,411.97,412.13,411.41,411.41,839,10,0,0.1
2026-03-06 17:35:00,411.43,412.46,411.39,412.12,960,10,0,0.1
2026-03-06 17:40:00,412.16,412.23,410.99,410.99,778,10,0,0.1
2026-03-06 17:45:00,411.01,412.32,410.99,412.23,872,9,0,0.09
2026-03-06 17:50:00,412.23,412.8,411.69,411.78,791,10,0,0.1
2026-03-06 17:55:00,411.71,412.1,411.45,411.85,824,10,0,0.1
2026-03-06 18:00:00,411.84,412.57,411.46,412.37,906,9,0,0.09
2026-03-06 18:05:00,412.31,412.45,410.96,411.29,934,10,0,0.1
2026-03-06 18:10:00,411.29,411.49,410.62,410.77,799,9,0,0.09
2026-03-06 18:15:00,410.79,411.03,410.52,410.87,819,10,0,0.1
2026-03-06 18:20:00,410.9,411.35,410.38,410.88,729,9,0,0.09
2026-03-06 18:25:00,410.88,411.01,410.13,410.63,762,10,0,0.1
2026-03-06 18:30:00,410.61,410.79,410.24,410.46,627,10,0,0.1
2026-03-06 18:35:00,410.4,410.5,409.28,409.45,784,9,0,0.09
2026-03-06 18:40:00,409.43,409.82,408.64,409.23,727,10,0,0.1
2026-03-06 18:45:00,409.25,409.97,408.81,409.85,789,9,0,0.09
2026-03-06 18:50:00,409.85,410.14,409.65,409.88,701,10,0,0.1
2026-03-06 18:55:00,409.92,410.09,409.58,409.66,624,10,0,0.1
2026-03-06 19:00:00,409.68,410.28,409.64,409.74,786,9,0,0.09
2026-03-06 19:05:00,409.74,410.08,409.65,409.78,659,9,0,0.09
2026-03-06 19:10:00,409.74,411.0,409.33,410.89,782,9,0,0.09
2026-03-06 19:15:00,410.86,411.07,410.32,410.94,672,9,0,0.09
2026-03-06 19:20:00,410.94,411.09,410.03,410.44,781,10,0,0.1
2026-03-06 19:25:00,410.47,410.49,409.45,409.74,668,10,0,0.1
2026-03-06 19:30:00,409.74,410.35,409.61,410.12,758,10,0,0.1
2026-03-06 19:35:00,410.14,410.23,409.63,409.96,898,10,0,0.1
2026-03-06 19:40:00,409.96,410.5,409.9,410.26,704,9,0,0.09
2026-03-06 19:45:00,410.38,410.63,409.96,410.28,700,10,0,0.1
2026-03-06 19:50:00,410.32,410.37,409.64,409.99,711,10,0,0.1
2026-03-06 19:55:00,409.94,410.08,409.47,409.74,580,10,0,0.1
2026-03-06 20:00:00,409.77,410.09,409.77,409.83,619,10,0,0.1
2026-03-06 20:05:00,409.83,411.09,409.81,410.46,747,10,0,0.1
2026-03-06 20:10:00,410.54,411.27,410.46,411.04,638,9,0,0.09
2026-03-06 20:15:00,410.96,411.2,410.21,410.51,698,9,0,0.09
2026-03-06 20:20:00,410.51,410.8,409.73,409.73,615,10,0,0.1
2026-03-06 20:25:00,409.76,410.46,409.59,409.85,615,10,0,0.1
2026-03-06 20:30:00,409.82,410.44,409.74,410.23,559,9,0,0.09
2026-03-06 20:35:00,410.23,410.36,409.56,409.95,672,9,0,0.09
2026-03-06 20:40:00,409.99,410.7,409.8,409.85,644,10,0,0.1
2026-03-06 20:45:00,409.88,409.91,409.28,409.62,746,9,0,0.09
2026-03-06 20:50:00,409.62,410.17,409.37,410.12,833,10,0,0.1
2026-03-06 20:55:00,410.15,410.54,410.09,410.33,731,9,0,0.09
2026-03-06 21:00:00,410.33,411.51,410.29,411.25,620,9,0,0.09
2026-03-06 21:05:00,411.26,411.38,410.97,411.01,609,9,0,0.09
2026-03-06 21:10:00,410.99,411.2,410.05,410.55,861,10,0,0.1
2026-03-06 21:15:00,410.55,410.92,409.96,410.56,794,9,0,0.09
2026-03-06 21:20:00,410.56,410.7,409.61,409.66,796,10,0,0.1
2026-03-06 21:25:00,409.64,409.96,409.19,409.24,778,9,0,0.09
2026-03-06 21:30:00,409.26,409.62,408.77,409.07,923,9,0,0.09
2026-03-06 21:35:00,408.99,409.38,408.45,409.32,893,9,0,0.09
2026-03-06 21:40:00,409.31,410.07,408.74,409.59,1049,9,0,0.09
2026-03-06 21:45:00,409.68,409.7,409.05,409.17,957,10,0,0.1
2026-03-06 21:50:00,409.2,409.52,408.74,409.33,1153,9,0,0.09
2026-03-06 21:55:00,409.33,409.39,408.55,408.76,1443,9,0,0.09
2026-03-09 16:30:00,408.49,408.94,408.11,408.3,737,11,0,0.11
2026-03-09 16:35:00,408.28,408.78,407.99,408.38,636,10,0,0.1
2026-03-09 16:40:00,408.36,408.85,408.15,408.6,645,11,0,0.11
2026-03-09 16:45:00,408.54,408.85,408.24,408.28,683,11,0,0.11
2026-03-09 16:50:00,408.29,408.33,407.71,408.28,518,10,0,0.1
2026-03-09 16:55:00,408.26,408.4,407.88,408.02,428,10,0,0.1
2026-03-09 17:00:00,408.06,408.56,407.81,408.21,650,9,0,0.09
2026-03-09 17:05:00,408.24,408.55,407.96,408.07,586,10,0,0.1
2026-03-09 17:10:00,408.1,408.2,407.45,407.56,467,9,0,0.09
2026-03-09 17:15:00,407.56,408.0,407.41,407.71,450,10,0,0.1
2026-03-09 17:20:00,407.73,407.86,406.99,407.22,535,10,0,0.1
2026-03-09 17:25:00,407.24,408.22,406.76,406.79,572,10,0,0.1
2026-03-09 17:30:00,406.81,406.97,405.93,406.76,693,11,0,0.11
2026-03-09 17:35:00,406.76,407.22,406.71,407.13,515,10,0,0.1
2026-03-09 17:40:00,407.13,407.71,407.13,407.17,383,9,0,0.09
2026-03-09 17:45:00,407.17,407.52,406.95,407.05,414,9,0,0.09
2026-03-09 17:50:00,407.01,407.24,406.8,407.07,437,9,0,0.09
2026-03-09 17:55:00,407.03,407.73,406.93,407.1,452,9,0,0.09
2026-03-09 18:00:00,407.09,407.11,406.45,406.79,424,10,0,0.1
2026-03-09 18:05:00,406.77,407.09,406.54,406.95,446,10,0,0.1
2026-03-09 18:10:00,406.93,407.14,406.62,406.85,381,9,0,0.09
2026-03-09 18:15:00,406.86,406.96,405.95,405.96,386,10,0,0.1
2026-03-09 18:20:00,405.95,406.07,405.46,405.54,509,9,0,0.09
2026-03-09 18:25:00,405.57,405.62,404.97,405.1,502,10,0,0.1
2026-03-09 18:30:00,405.06,405.23,404.87,404.95,537,10,0,0.1
2026-03-09 18:35:00,404.97,405.26,404.88,405.02,469,10,0,0.1
2026-03-09 18:40:00,404.95,405.06,404.36,404.71,489,10,0,0.1
2026-03-09 18:45:00,404.61,405.23,404.61,404.78,386,10,0,0.1
2026-03-09 18:50:00,404.8,405.24,404.59,405.21,413,9,0,0.09
2026-03-09 18:55:00,405.23,405.23,404.69,404.81,359,10,0,0.1
2026-03-09 19:00:00,404.83,405.38,404.81,405.12,428,10,0,0.1
2026-03-09 19:05:00,405.1,405.42,404.58,404.67,472,8,0,0.08
2026-03-09 19:10:00,404.67,405.14,404.58,404.95,490,9,0,0.09
2026-03-09 19:15:00,405.03,405.28,404.8,405.09,370,10,0,0.1
2026-03-09 19:20:00,405.11,405.33,404.6,405.1,468,10,0,0.1
2026-03-09 19:25:00,405.1,405.18,404.68,404.94,351,10,0,0.1
2026-03-09 19:30:00,404.94,405.92,404.87,405.85,415,9,0,0.09
2026-03-09 19:35:00,405.84,405.86,405.2,405.41,458,9,0,0.09
2026-03-09 19:40:00,405.4,405.44,405.16,405.25,368,10,0,0.1
2026-03-09 19:45:00,405.25,405.58,405.19,405.4,372,9,0,0.09
2026-03-09 19:50:00,405.42,405.52,405.16,405.49,369,9,0,0.09
2026-03-09 19:55:00,405.44,405.45,404.75,404.9,400,9,0,0.09
2026-03-09 20:00:00,404.89,405.12,404.69,404.77,373,9,0,0.09
2026-03-09 20:05:00,404.73,404.91,404.34,404.88,391,10,0,0.1
2026-03-09 20:10:00,404.88,405.08,404.56,404.76,347,10,0,0.1
2026-03-09 20:15:00,404.82,406.58,404.58,406.28,753,9,0,0.09
2026-03-09 20:20:00,406.26,407.52,406.11,406.76,1011,10,0,0.1
2026-03-09 20:25:00,406.76,407.8,406.34,407.8,715,12,0,0.12
2026-03-09 20:30:00,407.8,408.71,406.48,408.69,680,11,0,0.11
2026-03-09 20:35:00,408.67,409.5,408.0,409.49,852,11,0,0.11
2026-03-09 20:40:00,409.49,409.49,407.95,408.68,854,11,0,0.11
2026-03-09 20:45:00,408.57,409.17,408.25,408.84,964,10,0,0.1
2026-03-09 20:50:00,408.73,409.43,408.58,409.0,1189,10,0,0.1
2026-03-09 20:55:00,408.91,410.15,408.77,409.28,1322,9,0,0.09
2026-03-10 16:30:00,405.92,405.98,405.35,405.57,446,10,0,0.1
2026-03-10 16:35:00,405.57,405.98,405.11,405.88,432,10,0,0.1
2026-03-10 16:40:00,405.94,406.77,405.82,406.16,563,11,0,0.11
2026-03-10 16:45:00,406.25,406.59,405.89,405.97,505,10,0,0.1
2026-03-10 16:50:00,406.02,406.26,405.83,406.07,428,11,0,0.11
2026-03-10 16:55:00,406.07,406.62,405.95,406.41,375,10,0,0.1
2026-03-10 17:00:00,406.39,406.68,406.17,406.37,394,9,0,0.09
2026-03-10 17:05:00,406.37,406.37,405.34,405.5,522,10,0,0.1
2026-03-10 17:10:00,405.58,405.87,405.15,405.72,538,10,0,0.1
2026-03-10 17:15:00,405.72,406.21,405.58,405.97,414,11,0,0.11
2026-03-10 17:20:00,406.05,406.46,405.39,406.44,442,11,0,0.11
2026-03-10 17:25:00,406.35,407.32,406.35,407.16,414,11,0,0.11
2026-03-10 17:30:00,407.2,407.78,406.99,407.55,459,10,0,0.1
2026-03-10 17:35:00,407.53,407.83,407.29,407.77,478,9,0,0.09
2026-03-10 17:40:00,407.77,407.79,407.28,407.45,432,10,0,0.1
2026-03-10 17:45:00,407.53,407.59,406.2,406.29,481,10,0,0.1
2026-03-10 17:50:00,406.29,406.99,406.2,406.75,444,11,0,0.11
2026-03-10 17:55:00,406.81,406.81,405.95,405.97,386,10,0,0.1
2026-03-10 18:00:00,405.97,406.51,405.75,406.35,454,10,0,0.1
2026-03-10 18:05:00,406.37,406.56,406.0,406.41,441,9,0,0.09
2026-03-10 18:10:00,406.38,406.48,405.76,405.91,460,10,0,0.1
2026-03-10 18:15:00,405.91,406.6,405.8,406.52,407,10,0,0.1
2026-03-10 18:20:00,406.52,406.55,405.96,406.17,399,10,0,0.1
2026-03-10 18:25:00,406.15,406.49,405.98,406.27,322,10,0,0.1
2026-03-10 18:30:00,406.27,406.31,405.2,405.2,504,9,0,0.09
2026-03-10 18:35:00,405.34,405.43,404.55,404.98,649,10,0,0.1
2026-03-10 18:40:00,405.0,405.52,404.88,405.21,573,10,0,0.1
2026-03-10 18:45:00,405.23,405.74,405.13,405.35,460,9,0,0.09
2026-03-10 18:50:00,405.35,405.88,405.25,405.73,407,10,0,0.1
2026-03-10 18:55:00,405.8,406.05,405.6,405.78,328,9,0,0.09
2026-03-10 19:00:00,405.78,406.06,405.41,405.9,462,9,0,0.09
2026-03-10 19:05:00,405.9,406.05,405.43,405.57,403,10,0,0.1
2026-03-10 19:10:00,405.57,406.03,404.3,404.34,669,10,0,0.1
2026-03-10 19:15:00,404.37,405.06,404.05,404.36,990,11,0,0.11
2026-03-10 19:20:00,404.24,405.33,404.05,404.95,1034,12,0,0.12
2026-03-10 19:25:00,404.97,405.85,404.81,405.52,754,11,0,0.11
2026-03-10 19:30:00,405.56,405.87,404.89,405.09,786,11,0,0.11
2026-03-10 19:35:00,405.09,405.38,404.51,404.79,811,11,0,0.11
2026-03-10 19:40:00,404.75,405.17,404.27,404.55,676,10,0,0.1
2026-03-10 19:45:00,404.53,404.92,404.39,404.47,763,10,0,0.1
2026-03-10 19:50:00,404.48,405.05,404.38,404.64,699,10,0,0.1
2026-03-10 19:55:00,404.63,404.97,404.19,404.52,565,10,0,0.1
2026-03-10 20:00:00,404.52,404.57,403.8,403.95,587,9,0,0.09
2026-03-10 20:05:00,403.95,404.62,403.95,404.38,567,10,0,0.1
2026-03-10 20:10:00,404.38,404.66,404.1,404.59,510,10,0,0.1
2026-03-10 20:15:00,404.61,404.61,404.23,404.39,605,10,0,0.1
2026-03-10 20:20:00,404.36,404.78,403.83,404.48,810,9,0,0.09
2026-03-10 20:25:00,404.52,405.11,404.01,404.65,570,10,0,0.1
2026-03-10 20:30:00,404.65,404.77,404.19,404.37,587,10,0,0.1
2026-03-10 20:35:00,404.39,404.72,404.27,404.47,627,9,0,0.09
2026-03-10 20:40:00,404.5,405.01,404.19,404.72,818,10,0,0.1
2026-03-10 20:45:00,404.72,405.08,404.51,404.8,634,10,0,0.1
2026-03-10 20:50:00,404.79,405.47,404.28,405.29,937,9,0,0.09
2026-03-10 20:55:00,405.29,405.87,405.25,405.58,1285,9,0,0.09
2026-03-11 15:30:00,404.35,404.9,403.16,403.62,1020,10,0,0.1
2026-03-11 15:35:00,403.62,404.51,403.55,403.94,862,10,0,0.1
2026-03-11 15:40:00,403.96,404.93,403.71,404.6,703,9,0,0.09
2026-03-11 15:45:00,404.6,404.61,403.66,404.13,611,10,0,0.1
2026-03-11 15:50:00,404.11,404.44,403.99,404.24,574,9,0,0.09
2026-03-11 15:55:00,404.26,404.51,403.75,404.18,634,10,0,0.1
2026-03-11 16:00:00,404.18,404.52,403.48,403.99,907,10,0,0.1
2026-03-11 16:05:00,404.01,404.03,403.19,403.26,760,10,0,0.1
2026-03-11 16:10:00,403.25,403.33,401.45,401.79,1046,9,0,0.09
2026-03-11 16:15:00,401.85,402.45,401.55,402.4,787,11,0,0.11
2026-03-11 16:20:00,402.38,403.12,402.3,403.07,667,9,0,0.09
2026-03-11 16:25:00,403.07,403.35,402.66,402.78,590,10,0,0.1
2026-03-11 16:30:00,402.71,403.37,402.28,403.2,779,10,0,0.1
2026-03-11 16:35:00,403.28,403.51,402.45,402.61,693,9,0,0.09
2026-03-11 16:40:00,402.61,403.12,402.45,402.59,677,10,0,0.1
2026-03-11 16:45:00,402.61,402.95,402.06,402.45,559,10,0,0.1
2026-03-11 16:50:00,402.49,403.34,402.49,403.24,580,10,0,0.1
2026-03-11 16:55:00,403.24,403.4,402.81,402.93,515,10,0,0.1
2026-03-11 17:00:00,403.0,403.0,402.02,402.04,626,10,0,0.1
2026-03-11 17:05:00,401.87,402.77,401.83,402.53,470,10,0,0.1
2026-03-11 17:10:00,402.55,403.11,402.33,403.1,514,10,0,0.1
2026-03-11 17:15:00,403.1,403.23,402.55,402.55,596,10,0,0.1
2026-03-11 17:20:00,402.58,403.08,402.38,403.01,604,10,0,0.1
2026-03-11 17:25:00,402.98,403.26,402.58,403.15,516,10,0,0.1
2026-03-11 17:30:00,403.17,403.75,403.13,403.54,538,10,0,0.1
2026-03-11 17:35:00,403.5,403.65,403.12,403.32,453,10,0,0.1
2026-03-11 17:40:00,403.32,403.69,403.15,403.29,472,9,0,0.09
2026-03-11 17:45:00,403.25,403.69,402.9,403.27,463,10,0,0.1
2026-03-11 17:50:00,403.27,403.71,403.24,403.54,439,10,0,0.1
2026-03-11 17:55:00,403.58,403.93,403.48,403.73,426,10,0,0.1
2026-03-11 18:00:00,403.7,404.08,403.62,403.84,452,10,0,0.1
2026-03-11 18:05:00,403.82,404.12,403.79,404.03,445,9,0,0.09
2026-03-11 18:10:00,404.05,404.06,403.62,403.94,468,10,0,0.1
2026-03-11 18:15:00,403.96,404.04,403.48,403.52,396,10,0,0.1
2026-03-11 18:20:00,403.56,404.17,403.48,404.17,397,9,0,0.09
2026-03-11 18:25:00,404.16,404.41,404.02,404.17,379,9,0,0.09
2026-03-11 18:30:00,404.2,404.32,403.88,404.08,356,10,0,0.1
2026-03-11 18:35:00,404.08,404.31,402.02,402.69,1169,9,0,0.09
2026-03-11 18:40:00,402.69,402.96,402.32,402.74,751,10,0,0.1
2026-03-11 18:45:00,402.74,403.32,402.61,403.32,559,10,0,0.1
2026-03-11 18:50:00,403.32,403.95,403.32,403.41,408,9,0,0.09
2026-03-11 18:55:00,403.37,403.61,403.07,403.45,440,11,0,0.11
2026-03-11 19:00:00,403.43,403.67,403.15,403.62,377,10,0,0.1
2026-03-11 19:05:00,403.6,403.69,402.85,402.89,362,10,0,0.1
2026-03-11 19:10:00,402.89,403.44,402.73,403.42,573,10,0,0.1
2026-03-11 19:15:00,403.4,403.65,403.13,403.4,341,10,0,0.1
2026-03-11 19:20:00,403.4,403.78,403.28,403.58,352,10,0,0.1
2026-03-11 19:25:00,403.54,403.85,403.37,403.55,420,9,0,0.09
2026-03-11 19:30:00,403.57,404.0,403.53,403.98,360,9,0,0.09
2026-03-11 19:35:00,403.97,404.02,403.67,403.7,352,10,0,0.1
2026-03-11 19:40:00,403.68,403.79,403.45,403.61,354,10,0,0.1
2026-03-11 19:45:00,403.55,403.64,403.17,403.3,336,10,0,0.1
2026-03-11 19:50:00,403.36,404.05,403.3,403.98,452,10,0,0.1
2026-03-11 19:55:00,404.02,404.34,403.98,404.19,509,9,0,0.09
2026-03-11 20:00:00,404.17,404.43,403.63,403.71,464,9,0,0.09
2026-03-11 20:05:00,403.73,404.15,403.68,403.92,370,10,0,0.1
2026-03-11 20:10:00,404.0,404.04,403.61,403.65,360,10,0,0.1
2026-03-11 20:15:00,403.65,403.83,403.5,403.71,420,9,0,0.09
2026-03-11 20:20:00,403.69,403.84,403.26,403.57,364,9,0,0.09
2026-03-11 20:25:00,403.56,403.82,403.47,403.67,368,9,0,0.09
2026-03-11 20:30:00,403.67,404.35,403.67,404.19,471,9,0,0.09
2026-03-11 20:35:00,404.19,404.43,403.97,404.18,400,9,0,0.09
2026-03-11 20:40:00,404.23,404.44,404.12,404.35,367,9,0,0.09
2026-03-11 20:45:00,404.35,404.45,404.07,404.17,405,9,0,0.09
2026-03-11 20:50:00,404.19,404.73,403.97,404.65,642,9,0,0.09
2026-03-11 20:55:00,404.63,405.1,404.54,404.66,1039,9,0,0.09
2026-03-12 15:30:00,403.26,403.66,402.75,403.28,742,9,0,0.09
2026-03-12 15:35:00,403.28,403.81,402.85,403.38,790,11,0,0.11
2026-03-12 15:40:00,403.41,404.61,402.99,404.52,684,11,0,0.11
2026-03-12 15:45:00,404.5,405.75,404.44,404.89,1066,11,0,0.11
2026-03-12 15:50:00,404.83,405.62,404.35,405.37,837,10,0,0.1
2026-03-12 15:55:00,405.35,405.6,404.82,405.01,691,10,0,0.1
2026-03-12 16:00:00,405.07,405.4,403.96,404.21,794,10,0,0.1
2026-03-12 16:05:00,404.38,404.45,403.82,403.91,542,10,0,0.1
2026-03-12 16:10:00,403.83,404.05,402.62,402.87,645,10,0,0.1
2026-03-12 16:15:00,402.85,403.26,402.3,403.02,635,10,0,0.1
2026-03-12 16:20:00,403.0,404.0,403.0,403.4,605,9,0,0.09
2026-03-12 16:25:00,403.4,403.92,403.23,403.55,507,10,0,0.1
2026-03-12 16:30:00,403.58,403.89,403.23,403.53,519,11,0,0.11
2026-03-12 16:35:00,403.43,404.23,402.85,404.14,601,10,0,0.1
2026-03-12 16:40:00,404.17,404.26,403.28,403.82,907,10,0,0.1
2026-03-12 16:45:00,403.84,403.89,402.84,403.45,800,11,0,0.11
2026-03-12 16:50:00,403.45,404.07,403.2,403.94,676,10,0,0.1
2026-03-12 16:55:00,403.92,404.04,403.62,403.75,481,11,0,0.11
2026-03-12 17:00:00,403.78,403.93,403.3,403.89,571,10,0,0.1
2026-03-12 17:05:00,403.87,404.15,402.61,402.78,678,11,0,0.11
2026-03-12 17:10:00,402.86,403.81,402.61,403.75,533,10,0,0.1
2026-03-12 17:15:00,403.77,404.25,403.68,404.19,562,10,0,0.1
2026-03-12 17:20:00,404.28,405.17,404.19,404.89,635,10,0,0.1
2026-03-12 17:25:00,404.9,405.05,404.4,404.87,814,9,0,0.09
2026-03-12 17:30:00,404.76,405.72,404.5,405.32,768,10,0,0.1
2026-03-12 17:35:00,405.41,406.01,405.07,405.86,709,9,0,0.09
2026-03-12 17:40:00,405.87,405.88,404.93,405.15,659,9,0,0.09
2026-03-12 17:45:00,405.15,405.38,403.98,405.0,481,9,0,0.09
2026-03-12 17:50:00,405.02,405.19,404.41,404.74,480,9,0,0.09
2026-03-12 17:55:00,404.67,405.03,404.48,404.89,439,10,0,0.1
2026-03-12 18:00:00,404.92,405.83,404.79,405.83,512,10,0,0.1
2026-03-12 18:05:00,405.8,406.03,404.96,404.99,610,9,0,0.09
2026-03-12 18:10:00,404.99,405.23,404.75,404.78,417,9,0,0.09
2026-03-12 18:15:00,404.76,405.02,404.02,404.12,472,10,0,0.1
2026-03-12 18:20:00,404.11,404.8,403.98,404.21,544,10,0,0.1
2026-03-12 18:25:00,404.49,404.67,403.95,404.24,436,10,0,0.1
2026-03-12 18:30:00,404.23,404.73,404.23,404.42,521,10,0,0.1
2026-03-12 18:35:00,404.48,404.77,404.2,404.51,432,9,0,0.09
2026-03-12 18:40:00,404.5,404.72,404.04,404.16,459,10,0,0.1
2026-03-12 18:45:00,404.25,404.52,403.9,403.99,497,9,0,0.09
2026-03-12 18:50:00,403.99,404.21,403.49,403.59,447,9,0,0.09
2026-03-12 18:55:00,403.59,403.74,402.98,403.66,525,10,0,0.1
2026-03-12 19:00:00,403.65,404.01,403.49,403.79,450,10,0,0.1
2026-03-12 19:05:00,403.79,403.86,402.95,403.22,454,11,0,0.11
2026-03-12 19:10:00,403.22,403.38,403.0,403.27,442,10,0,0.1
2026-03-12 19:15:00,403.32,403.63,403.05,403.06,365,10,0,0.1
2026-03-12 19:20:00,403.06,403.68,403.0,403.08,475,11,0,0.11
2026-03-12 19:25:00,403.04,403.28,402.55,402.97,422,9,0,0.09
2026-03-12 19:30:00,402.97,403.18,402.73,402.74,466,10,0,0.1
2026-03-12 19:35:00,402.86,402.97,402.55,402.77,410,9,0,0.09
2026-03-12 19:40:00,402.79,402.95,402.56,402.68,406,9,0,0.09
2026-03-12 19:45:00,402.69,402.93,402.47,402.87,480,9,0,0.09
2026-03-12 19:50:00,402.87,403.57,402.81,403.22,505,9,0,0.09
2026-03-12 19:55:00,403.22,403.34,402.83,403.17,471,9,0,0.09
2026-03-12 20:00:00,403.09,403.66,403.01,403.18,527,11,0,0.11
2026-03-12 20:05:00,403.17,403.6,402.87,403.47,554,10,0,0.1
2026-03-12 20:10:00,403.49,403.62,402.77,402.93,462,10,0,0.1
2026-03-12 20:15:00,402.94,403.56,402.82,403.38,399,10,0,0.1
2026-03-12 20:20:00,403.36,404.03,403.3,403.7,493,9,0,0.09
2026-03-12 20:25:00,403.68,403.87,403.43,403.58,573,9,0,0.09
2026-03-12 20:30:00,403.6,403.91,403.5,403.63,502,9,0,0.09
2026-03-12 20:35:00,403.61,403.75,403.0,403.4,473,10,0,0.1
2026-03-12 20:40:00,403.41,403.46,402.86,403.02,615,9,0,0.09
2026-03-12 20:45:00,403.02,403.03,402.56,402.73,589,9,0,0.09
2026-03-12 20:50:00,402.65,402.95,402.08,402.24,829,9,0,0.09
2026-03-12 20:55:00,402.24,402.67,401.62,401.81,1190,9,0,0.09
2026-03-13 15:30:00,400.89,402.45,400.89,401.84,891,9,0,0.09
2026-03-13 15:35:00,401.82,402.29,401.2,401.69,850,10,0,0.1
2026-03-13 15:40:00,401.8,401.95,401.05,401.19,729,9,0,0.09
2026-03-13 15:45:00,401.19,401.19,399.97,400.36,776,11,0,0.11
2026-03-13 15:50:00,400.46,400.79,399.57,399.57,709,11,0,0.11
2026-03-13 15:55:00,399.57,399.77,398.73,398.82,859,10,0,0.1
2026-03-13 16:00:00,398.73,399.1,397.97,398.08,1035,10,0,0.1
2026-03-13 16:05:00,398.04,398.43,397.75,398.23,865,11,0,0.11
2026-03-13 16:10:00,398.23,399.04,398.15,398.79,823,10,0,0.1
2026-03-13 16:15:00,398.81,398.94,398.45,398.48,644,11,0,0.11
2026-03-13 16:20:00,398.46,398.83,397.65,397.67,563,10,0,0.1
2026-03-13 16:25:00,397.67,397.83,397.45,397.74,626,9,0,0.09
2026-03-13 16:30:00,397.76,398.09,397.45,397.71,635,10,0,0.1
2026-03-13 16:35:00,397.71,397.87,396.85,397.38,698,10,0,0.1
2026-03-13 16:40:00,397.38,397.42,396.17,396.31,582,10,0,0.1
2026-03-13 16:45:00,396.37,396.95,395.76,396.41,735,10,0,0.1
2026-03-13 16:50:00,396.45,396.5,395.75,395.93,751,11,0,0.11
2026-03-13 16:55:00,395.94,396.06,395.29,395.43,781,10,0,0.1
2026-03-13 17:00:00,395.43,396.26,395.35,395.84,802,9,0,0.09
2026-03-13 17:05:00,395.86,396.11,395.75,395.8,611,9,0,0.09
2026-03-13 17:10:00,395.8,396.33,395.55,396.06,648,9,0,0.09
2026-03-13 17:15:00,396.06,396.3,395.6,395.9,610,10,0,0.1
2026-03-13 17:20:00,395.88,396.72,395.87,396.35,639,10,0,0.1
2026-03-13 17:25:00,396.41,396.72,396.08,396.35,539,10,0,0.1
2026-03-13 17:30:00,396.37,396.65,395.88,396.1,595,10,0,0.1
2026-03-13 17:35:00,396.1,396.53,395.75,395.9,599,9,0,0.09
2026-03-13 17:40:00,395.9,396.06,395.48,395.65,650,9,0,0.09
2026-03-13 17:45:00,395.64,395.94,395.1,395.76,520,9,0,0.09
2026-03-13 17:50:00,395.74,396.43,395.66,396.05,519,10,0,0.1
2026-03-13 17:55:00,396.1,396.13,394.88,394.99,582,9,0,0.09
2026-03-13 18:00:00,395.02,395.48,394.95,395.35,581,10,0,0.1
2026-03-13 18:05:00,395.37,395.65,395.11,395.56,491,10,0,0.1
2026-03-13 18:10:00,395.56,395.96,395.17,395.95,430,10,0,0.1
2026-03-13 18:15:00,395.96,396.43,395.82,396.2,548,9,0,0.09
2026-03-13 18:20:00,396.23,396.46,395.61,396.18,412,10,0,0.1
2026-03-13 18:25:00,396.24,396.72,396.18,396.47,444,9,0,0.09
2026-03-13 18:30:00,396.5,396.71,396.04,396.5,448,10,0,0.1
2026-03-13 18:35:00,396.52,396.58,396.1,396.41,415,9,0,0.09
2026-03-13 18:40:00,396.47,396.56,396.02,396.34,519,10,0,0.1
2026-03-13 18:45:00,396.31,396.39,395.32,395.34,483,10,0,0.1
2026-03-13 18:50:00,395.35,395.84,395.06,395.75,495,9,0,0.09
2026-03-13 18:55:00,395.75,396.52,395.66,396.45,529,9,0,0.09
2026-03-13 19:00:00,396.53,397.32,396.39,397.02,580,10,0,0.1
2026-03-13 19:05:00,397.02,397.17,396.07,396.72,536,9,0,0.09
2026-03-13 19:10:00,396.77,397.02,396.51,396.79,414,10,0,0.1
2026-03-13 19:15:00,396.8,396.85,395.82,396.0,554,10,0,0.1
2026-03-13 19:20:00,396.02,396.22,395.45,395.45,428,10,0,0.1
2026-03-13 19:25:00,395.51,395.99,395.46,395.94,423,10,0,0.1
2026-03-13 19:30:00,395.86,396.43,395.75,396.19,406,10,0,0.1
2026-03-13 19:35:00,396.26,396.51,396.17,396.31,357,10,0,0.1
2026-03-13 19:40:00,396.32,396.38,395.55,395.75,460,10,0,0.1
2026-03-13 19:45:00,395.77,395.87,395.55,395.73,476,10,0,0.1
2026-03-13 19:50:00,395.73,396.2,395.55,396.04,524,10,0,0.1
2026-03-13 19:55:00,396.04,396.04,395.61,395.72,331,10,0,0.1
2026-03-13 20:00:00,395.7,395.77,395.15,395.29,410,9,0,0.09
2026-03-13 20:05:00,395.23,395.36,394.88,395.2,457,9,0,0.09
2026-03-13 20:10:00,395.21,395.31,394.99,395.14,370,9,0,0.09
2026-03-13 20:15:00,395.23,395.62,395.09,395.21,416,9,0,0.09
2026-03-13 20:20:00,395.21,395.22,394.65,394.88,520,9,0,0.09
2026-03-13 20:25:00,394.82,394.96,394.45,394.47,514,9,0,0.09
2026-03-13 20:30:00,394.47,395.14,394.46,394.95,592,9,0,0.09
2026-03-13 20:35:00,394.97,395.04,394.67,394.83,498,9,0,0.09
2026-03-13 20:40:00,394.86,394.93,394.62,394.77,537,9,0,0.09
2026-03-13 20:45:00,394.79,395.13,394.3,394.82,762,9,0,0.09
2026-03-13 20:50:00,394.82,395.63,394.19,394.94,991,9,0,0.09
2026-03-13 20:55:00,394.95,395.71,394.74,395.35,1270,9,0,0.09
2026-03-16 15:30:00,397.25,397.48,396.75,397.09,732,9,0,0.09
2026-03-16 15:35:00,396.99,397.71,396.45,396.94,740,10,0,0.1
2026-03-16 15:40:00,396.89,397.49,396.74,397.17,644,10,0,0.1
2026-03-16 15:45:00,397.13,397.63,396.75,396.77,759,10,0,0.1
2026-03-16 15:50:00,396.82,397.15,396.07,397.09,778,9,0,0.09
2026-03-16 15:55:00,397.09,397.68,396.85,397.66,652,9,0,0.09
2026-03-16 16:00:00,397.66,397.95,396.55,396.55,617,11,0,0.11
2026-03-16 16:05:00,396.57,397.1,396.18,397.06,627,10,0,0.1
2026-03-16 16:10:00,397.04,397.62,396.58,397.58,546,9,0,0.09
2026-03-16 16:15:00,397.51,397.57,397.09,397.37,543,10,0,0.1
2026-03-16 16:20:00,397.29,397.97,397.26,397.81,475,9,0,0.09
2026-03-16 16:25:00,397.71,397.89,397.27,397.63,460,9,0,0.09
2026-03-16 16:30:00,397.61,398.3,397.56,398.13,481,10,0,0.1
2026-03-16 16:35:00,398.17,398.52,398.09,398.12,452,10,0,0.1
2026-03-16 16:40:00,398.11,398.32,397.97,398.19,476,10,0,0.1
2026-03-16 16:45:00,398.17,398.39,398.06,398.29,419,10,0,0.1
2026-03-16 16:50:00,398.29,398.61,397.95,398.5,632,9,0,0.09
2026-03-16 16:55:00,398.47,398.6,397.99,398.19,643,11,0,0.11
2026-03-16 17:00:00,398.19,398.71,398.1,398.19,544,9,0,0.09
2026-03-16 17:05:00,398.17,398.71,398.15,398.53,638,10,0,0.1
2026-03-16 17:10:00,398.58,399.22,398.54,399.14,474,10,0,0.1
2026-03-16 17:15:00,399.14,399.52,399.04,399.12,571,10,0,0.1
2026-03-16 17:20:00,399.12,399.14,398.11,398.15,683,11,0,0.11
2026-03-16 17:25:00,398.16,398.16,397.76,397.84,586,10,0,0.1
2026-03-16 17:30:00,397.82,398.25,397.56,398.16,598,10,0,0.1
2026-03-16 17:35:00,398.14,398.66,398.14,398.66,463,10,0,0.1
2026-03-16 17:40:00,398.64,399.25,398.52,399.05,495,10,0,0.1
2026-03-16 17:45:00,399.04,399.15,398.79,398.97,528,10,0,0.1
2026-03-16 17:50:00,398.97,399.38,398.9,399.04,509,11,0,0.11
2026-03-16 17:55:00,399.04,399.24,398.79,398.92,582,9,0,0.09
2026-03-16 18:00:00,398.92,399.43,398.73,398.73,754,9,0,0.09
2026-03-16 18:05:00,398.75,399.22,398.73,398.91,493,10,0,0.1
2026-03-16 18:10:00,398.9,399.23,398.87,399.18,535,9,0,0.09
2026-03-16 18:15:00,399.2,399.26,398.93,398.98,536,10,0,0.1
2026-03-16 18:20:00,398.99,399.23,398.98,399.08,453,9,0,0.09
2026-03-16 18:25:00,399.13,399.37,398.67,398.76,471,10,0,0.1
2026-03-16 18:30:00,398.74,398.76,398.27,398.47,464,10,0,0.1
2026-03-16 18:35:00,398.49,398.78,398.38,398.52,495,9,0,0.09
2026-03-16 18:40:00,398.52,398.66,398.37,398.41,451,10,0,0.1
2026-03-16 18:45:00,398.43,398.69,397.77,397.96,471,9,0,0.09
2026-03-16 18:50:00,398.0,398.16,397.6,398.11,427,9,0,0.09
2026-03-16 18:55:00,398.09,398.41,398.01,398.17,399,10,0,0.1
2026-03-16 19:00:00,398.17,398.75,398.06,398.75,413,9,0,0.09
2026-03-16 19:05:00,398.65,399.04,398.55,398.96,517,10,0,0.1
2026-03-16 19:10:00,398.94,399.13,398.71,399.0,420,10,0,0.1
2026-03-16 19:15:00,398.95,399.43,398.95,399.26,429,10,0,0.1
2026-03-16 19:20:00,399.26,399.26,398.87,399.02,350,9,0,0.09
2026-03-16 19:25:00,399.0,399.19,398.79,398.86,435,9,0,0.09
2026-03-16 19:30:00,398.86,399.61,398.63,399.37,467,9,0,0.09
2026-03-16 19:35:00,399.35,400.52,399.21,400.38,478,9,0,0.09
2026-03-16 19:40:00,400.28,400.38,399.85,400.38,442,10,0,0.1
2026-03-16 19:45:00,400.31,400.4,399.95,400.04,442,9,0,0.09
2026-03-16 19:50:00,400.04,400.15,399.81,399.96,351,9,0,0.09
2026-03-16 19:55:00,399.98,400.09,399.85,400.06,357,9,0,0.09
2026-03-16 20:00:00,400.09,400.16,399.55,399.64,467,10,0,0.1
2026-03-16 20:05:00,399.64,399.97,399.28,399.94,630,9,0,0.09
2026-03-16 20:10:00,399.95,400.17,399.19,399.74,1091,9,0,0.09
2026-03-16 20:15:00,399.76,400.18,399.12,399.24,653,10,0,0.1
2026-03-16 20:20:00,399.15,399.48,398.87,399.05,696,10,0,0.1
2026-03-16 20:25:00,399.05,399.9,398.91,399.77,674,10,0,0.1
2026-03-16 20:30:00,399.72,399.99,399.34,399.34,781,10,0,0.1
2026-03-16 20:35:00,399.36,399.4,399.06,399.08,500,10,0,0.1
2026-03-16 20:40:00,399.08,399.2,398.69,398.98,493,9,0,0.09
2026-03-16 20:45:00,399.0,399.58,398.98,399.52,867,9,0,0.09
2026-03-16 20:50:00,399.26,399.76,399.01,399.24,1020,9,0,0.09
2026-03-16 20:55:00,399.26,399.92,398.95,399.84,1272,9,0,0.09
2026-03-17 15:30:00,400.29,400.47,399.95,400.25,667,10,0,0.1
2026-03-17 15:35:00,400.2,400.43,399.03,399.3,700,10,0,0.1
2026-03-17 15:40:00,399.31,399.6,399.05,399.51,593,9,0,0.09
2026-03-17 15:45:00,399.51,399.6,399.18,399.29,614,9,0,0.09
2026-03-17 15:50:00,399.34,399.93,399.14,399.63,716,9,0,0.09
2026-03-17 15:55:00,399.63,400.11,399.61,399.77,525,9,0,0.09
2026-03-17 16:00:00,399.77,400.16,398.85,398.95,665,9,0,0.09
2026-03-17 16:05:00,398.93,399.14,398.36,398.62,590,10,0,0.1
2026-03-17 16:10:00,398.62,399.01,398.58,398.58,657,9,0,0.09
2026-03-17 16:15:00,398.6,399.33,398.58,399.25,653,9,0,0.09
2026-03-17 16:20:00,399.25,399.42,398.75,398.86,652,10,0,0.1
2026-03-17 16:25:00,398.8,399.62,398.8,399.0,645,9,0,0.09
2026-03-17 16:30:00,399.0,399.51,398.18,398.23,579,9,0,0.09
2026-03-17 16:35:00,398.2,398.5,397.66,397.95,676,9,0,0.09
2026-03-17 16:40:00,397.9,398.59,397.87,398.57,631,10,0,0.1
2026-03-17 16:45:00,398.43,398.7,398.25,398.27,693,9,0,0.09
2026-03-17 16:50:00,398.3,399.1,398.3,399.02,575,9,0,0.09
2026-03-17 16:55:00,399.01,399.09,398.68,398.77,556,9,0,0.09
2026-03-17 17:00:00,398.77,398.92,398.21,398.47,603,10,0,0.1
2026-03-17 17:05:00,398.49,398.76,398.12,398.41,795,10,0,0.1
2026-03-17 17:10:00,398.39,398.67,398.03,398.04,612,10,0,0.1
2026-03-17 17:15:00,398.03,398.77,398.03,398.76,650,9,0,0.09
2026-03-17 17:20:00,398.85,399.05,398.69,398.79,464,9,0,0.09
2026-03-17 17:25:00,398.73,398.8,398.35,398.44,524,10,0,0.1
2026-03-17 17:30:00,398.44,398.9,398.42,398.85,665,9,0,0.09
2026-03-17 17:35:00,398.84,399.19,398.57,398.8,543,10,0,0.1
2026-03-17 17:40:00,398.8,399.92,398.76,399.88,569,9,0,0.09
2026-03-17 17:45:00,399.82,399.94,399.44,399.83,556,10,0,0.1
2026-03-17 17:50:00,399.81,399.85,399.23,399.61,472,9,0,0.09
2026-03-17 17:55:00,399.61,399.68,399.3,399.6,429,10,0,0.1
2026-03-17 18:00:00,399.58,400.28,399.48,399.94,438,10,0,0.1
2026-03-17 18:05:00,399.92,400.15,399.69,399.69,464,10,0,0.1
2026-03-17 18:10:00,399.72,399.87,399.46,399.66,618,10,0,0.1
2026-03-17 18:15:00,399.62,399.66,399.11,399.26,445,10,0,0.1
2026-03-17 18:20:00,399.24,399.66,399.17,399.58,401,9,0,0.09
2026-03-17 18:25:00,399.68,399.84,399.46,399.7,352,9,0,0.09
2026-03-17 18:30:00,399.68,399.8,399.38,399.52,438,10,0,0.1
2026-03-17 18:35:00,399.54,399.9,399.45,399.76,424,10,0,0.1
2026-03-17 18:40:00,399.74,399.82,399.21,399.23,382,10,0,0.1
2026-03-17 18:45:00,399.22,399.35,398.76,399.06,447,10,0,0.1
2026-03-17 18:50:00,399.04,399.45,398.96,399.3,477,11,0,0.11
2026-03-17 18:55:00,399.33,399.43,399.21,399.26,336,9,0,0.09
2026-03-17 19:00:00,399.27,399.32,398.9,399.22,414,9,0,0.09
2026-03-17 19:05:00,399.22,399.29,398.95,399.17,311,9,0,0.09
2026-03-17 19:10:00,399.17,399.3,398.76,398.76,368,10,0,0.1
2026-03-17 19:15:00,398.73,399.04,398.61,399.02,357,9,0,0.09
2026-03-17 19:20:00,398.97,399.16,398.59,398.62,382,9,0,0.09
2026-03-17 19:25:00,398.59,398.94,398.59,398.69,445,10,0,0.1
2026-03-17 19:30:00,398.69,398.85,398.52,398.77,482,10,0,0.1
2026-03-17 19:35:00,398.75,398.85,398.58,398.62,522,9,0,0.09
2026-03-17 19:40:00,398.62,399.12,398.35,398.62,491,9,0,0.09
2026-03-17 19:45:00,398.62,399.04,398.6,398.98,413,10,0,0.1
2026-03-17 19:50:00,398.94,399.1,398.77,399.0,475,9,0,0.09
2026-03-17 19:55:00,398.92,399.01,398.63,398.73,415,9,0,0.09
2026-03-17 20:00:00,398.72,398.88,398.63,398.68,454,9,0,0.09
2026-03-17 20:05:00,398.68,398.85,398.45,398.81,477,9,0,0.09
2026-03-17 20:10:00,398.84,399.03,398.74,399.02,382,9,0,0.09
2026-03-17 20:15:00,399.0,399.3,398.95,398.97,461,9,0,0.09
2026-03-17 20:20:00,398.98,398.98,398.54,398.77,398,10,0,0.1
2026-03-17 20:25:00,398.8,398.82,398.63,398.75,397,9,0,0.09
2026-03-17 20:30:00,398.77,399.03,398.66,398.92,485,9,0,0.09
2026-03-17 20:35:00,398.97,398.99,398.65,398.85,375,9,0,0.09
2026-03-17 20:40:00,398.86,399.13,398.81,398.85,460,9,0,0.09
2026-03-17 20:45:00,398.87,399.51,398.85,399.35,534,9,0,0.09
2026-03-17 20:50:00,399.35,399.49,398.87,399.48,519,9,0,0.09
2026-03-17 20:55:00,399.44,399.63,398.97,399.36,795,9,0,0.09
2026-03-18 15:30:00,394.52,395.42,394.47,395.14,952,10,0,0.1
2026-03-18 15:35:00,395.18,395.45,394.95,395.11,903,11,0,0.11
2026-03-18 15:40:00,395.11,395.23,394.69,394.84,1009,9,0,0.09
2026-03-18 15:45:00,394.84,395.35,394.25,394.52,958,10,0,0.1
2026-03-18 15:50:00,394.55,395.09,394.5,394.89,806,10,0,0.1
2026-03-18 15:55:00,394.9,395.28,394.78,395.15,938,10,0,0.1
2026-03-18 16:00:00,395.13,395.59,395.03,395.44,1045,9,0,0.09
2026-03-18 16:05:00,395.44,395.86,394.96,395.8,923,10,0,0.1
2026-03-18 16:10:00,395.8,395.8,395.25,395.39,895,10,0,0.1
2026-03-18 16:15:00,395.4,395.47,395.02,395.09,970,10,0,0.1
2026-03-18 16:20:00,395.09,395.52,395.02,395.49,993,10,0,0.1
2026-03-18 16:25:00,395.51,395.95,395.48,395.66,685,10,0,0.1
2026-03-18 16:30:00,395.66,396.07,395.56,395.8,810,10,0,0.1
2026-03-18 16:35:00,395.89,395.96,395.45,395.54,658,9,0,0.09
2026-03-18 16:40:00,395.49,395.58,394.95,395.3,740,9,0,0.09
2026-03-18 16:45:00,395.24,395.44,394.93,394.94,956,9,0,0.09
2026-03-18 16:50:00,394.96,395.24,394.82,395.21,879,10,0,0.1
2026-03-18 16:55:00,395.21,395.47,394.88,394.91,658,10,0,0.1
2026-03-18 17:00:00,394.9,394.97,394.65,394.84,794,10,0,0.1
2026-03-18 17:05:00,394.82,394.94,394.53,394.7,677,10,0,0.1
2026-03-18 17:10:00,394.7,395.1,394.51,394.9,731,9,0,0.09
2026-03-18 17:15:00,394.92,394.93,394.38,394.58,761,9,0,0.09
2026-03-18 17:20:00,394.62,394.77,394.22,394.32,706,9,0,0.09
2026-03-18 17:25:00,394.3,394.3,393.59,393.76,698,9,0,0.09
2026-03-18 17:30:00,393.73,393.91,393.15,393.18,734,9,0,0.09
2026-03-18 17:35:00,393.15,393.43,392.83,393.34,835,9,0,0.09
2026-03-18 17:40:00,393.32,393.43,393.13,393.15,593,9,0,0.09
2026-03-18 17:45:00,393.15,393.38,393.05,393.31,590,9,0,0.09
2026-03-18 17:50:00,393.31,393.73,393.22,393.6,611,10,0,0.1
2026-03-18 17:55:00,393.62,393.72,393.3,393.36,682,9,0,0.09
2026-03-18 18:00:00,393.32,393.4,392.7,392.97,762,9,0,0.09
2026-03-18 18:05:00,392.95,393.02,392.6,392.63,680,9,0,0.09
2026-03-18 18:10:00,392.63,392.85,392.49,392.57,728,9,0,0.09
2026-03-18 18:15:00,392.53,392.76,392.47,392.56,639,9,0,0.09
2026-03-18 18:20:00,392.56,392.73,392.36,392.7,596,9,0,0.09
2026-03-18 18:25:00,392.75,392.97,392.45,392.67,578,10,0,0.1
2026-03-18 18:30:00,392.68,392.98,392.46,392.88,618,10,0,0.1
2026-03-18 18:35:00,392.91,393.49,392.89,393.4,627,10,0,0.1
2026-03-18 18:40:00,393.38,393.71,393.3,393.6,718,9,0,0.09
2026-03-18 18:45:00,393.59,394.03,393.5,393.76,713,9,0,0.09
2026-03-18 18:50:00,393.62,394.11,393.6,394.0,620,10,0,0.1
2026-03-18 18:55:00,394.0,394.69,393.9,394.18,666,9,0,0.09
2026-03-18 19:00:00,394.2,394.94,393.67,394.2,1035,9,0,0.09
2026-03-18 19:05:00,394.2,394.33,393.55,393.73,819,9,0,0.09
2026-03-18 19:10:00,393.75,393.87,393.25,393.54,847,10,0,0.1
2026-03-18 19:15:00,393.53,393.56,392.98,393.11,869,10,0,0.1
2026-03-18 19:20:00,393.1,393.42,393.0,393.4,560,10,0,0.1
2026-03-18 19:25:00,393.4,393.7,393.21,393.64,617,10,0,0.1
2026-03-18 19:30:00,393.64,393.7,392.67,392.81,916,9,0,0.09
2026-03-18 19:35:00,392.84,393.41,392.7,392.81,1241,9,0,0.09
2026-03-18 19:40:00,392.77,393.17,392.56,392.85,1219,10,0,0.1
2026-03-18 19:45:00,392.89,393.02,392.65,392.68,784,10,0,0.1
2026-03-18 19:50:00,392.68,392.74,391.93,392.01,838,9,0,0.09
2026-03-18 19:55:00,392.02,392.31,391.62,391.83,1022,9,0,0.09
2026-03-18 20:00:00,391.83,392.72,391.75,392.65,1184,9,0,0.09
2026-03-18 20:05:00,392.63,392.78,392.18,392.47,1054,9,0,0.09
2026-03-18 20:10:00,392.47,392.48,392.1,392.36,754,9,0,0.09
2026-03-18 20:15:00,392.34,392.64,392.21,392.39,774,9,0,0.09
2026-03-18 20:20:00,392.39,392.58,391.96,392.21,944,9,0,0.09
2026-03-18 20:25:00,392.21,392.33,392.06,392.26,955,9,0,0.09
2026-03-18 20:30:00,392.26,392.4,391.94,392.33,865,9,0,0.09
2026-03-18 20:35:00,392.36,392.39,391.98,391.99,987,9,0,0.09
2026-03-18 20:40:00,391.99,392.05,391.03,391.14,1012,9,0,0.09
2026-03-18 20:45:00,391.13,391.23,390.95,391.01,1126,9,0,0.09
2026-03-18 20:50:00,391.01,391.45,390.98,391.33,1089,9,0,0.09
2026-03-18 20:55:00,391.35,392.16,391.22,391.77,1195,9,0,0.09
2026-03-19 15:30:00,388.69,389.68,388.6,389.6,1007,9,0,0.09
2026-03-19 15:35:00,389.62,390.36,389.3,389.54,1216,9,0,0.09
2026-03-19 15:40:00,389.65,390.33,389.35,389.35,1013,9,0,0.09
2026-03-19 15:45:00,389.4,389.73,389.2,389.53,934,9,0,0.09
2026-03-19 15:50:00,389.5,390.19,389.33,390.04,1013,10,0,0.1
2026-03-19 15:55:00,390.08,390.28,389.73,389.98,887,9,0,0.09
2026-03-19 16:00:00,390.04,390.56,389.66,390.54,913,9,0,0.09
2026-03-19 16:05:00,390.56,390.96,390.38,390.69,824,9,0,0.09
2026-03-19 16:10:00,390.68,391.17,390.63,390.98,792,9,0,0.09
2026-03-19 16:15:00,390.98,391.07,389.59,389.61,746,10,0,0.1
2026-03-19 16:20:00,389.67,389.9,389.05,389.16,722,10,0,0.1
2026-03-19 16:25:00,389.07,389.41,388.87,389.25,802,9,0,0.09
2026-03-19 16:30:00,389.25,389.56,388.85,388.92,790,10,0,0.1
2026-03-19 16:35:00,388.87,389.28,388.8,389.14,783,10,0,0.1
2026-03-19 16:40:00,389.22,389.32,388.77,388.78,852,9,0,0.09
2026-03-19 16:45:00,388.78,389.12,388.64,388.99,770,10,0,0.1
2026-03-19 16:50:00,388.97,389.23,388.84,388.86,801,9,0,0.09
2026-03-19 16:55:00,388.86,389.57,388.84,389.54,743,9,0,0.09
2026-03-19 17:00:00,389.5,390.03,389.35,389.68,781,10,0,0.1
2026-03-19 17:05:00,389.62,390.0,389.42,389.78,914,9,0,0.09
2026-03-19 17:10:00,389.76,389.83,389.14,389.24,767,9,0,0.09
2026-03-19 17:15:00,389.27,389.41,388.92,388.96,444,9,0,0.09
2026-03-19 17:20:00,388.94,389.28,388.85,389.01,605,9,0,0.09
2026-03-19 17:25:00,389.03,389.2,388.83,388.85,516,9,0,0.09
2026-03-19 17:30:00,388.85,389.08,388.51,388.65,736,9,0,0.09
2026-03-19 17:35:00,388.67,389.08,388.45,388.99,559,10,0,0.1
2026-03-19 17:40:00,388.99,389.14,388.8,388.89,551,9,0,0.09
2026-03-19 17:45:00,388.95,389.02,388.65,388.69,729,9,0,0.09
2026-03-19 17:50:00,388.69,388.78,388.17,388.29,584,10,0,0.1
2026-03-19 17:55:00,388.37,388.56,388.18,388.33,712,9,0,0.09
2026-03-19 18:00:00,388.33,388.51,387.84,387.87,702,10,0,0.1
2026-03-19 18:05:00,387.88,387.94,387.45,387.54,645,9,0,0.09
2026-03-19 18:10:00,387.56,387.88,387.48,387.81,611,9,0,0.09
2026-03-19 18:15:00,387.83,388.13,387.58,388.1,841,9,0,0.09
2026-03-19 18:20:00,388.13,388.19,387.71,387.93,713,9,0,0.09
2026-03-19 18:25:00,387.97,388.04,387.7,387.85,615,9,0,0.09
2026-03-19 18:30:00,387.86,388.28,387.68,387.89,683,9,0,0.09
2026-03-19 18:35:00,387.83,387.95,387.65,387.67,678,9,0,0.09
2026-03-19 18:40:00,387.65,387.78,387.48,387.52,571,9,0,0.09
2026-03-19 18:45:00,387.53,387.8,387.44,387.51,661,9,0,0.09
2026-03-19 18:50:00,387.53,388.15,387.49,387.89,702,9,0,0.09
2026-03-19 18:55:00,387.89,387.97,387.66,387.79,553,9,0,0.09
2026-03-19 19:00:00,387.79,387.81,387.46,387.5,764,10,0,0.1
2026-03-19 19:05:00,387.53,388.05,387.5,387.91,711,9,0,0.09
2026-03-19 19:10:00,387.92,388.4,387.7,388.13,790,9,0,0.09
2026-03-19 19:15:00,388.15,388.2,387.76,388.18,652,9,0,0.09
2026-03-19 19:20:00,388.2,388.27,387.76,387.93,639,9,0,0.09
2026-03-19 19:25:00,387.93,388.11,387.56,387.56,566,9,0,0.09
2026-03-19 19:30:00,387.58,387.74,387.26,387.71,580,9,0,0.09
2026-03-19 19:35:00,387.74,387.93,387.44,387.62,596,9,0,0.09
2026-03-19 19:40:00,387.63,387.82,387.02,387.73,719,9,0,0.09
2026-03-19 19:45:00,387.75,387.81,387.44,387.5,594,9,0,0.09
2026-03-19 19:50:00,387.51,387.62,387.25,387.43,679,9,0,0.09
2026-03-19 19:55:00,387.45,388.64,387.41,388.15,760,9,0,0.09
2026-03-19 20:00:00,388.17,389.32,388.17,389.03,603,9,0,0.09
2026-03-19 20:05:00,389.08,390.3,388.97,389.2,1004,10,0,0.1
2026-03-19 20:10:00,389.3,389.68,388.83,389.44,762,11,0,0.11
2026-03-19 20:15:00,389.42,389.91,388.85,389.24,642,11,0,0.11
2026-03-19 20:20:00,389.24,389.34,388.49,388.64,835,10,0,0.1
2026-03-19 20:25:00,388.68,388.76,388.01,388.38,924,9,0,0.09
2026-03-19 20:30:00,388.41,388.82,388.23,388.44,1014,9,0,0.09
2026-03-19 20:35:00,388.35,388.52,387.6,388.28,1002,9,0,0.09
2026-03-19 20:40:00,388.26,388.81,388.12,388.58,1023,9,0,0.09
2026-03-19 20:45:00,388.58,388.69,388.05,388.09,782,9,0,0.09
2026-03-19 20:50:00,388.14,388.72,388.02,388.58,977,9,0,0.09
2026-03-19 20:55:00,388.56,389.39,388.56,388.98,1033,9,0,0.09
2026-03-20 15:30:00,385.65,385.81,384.95,385.1,1019,10,0,0.1
2026-03-20 15:35:00,385.12,385.27,384.32,384.43,932,10,0,0.1
2026-03-20 15:40:00,384.4,384.94,384.04,384.1,769,10,0,0.1
2026-03-20 15:45:00,384.1,385.01,383.99,384.75,790,9,0,0.09
2026-03-20 15:50:00,384.71,384.81,384.07,384.26,785,11,0,0.11
2026-03-20 15:55:00,384.28,384.77,384.12,384.22,612,10,0,0.1
2026-03-20 16:00:00,384.17,384.81,383.81,384.17,1017,9,0,0.09
2026-03-20 16:05:00,384.16,384.36,383.52,383.72,661,10,0,0.1
2026-03-20 16:10:00,383.7,384.16,383.46,383.86,815,9,0,0.09
2026-03-20 16:15:00,383.84,383.97,383.35,383.35,702,9,0,0.09
2026-03-20 16:20:00,383.35,383.57,382.58,382.88,1014,9,0,0.09
2026-03-20 16:25:00,382.73,383.36,382.71,383.36,972,9,0,0.09
2026-03-20 16:30:00,383.37,384.21,383.11,383.93,838,9,0,0.09
2026-03-20 16:35:00,383.91,384.22,383.64,384.01,693,9,0,0.09
2026-03-20 16:40:00,383.99,384.37,383.82,384.34,657,9,0,0.09
2026-03-20 16:45:00,384.32,384.37,383.64,384.09,746,9,0,0.09
2026-03-20 16:50:00,384.13,384.29,383.59,384.15,634,10,0,0.1
2026-03-20 16:55:00,384.15,384.28,384.05,384.14,567,9,0,0.09
2026-03-20 17:00:00,384.19,384.79,384.08,384.56,651,9,0,0.09
2026-03-20 17:05:00,384.55,384.67,384.3,384.5,607,9,0,0.09
2026-03-20 17:10:00,384.52,385.28,384.5,385.08,621,9,0,0.09
2026-03-20 17:15:00,385.07,385.24,384.71,385.12,558,10,0,0.1
2026-03-20 17:20:00,385.14,385.18,384.81,384.86,540,9,0,0.09
2026-03-20 17:25:00,384.86,385.06,384.46,384.5,545,9,0,0.09
2026-03-20 17:30:00,384.48,384.58,384.08,384.27,613,9,0,0.09
2026-03-20 17:35:00,384.27,384.38,383.45,383.64,540,9,0,0.09
2026-03-20 17:40:00,383.62,383.69,383.18,383.42,517,9,0,0.09
2026-03-20 17:45:00,383.44,383.57,383.09,383.51,461,10,0,0.1
2026-03-20 17:50:00,383.49,383.7,383.06,383.36,636,10,0,0.1
2026-03-20 17:55:00,383.32,384.08,383.22,383.48,583,9,0,0.09
2026-03-20 18:00:00,383.46,383.69,383.31,383.51,450,9,0,0.09
2026-03-20 18:05:00,383.51,383.69,382.79,383.47,791,10,0,0.1
2026-03-20 18:10:00,383.45,383.64,383.09,383.41,477,9,0,0.09
2026-03-20 18:15:00,383.38,383.59,383.11,383.4,486,9,0,0.09
2026-03-20 18:20:00,383.41,383.79,383.27,383.47,495,9,0,0.09
2026-03-20 18:25:00,383.46,383.61,383.16,383.28,455,9,0,0.09
2026-03-20 18:30:00,383.25,383.5,382.9,383.03,520,9,0,0.09
2026-03-20 18:35:00,383.03,383.12,382.26,382.85,799,9,0,0.09
2026-03-20 18:40:00,382.81,383.12,382.65,383.0,569,10,0,0.1
2026-03-20 18:45:00,383.03,383.39,382.88,383.25,480,10,0,0.1
2026-03-20 18:50:00,383.27,383.27,382.86,383.08,567,10,0,0.1
2026-03-20 18:55:00,383.1,383.3,382.95,383.02,561,9,0,0.09
2026-03-20 19:00:00,383.04,383.32,382.95,383.19,650,9,0,0.09
2026-03-20 19:05:00,383.2,383.5,382.65,382.94,709,9,0,0.09
2026-03-20 19:10:00,382.99,382.99,382.65,382.71,508,9,0,0.09
2026-03-20 19:15:00,382.73,382.9,382.53,382.9,541,9,0,0.09
2026-03-20 19:20:00,382.91,382.97,381.97,382.0,1157,9,0,0.09
2026-03-20 19:25:00,382.08,382.72,382.03,382.35,856,10,0,0.1
2026-03-20 19:30:00,382.35,382.44,381.7,381.9,774,9,0,0.09
2026-03-20 19:35:00,381.88,382.06,381.75,381.77,766,9,0,0.09
2026-03-20 19:40:00,381.78,381.98,381.6,381.73,864,9,0,0.09
2026-03-20 19:45:00,381.76,381.91,381.53,381.62,725,9,0,0.09
2026-03-20 19:50:00,381.63,381.82,381.33,381.82,644,9,0,0.09
2026-03-20 19:55:00,381.78,381.93,381.51,381.8,763,9,0,0.09
2026-03-20 20:00:00,381.83,381.98,381.53,381.71,860,10,0,0.1
2026-03-20 20:05:00,381.74,381.94,381.55,381.83,700,9,0,0.09
2026-03-20 20:10:00,381.83,381.89,381.4,381.52,766,9,0,0.09
2026-03-20 20:15:00,381.51,381.96,381.45,381.74,560,9,0,0.09
2026-03-20 20:20:00,381.75,381.95,381.28,381.32,748,9,0,0.09
2026-03-20 20:25:00,381.32,382.16,381.25,382.05,910,9,0,0.09
2026-03-20 20:30:00,382.04,382.31,381.31,381.31,900,9,0,0.09
2026-03-20 20:35:00,381.34,381.37,380.0,380.29,1362,9,0,0.09
2026-03-20 20:40:00,380.33,380.89,380.11,380.77,1038,9,0,0.09
2026-03-20 20:45:00,380.74,380.88,380.35,380.6,1007,9,0,0.09
2026-03-20 20:50:00,380.57,381.46,380.5,381.33,1196,9,0,0.09
2026-03-20 20:55:00,381.35,381.67,381.13,381.25,1055,9,0,0.09
2026-03-23 15:30:00,385.39,385.82,385.01,385.56,1072,10,0,0.1
2026-03-23 15:35:00,385.55,385.81,385.07,385.51,983,9,0,0.09
2026-03-23 15:40:00,385.48,385.76,385.13,385.25,946,9,0,0.09
2026-03-23 15:45:00,385.27,385.89,385.0,385.46,1105,10,0,0.1
2026-03-23 15:50:00,385.45,385.71,384.9,385.22,976,10,0,0.1
2026-03-23 15:55:00,385.23,385.87,385.18,385.48,851,10,0,0.1
2026-03-23 16:00:00,385.53,386.5,385.19,386.37,1071,9,0,0.09
2026-03-23 16:05:00,386.4,386.66,385.94,386.58,779,10,0,0.1
2026-03-23 16:10:00,386.56,387.07,386.46,386.83,805,10,0,0.1
2026-03-23 16:15:00,386.82,386.89,386.3,386.3,813,10,0,0.1
2026-03-23 16:20:00,386.28,387.11,385.48,386.97,801,10,0,0.1
2026-03-23 16:25:00,386.99,387.05,386.4,386.67,667,9,0,0.09
2026-03-23 16:30:00,386.67,386.83,385.85,385.85,782,10,0,0.1
2026-03-23 16:35:00,385.87,385.93,384.88,385.1,1102,10,0,0.1
2026-03-23 16:40:00,385.05,385.15,384.48,384.82,859,9,0,0.09
2026-03-23 16:45:00,384.82,384.84,384.13,384.29,965,9,0,0.09
2026-03-23 16:50:00,384.29,384.49,383.19,383.19,1120,10,0,0.1
2026-03-23 16:55:00,383.22,383.61,382.45,383.37,1234,9,0,0.09
2026-03-23 17:00:00,383.39,384.01,383.29,383.87,1017,9,0,0.09
2026-03-23 17:05:00,383.87,384.95,383.59,384.56,893,10,0,0.1
2026-03-23 17:10:00,384.56,384.72,384.28,384.69,948,10,0,0.1
2026-03-23 17:15:00,384.69,384.74,383.55,384.03,1035,11,0,0.11
2026-03-23 17:20:00,384.02,384.29,382.96,383.22,1046,10,0,0.1
2026-03-23 17:25:00,383.2,383.3,382.26,382.42,884,11,0,0.11
2026-03-23 17:30:00,382.41,383.03,382.29,382.78,881,12,0,0.12
2026-03-23 17:35:00,382.72,383.13,382.46,382.68,757,11,0,0.11
2026-03-23 17:40:00,382.63,383.3,382.56,383.01,676,9,0,0.09
2026-03-23 17:45:00,383.05,383.39,382.75,383.33,863,10,0,0.1
2026-03-23 17:50:00,383.34,383.52,382.52,382.68,834,9,0,0.09
2026-03-23 17:55:00,382.61,382.78,382.2,382.48,577,9,0,0.09
2026-03-23 18:00:00,382.49,383.14,382.48,382.5,681,9,0,0.09
2026-03-23 18:05:00,382.48,382.9,382.3,382.8,645,10,0,0.1
2026-03-23 18:10:00,382.82,382.83,382.09,382.11,595,9,0,0.09
2026-03-23 18:15:00,382.16,382.26,381.85,382.16,652,9,0,0.09
2026-03-23 18:20:00,382.11,382.13,381.6,381.78,574,9,0,0.09
2026-03-23 18:25:00,381.73,382.53,381.73,382.27,603,9,0,0.09
2026-03-23 18:30:00,382.27,383.16,382.15,383.13,673,9,0,0.09
2026-03-23 18:35:00,383.1,383.97,383.08,383.3,907,10,0,0.1
2026-03-23 18:40:00,383.29,383.4,382.43,382.86,723,10,0,0.1
2026-03-23 18:45:00,382.85,382.93,382.51,382.89,562,9,0,0.09
2026-03-23 18:50:00,382.89,383.16,382.82,382.97,648,9,0,0.09
2026-03-23 18:55:00,382.98,383.26,382.83,383.14,560,9,0,0.09
2026-03-23 19:00:00,383.08,383.42,382.88,383.29,607,9,0,0.09
2026-03-23 19:05:00,383.26,383.32,382.2,382.77,725,9,0,0.09
2026-03-23 19:10:00,382.8,383.25,382.73,383.02,657,9,0,0.09
2026-03-23 19:15:00,383.02,383.12,382.73,382.89,700,10,0,0.1
2026-03-23 19:20:00,382.85,382.87,382.45,382.79,572,9,0,0.09
2026-03-23 19:25:00,382.81,382.84,382.2,382.32,702,10,0,0.1
2026-03-23 19:30:00,382.3,383.25,382.3,383.21,672,9,0,0.09
2026-03-23 19:35:00,383.21,383.55,382.35,382.55,880,11,0,0.11
2026-03-23 19:40:00,382.57,382.87,382.29,382.66,744,9,0,0.09
2026-03-23 19:45:00,382.64,383.04,382.48,382.86,453,10,0,0.1
2026-03-23 19:50:00,382.88,383.09,382.72,383.06,501,9,0,0.09
2026-03-23 19:55:00,383.1,383.48,382.92,383.28,431,9,0,0.09
2026-03-23 20:00:00,383.27,383.37,382.87,383.17,486,9,0,0.09
2026-03-23 20:05:00,383.2,383.2,382.54,382.74,417,10,0,0.1
2026-03-23 20:10:00,382.74,383.09,382.53,382.8,507,9,0,0.09
2026-03-23 20:15:00,382.83,383.09,382.7,382.98,520,9,0,0.09
2026-03-23 20:20:00,382.97,383.32,382.68,383.32,527,9,0,0.09
2026-03-23 20:25:00,383.3,383.37,382.9,382.92,552,9,0,0.09
2026-03-23 20:30:00,382.87,383.09,382.82,383.0,468,9,0,0.09
2026-03-23 20:35:00,383.04,383.33,382.9,383.3,417,9,0,0.09
2026-03-23 20:40:00,383.3,383.72,383.22,383.71,627,9,0,0.09
2026-03-23 20:45:00,383.71,384.02,383.46,383.7,530,9,0,0.09
2026-03-23 20:50:00,383.7,383.86,383.0,383.48,812,9,0,0.09
2026-03-23 20:55:00,383.53,383.62,382.77,382.92,935,9,0,0.09
2026-03-24 14:30:00,379.44,380.92,379.23,380.12,538,11,0,0.11
2026-03-24 14:35:00,380.25,380.28,376.42,376.53,865,9,0,0.09
2026-03-24 14:40:00,376.55,376.82,375.5,375.95,728,10,0,0.1
2026-03-24 14:45:00,375.97,377.52,375.83,376.4,878,10,0,0.1
2026-03-24 14:50:00,376.34,376.7,375.84,376.04,661,11,0,0.11
2026-03-24 14:55:00,376.06,376.14,375.16,375.44,779,9,0,0.09
2026-03-24 15:00:00,375.36,376.12,374.75,374.8,683,10,0,0.1
2026-03-24 15:05:00,374.89,375.05,373.84,374.5,777,9,0,0.09
2026-03-24 15:10:00,374.5,374.7,372.59,372.95,862,9,0,0.09
2026-03-24 15:15:00,372.99,373.42,372.08,373.03,1022,9,0,0.09
2026-03-24 15:20:00,373.05,373.25,372.56,372.82,981,9,0,0.09
2026-03-24 15:25:00,372.8,373.31,372.53,372.73,965,9,0,0.09
2026-03-24 15:30:00,372.64,373.09,372.41,373.05,703,9,0,0.09
2026-03-24 15:35:00,373.02,373.86,372.21,373.71,756,10,0,0.1
2026-03-24 15:40:00,373.79,374.94,373.64,374.65,1077,9,0,0.09
2026-03-24 15:45:00,374.65,374.87,373.96,373.98,665,9,0,0.09
2026-03-24 15:50:00,373.98,376.08,373.59,375.08,776,10,0,0.1
2026-03-24 15:55:00,375.05,375.58,372.47,373.04,768,9,0,0.09
2026-03-24 16:00:00,373.09,374.29,372.97,373.99,845,9,0,0.09
2026-03-24 16:05:00,373.97,374.16,373.36,373.49,644,10,0,0.1
2026-03-24 16:10:00,373.45,373.97,373.25,373.76,852,9,0,0.09
2026-03-24 16:15:00,373.74,373.94,373.22,373.54,881,10,0,0.1
2026-03-24 16:20:00,373.36,373.5,372.95,373.4,695,10,0,0.1
2026-03-24 16:25:00,373.42,373.93,373.15,373.49,633,10,0,0.1
2026-03-24 16:30:00,373.46,374.12,373.32,373.34,530,9,0,0.09
2026-03-24 16:35:00,373.36,374.19,373.25,373.8,559,9,0,0.09
2026-03-24 16:40:00,373.78,373.92,373.35,373.56,668,9,0,0.09
2026-03-24 16:45:00,373.56,373.87,373.4,373.8,763,9,0,0.09
2026-03-24 16:50:00,373.81,374.15,373.47,373.49,678,9,0,0.09
2026-03-24 16:55:00,373.49,373.51,372.57,372.65,725,10,0,0.1
2026-03-24 17:00:00,372.59,372.8,372.08,372.41,779,9,0,0.09
2026-03-24 17:05:00,372.39,372.66,372.17,372.61,716,10,0,0.1
2026-03-24 17:10:00,372.66,372.69,372.17,372.68,568,9,0,0.09
2026-03-24 17:15:00,372.63,373.74,372.61,373.55,712,9,0,0.09
2026-03-24 17:20:00,373.57,373.74,373.2,373.73,713,9,0,0.09
2026-03-24 17:25:00,373.72,374.04,373.38,373.87,607,9,0,0.09
2026-03-24 17:30:00,373.81,374.15,373.36,373.5,715,9,0,0.09
2026-03-24 17:35:00,373.4,373.47,372.74,372.74,731,9,0,0.09
2026-03-24 17:40:00,372.79,373.36,372.6,373.32,607,9,0,0.09
2026-03-24 17:45:00,373.38,373.82,373.27,373.36,720,9,0,0.09
2026-03-24 17:50:00,373.36,373.88,373.3,373.54,619,9,0,0.09
2026-03-24 17:55:00,373.57,373.71,373.1,373.54,524,9,0,0.09
2026-03-24 18:00:00,373.54,373.74,372.45,372.48,595,9,0,0.09
2026-03-24 18:05:00,372.47,372.52,371.97,372.16,564,10,0,0.1
2026-03-24 18:10:00,372.18,372.75,372.01,372.68,697,9,0,0.09
2026-03-24 18:15:00,372.57,372.68,371.75,372.0,825,9,0,0.09
2026-03-24 18:20:00,372.0,372.43,371.91,372.16,831,9,0,0.09
2026-03-24 18:25:00,372.17,372.82,371.95,372.76,667,10,0,0.1
2026-03-24 18:30:00,372.77,373.22,372.36,372.38,683,9,0,0.09
2026-03-24 18:35:00,372.4,373.11,372.35,372.87,675,9,0,0.09
2026-03-24 18:40:00,372.89,373.1,372.39,372.57,580,9,0,0.09
2026-03-24 18:45:00,372.58,372.77,372.38,372.65,651,9,0,0.09
2026-03-24 18:50:00,372.64,373.16,372.52,372.8,656,9,0,0.09
2026-03-24 18:55:00,372.75,373.51,372.65,373.12,768,10,0,0.1
2026-03-24 19:00:00,373.09,373.66,373.01,373.4,586,9,0,0.09
2026-03-24 19:05:00,373.4,373.83,373.28,373.72,675,9,0,0.09
2026-03-24 19:10:00,373.67,374.0,373.45,373.85,733,9,0,0.09
2026-03-24 19:15:00,373.83,374.01,373.27,373.97,918,9,0,0.09
2026-03-24 19:20:00,373.95,374.17,373.66,373.9,582,10,0,0.1
2026-03-24 19:25:00,373.9,374.11,373.66,373.79,805,9,0,0.09
2026-03-24 19:30:00,373.8,374.59,373.68,374.41,897,9,0,0.09
2026-03-24 19:35:00,374.39,375.32,374.39,375.27,786,9,0,0.09
2026-03-24 19:40:00,375.26,375.36,373.76,374.2,546,9,0,0.09
2026-03-24 19:45:00,374.21,374.24,373.31,373.45,672,9,0,0.09
2026-03-24 19:50:00,373.44,373.82,373.29,373.53,744,9,0,0.09
2026-03-24 19:55:00,373.52,373.58,373.14,373.4,680,9,0,0.09
2026-03-24 20:00:00,373.4,373.87,373.31,373.6,611,9,0,0.09
2026-03-24 20:05:00,373.62,373.97,373.5,373.82,688,9,0,0.09
2026-03-24 20:10:00,373.79,374.34,373.71,374.34,614,9,0,0.09
2026-03-24 20:15:00,374.31,374.54,374.2,374.36,753,9,0,0.09
2026-03-24 20:20:00,374.34,374.5,373.95,374.14,790,9,0,0.09
2026-03-24 20:25:00,374.1,374.26,373.69,373.87,653,9,0,0.09
2026-03-24 20:30:00,373.89,374.2,373.46,373.52,628,9,0,0.09
2026-03-24 20:35:00,373.57,373.62,373.07,373.44,584,9,0,0.09
2026-03-24 20:40:00,373.47,373.81,373.28,373.57,685,9,0,0.09
2026-03-24 20:45:00,373.54,373.56,372.97,373.18,740,9,0,0.09
2026-03-24 20:50:00,373.16,373.19,372.66,372.76,712,9,0,0.09
2026-03-24 20:55:00,372.6,372.75,371.95,372.42,741,9,0,0.09
2026-03-25 14:30:00,375.34,376.19,374.85,376.02,681,11,0,0.11
2026-03-25 14:35:00,376.11,376.73,374.85,374.91,767,10,0,0.1
2026-03-25 14:40:00,374.94,375.36,373.46,373.65,775,10,0,0.1
2026-03-25 14:45:00,373.63,374.49,373.56,373.95,725,10,0,0.1
2026-03-25 14:50:00,373.97,374.11,373.37,373.95,697,9,0,0.09
2026-03-25 14:55:00,373.95,374.24,373.08,373.32,639,9,0,0.09
2026-03-25 15:00:00,373.34,373.53,372.56,373.12,899,9,0,0.09
2026-03-25 15:05:00,373.1,373.59,372.6,373.31,899,9,0,0.09
2026-03-25 15:10:00,373.19,374.1,372.87,374.1,842,9,0,0.09
2026-03-25 15:15:00,374.16,374.32,373.65,373.81,764,9,0,0.09
2026-03-25 15:20:00,373.85,374.16,373.38,373.43,639,9,0,0.09
2026-03-25 15:25:00,373.51,374.11,373.09,373.71,826,9,0,0.09
2026-03-25 15:30:00,373.69,374.08,373.33,374.01,577,9,0,0.09
2026-03-25 15:35:00,374.04,374.14,373.16,373.35,641,9,0,0.09
2026-03-25 15:40:00,373.3,373.81,373.2,373.23,925,9,0,0.09
2026-03-25 15:45:00,373.23,373.69,373.21,373.38,614,10,0,0.1
2026-03-25 15:50:00,373.38,373.64,372.64,372.72,692,10,0,0.1
2026-03-25 15:55:00,372.79,373.67,372.66,373.18,835,9,0,0.09
2026-03-25 16:00:00,373.1,373.27,372.88,373.22,593,10,0,0.1
2026-03-25 16:05:00,373.22,373.38,371.73,371.81,601,9,0,0.09
2026-03-25 16:10:00,371.83,372.1,370.41,370.43,708,9,0,0.09
2026-03-25 16:15:00,370.41,370.77,369.68,369.86,790,9,0,0.09
2026-03-25 16:20:00,369.91,370.8,369.82,370.61,849,9,0,0.09
2026-03-25 16:25:00,370.57,371.37,370.41,371.34,895,9,0,0.09
2026-03-25 16:30:00,371.38,371.52,371.04,371.13,670,9,0,0.09
2026-03-25 16:35:00,371.12,371.16,370.45,370.5,808,9,0,0.09
2026-03-25 16:40:00,370.45,370.71,370.0,370.24,467,9,0,0.09
2026-03-25 16:45:00,370.24,370.31,369.91,370.2,449,9,0,0.09
2026-03-25 16:50:00,370.2,370.53,369.93,370.01,455,10,0,0.1
2026-03-25 16:55:00,370.08,370.67,369.95,370.36,549,9,0,0.09
2026-03-25 17:00:00,370.29,370.5,370.03,370.05,439,9,0,0.09
2026-03-25 17:05:00,370.07,370.41,369.92,370.22,442,9,0,0.09
2026-03-25 17:10:00,370.28,370.38,370.03,370.25,402,9,0,0.09
2026-03-25 17:15:00,370.21,370.56,370.19,370.34,373,9,0,0.09
2026-03-25 17:20:00,370.34,370.65,370.2,370.5,446,9,0,0.09
2026-03-25 17:25:00,370.54,371.05,370.52,370.79,508,10,0,0.1
2026-03-25 17:30:00,370.82,371.24,370.62,371.0,441,9,0,0.09
2026-03-25 17:35:00,370.98,371.5,370.96,371.36,395,9,0,0.09
2026-03-25 17:40:00,371.39,371.43,370.88,371.21,306,9,0,0.09
2026-03-25 17:45:00,371.19,371.31,370.87,370.93,274,10,0,0.1
2026-03-25 17:50:00,370.93,371.21,370.63,371.13,413,9,0,0.09
2026-03-25 17:55:00,371.13,371.26,370.77,370.93,278,9,0,0.09
2026-03-25 18:00:00,370.96,371.15,370.55,370.8,394,9,0,0.09
2026-03-25 18:05:00,370.82,370.84,370.37,370.44,311,10,0,0.1
2026-03-25 18:10:00,370.47,371.12,370.37,370.76,319,9,0,0.09
2026-03-25 18:15:00,370.78,371.08,370.5,370.95,337,9,0,0.09
2026-03-25 18:20:00,370.97,371.29,370.82,370.96,289,9,0,0.09
2026-03-25 18:25:00,370.98,371.6,370.95,371.32,333,9,0,0.09
2026-03-25 18:30:00,371.31,371.42,370.86,371.12,335,9,0,0.09
2026-03-25 18:35:00,371.13,371.34,370.81,371.27,303,9,0,0.09
2026-03-25 18:40:00,371.32,371.43,370.94,370.97,326,9,0,0.09
2026-03-25 18:45:00,371.04,371.04,370.62,370.65,307,9,0,0.09
2026-03-25 18:50:00,370.65,370.95,370.45,370.72,398,10,0,0.1
2026-03-25 18:55:00,370.75,371.31,370.67,370.93,333,10,0,0.1
2026-03-25 19:00:00,370.97,371.02,370.57,370.77,268,9,0,0.09
2026-03-25 19:05:00,370.77,371.04,370.35,370.62,299,9,0,0.09
2026-03-25 19:10:00,370.62,370.84,370.51,370.66,249,9,0,0.09
2026-03-25 19:15:00,370.66,370.73,370.35,370.35,317,9,0,0.09
2026-03-25 19:20:00,370.33,370.62,370.32,370.61,333,9,0,0.09
2026-03-25 19:25:00,370.53,370.58,369.94,369.99,400,9,0,0.09
2026-03-25 19:30:00,369.97,370.24,369.94,370.18,363,9,0,0.09
2026-03-25 19:35:00,370.18,370.48,370.07,370.43,391,9,0,0.09
2026-03-25 19:40:00,370.45,370.47,370.05,370.3,346,9,0,0.09
2026-03-25 19:45:00,370.3,370.46,370.1,370.14,318,9,0,0.09
2026-03-25 19:50:00,370.14,370.44,370.04,370.37,298,9,0,0.09
2026-03-25 19:55:00,370.36,370.44,369.58,370.25,488,9,0,0.09
2026-03-25 20:00:00,370.21,370.21,369.62,369.87,412,9,0,0.09
2026-03-25 20:05:00,369.87,369.98,369.58,369.73,414,9,0,0.09
2026-03-25 20:10:00,369.74,370.04,369.64,369.99,363,9,0,0.09
2026-03-25 20:15:00,369.99,370.36,369.89,370.3,324,9,0,0.09
2026-03-25 20:20:00,370.33,370.6,370.22,370.55,294,9,0,0.09
2026-03-25 20:25:00,370.55,370.68,370.06,370.36,313,9,0,0.09
2026-03-25 20:30:00,370.32,370.37,370.0,370.34,378,9,0,0.09
2026-03-25 20:35:00,370.28,370.37,370.1,370.33,354,9,0,0.09
2026-03-25 20:40:00,370.34,370.61,370.16,370.47,375,9,0,0.09
2026-03-25 20:45:00,370.37,370.69,370.35,370.64,406,9,0,0.09
2026-03-25 20:50:00,370.66,371.29,370.64,370.9,480,9,0,0.09
2026-03-25 20:55:00,370.88,371.16,370.56,370.84,557,9,0,0.09
2026-03-26 14:30:00,370.07,370.84,369.2,369.77,494,12,0,0.12
2026-03-26 14:35:00,369.77,371.88,369.49,370.56,573,10,0,0.1
2026-03-26 14:40:00,370.68,372.54,370.68,372.0,683,11,0,0.11
2026-03-26 14:45:00,372.12,372.72,371.32,372.27,565,9,0,0.09
2026-03-26 14:50:00,372.36,373.47,372.16,373.32,606,10,0,0.1
2026-03-26 14:55:00,373.37,373.71,372.25,373.59,576,10,0,0.1
2026-03-26 15:00:00,373.59,374.64,373.18,373.54,570,10,0,0.1
2026-03-26 15:05:00,373.56,373.99,372.95,373.12,502,11,0,0.11
2026-03-26 15:10:00,373.17,373.33,372.26,372.49,535,10,0,0.1
2026-03-26 15:15:00,372.4,372.59,371.75,371.79,544,9,0,0.09
2026-03-26 15:20:00,371.81,372.52,371.66,371.99,479,9,0,0.09
2026-03-26 15:25:00,372.0,372.25,371.77,371.8,395,9,0,0.09
2026-03-26 15:30:00,371.9,372.3,371.77,371.99,523,9,0,0.09
2026-03-26 15:35:00,371.89,371.95,371.13,371.35,622,9,0,0.09
2026-03-26 15:40:00,371.31,371.95,370.65,370.93,604,10,0,0.1
2026-03-26 15:45:00,370.95,371.64,370.93,370.98,626,10,0,0.1
2026-03-26 15:50:00,370.98,371.11,370.66,370.77,479,10,0,0.1
2026-03-26 15:55:00,370.86,371.51,370.45,371.32,643,10,0,0.1
2026-03-26 16:00:00,371.28,371.51,370.06,370.08,509,9,0,0.09
2026-03-26 16:05:00,370.16,370.44,369.95,370.35,487,9,0,0.09
2026-03-26 16:10:00,370.33,370.5,369.95,370.1,445,9,0,0.09
2026-03-26 16:15:00,370.08,370.29,369.91,370.26,456,10,0,0.1
2026-03-26 16:20:00,370.17,370.44,369.98,370.02,546,9,0,0.09
2026-03-26 16:25:00,370.04,370.31,369.58,369.88,443,9,0,0.09
2026-03-26 16:30:00,369.91,370.03,368.79,368.89,525,10,0,0.1
2026-03-26 16:35:00,368.89,368.91,368.29,368.47,532,9,0,0.09
2026-03-26 16:40:00,368.47,368.81,367.97,368.15,486,9,0,0.09
2026-03-26 16:45:00,368.15,369.0,368.15,368.45,475,9,0,0.09
2026-03-26 16:50:00,368.43,368.57,368.05,368.18,376,9,0,0.09
2026-03-26 16:55:00,368.19,368.29,367.69,367.93,479,9,0,0.09
2026-03-26 17:00:00,367.91,368.17,367.68,367.95,453,10,0,0.1
2026-03-26 17:05:00,367.98,368.31,367.79,367.81,290,10,0,0.1
2026-03-26 17:10:00,367.81,367.96,367.66,367.77,319,9,0,0.09
2026-03-26 17:15:00,367.77,367.77,366.96,367.62,431,10,0,0.1
2026-03-26 17:20:00,367.64,367.93,367.36,367.9,373,9,0,0.09
2026-03-26 17:25:00,367.86,367.93,367.11,367.32,375,10,0,0.1
2026-03-26 17:30:00,367.34,367.57,366.96,367.23,386,9,0,0.09
2026-03-26 17:35:00,367.26,367.74,367.2,367.28,352,9,0,0.09
2026-03-26 17:40:00,367.27,367.98,367.2,367.96,365,9,0,0.09
2026-03-26 17:45:00,367.94,368.34,367.89,368.27,448,10,0,0.1
2026-03-26 17:50:00,368.27,368.49,367.98,368.09,437,10,0,0.1
2026-03-26 17:55:00,368.11,368.29,367.7,368.07,323,9,0,0.09
2026-03-26 18:00:00,368.09,368.32,367.89,367.93,391,9,0,0.09
2026-03-26 18:05:00,368.0,368.27,367.91,368.17,396,10,0,0.1
2026-03-26 18:10:00,368.23,368.25,367.7,367.75,422,9,0,0.09
2026-03-26 18:15:00,367.77,368.44,367.65,368.29,376,10,0,0.1
2026-03-26 18:20:00,368.31,368.39,367.9,367.98,369,9,0,0.09
2026-03-26 18:25:00,367.96,368.42,367.87,368.34,371,9,0,0.09
2026-03-26 18:30:00,368.35,368.6,368.12,368.51,339,9,0,0.09
2026-03-26 18:35:00,368.53,368.54,367.35,367.6,411,9,0,0.09
2026-03-26 18:40:00,367.61,367.61,366.98,367.13,333,9,0,0.09
2026-03-26 18:45:00,367.11,367.32,366.76,366.77,353,10,0,0.1
2026-03-26 18:50:00,366.77,366.83,366.45,366.67,354,10,0,0.1
2026-03-26 18:55:00,366.73,366.97,366.59,366.77,367,10,0,0.1
2026-03-26 19:00:00,366.77,367.23,366.68,366.75,385,10,0,0.1
2026-03-26 19:05:00,366.9,367.22,366.8,367.04,301,10,0,0.1
2026-03-26 19:10:00,367.05,367.37,366.86,367.31,302,9,0,0.09
2026-03-26 19:15:00,367.29,367.37,366.97,367.11,332,10,0,0.1
2026-03-26 19:20:00,367.1,367.33,366.77,366.91,342,9,0,0.09
2026-03-26 19:25:00,366.93,366.99,366.33,366.35,369,9,0,0.09
2026-03-26 19:30:00,366.37,366.55,366.03,366.21,461,9,0,0.09
2026-03-26 19:35:00,366.18,366.52,366.08,366.4,386,9,0,0.09
2026-03-26 19:40:00,366.39,366.45,365.95,366.1,335,9,0,0.09
2026-03-26 19:45:00,366.1,366.46,365.97,366.43,412,9,0,0.09
2026-03-26 19:50:00,366.44,366.64,366.22,366.5,434,9,0,0.09
2026-03-26 19:55:00,366.48,366.59,366.07,366.59,351,9,0,0.09
2026-03-26 20:00:00,366.59,366.69,365.9,366.06,449,9,0,0.09
2026-03-26 20:05:00,366.08,366.14,365.77,365.97,454,9,0,0.09
2026-03-26 20:10:00,365.95,366.01,365.65,365.77,434,9,0,0.09
2026-03-26 20:15:00,365.77,365.89,365.23,365.42,451,9,0,0.09
2026-03-26 20:20:00,365.43,365.66,365.25,365.52,347,9,0,0.09
2026-03-26 20:25:00,365.5,365.52,365.15,365.46,381,9,0,0.09
2026-03-26 20:30:00,365.46,365.72,365.1,365.2,473,9,0,0.09
2026-03-26 20:35:00,365.2,365.71,365.2,365.61,443,9,0,0.09
2026-03-26 20:40:00,365.61,366.06,365.53,365.88,478,9,0,0.09
2026-03-26 20:45:00,365.82,366.02,365.67,365.92,521,9,0,0.09
2026-03-26 20:50:00,365.9,366.31,365.2,365.69,723,9,0,0.09
2026-03-26 20:55:00,365.71,366.05,365.54,365.89,738,9,0,0.09
2026-03-27 14:30:00,360.81,361.22,359.48,359.82,677,10,0,0.1
2026-03-27 14:35:00,359.8,360.0,358.96,359.0,682,10,0,0.1
2026-03-27 14:40:00,359.02,359.56,358.8,358.99,665,10,0,0.1
2026-03-27 14:45:00,359.01,359.93,358.87,359.0,717,9,0,0.09
2026-03-27 14:50:00,359.03,359.08,357.95,358.3,674,9,0,0.09
2026-03-27 14:55:00,358.28,358.3,357.39,357.39,619,9,0,0.09
2026-03-27 15:00:00,357.4,358.1,357.14,358.04,681,9,0,0.09
2026-03-27 15:05:00,357.97,358.16,356.45,356.47,649,9,0,0.09
2026-03-27 15:10:00,356.58,357.64,356.46,357.51,624,9,0,0.09
2026-03-27 15:15:00,357.53,358.27,357.44,357.77,639,9,0,0.09
2026-03-27 15:20:00,357.76,358.18,357.53,358.04,667,9,0,0.09
2026-03-27 15:25:00,358.08,358.49,357.91,358.2,649,9,0,0.09
2026-03-27 15:30:00,358.2,359.38,358.18,359.27,668,10,0,0.1
2026-03-27 15:35:00,359.29,359.64,358.95,359.4,573,9,0,0.09
2026-03-27 15:40:00,359.41,359.9,359.29,359.9,530,9,0,0.09
2026-03-27 15:45:00,359.91,360.32,359.47,360.27,619,9,0,0.09
2026-03-27 15:50:00,360.29,360.37,359.19,359.37,504,9,0,0.09
2026-03-27 15:55:00,359.39,359.83,359.24,359.81,443,10,0,0.1
2026-03-27 16:00:00,359.85,360.12,359.62,359.83,524,9,0,0.09
2026-03-27 16:05:00,359.79,360.29,359.66,360.17,454,9,0,0.09
2026-03-27 16:10:00,360.16,360.37,359.95,360.25,482,9,0,0.09
2026-03-27 16:15:00,360.25,360.29,359.39,359.66,525,9,0,0.09
2026-03-27 16:20:00,359.6,360.75,359.22,360.34,572,10,0,0.1
2026-03-27 16:25:00,360.33,360.55,359.95,360.39,592,9,0,0.09
2026-03-27 16:30:00,360.39,360.91,360.2,360.68,476,9,0,0.09
2026-03-27 16:35:00,360.68,360.73,360.25,360.27,468,9,0,0.09
2026-03-27 16:40:00,360.27,360.27,359.02,359.55,486,9,0,0.09
2026-03-27 16:45:00,359.51,360.24,359.46,360.22,436,9,0,0.09
2026-03-27 16:50:00,360.2,360.46,360.01,360.37,404,10,0,0.1
2026-03-27 16:55:00,360.35,360.35,360.02,360.18,400,9,0,0.09
2026-03-27 17:00:00,360.19,360.65,360.14,360.43,476,9,0,0.09
2026-03-27 17:05:00,360.45,360.56,359.82,359.83,420,9,0,0.09
2026-03-27 17:10:00,359.84,360.1,359.65,360.0,363,10,0,0.1
2026-03-27 17:15:00,360.01,360.53,359.76,360.3,364,9,0,0.09
2026-03-27 17:20:00,360.32,360.45,359.76,359.98,369,9,0,0.09
2026-03-27 17:25:00,359.98,360.12,359.7,359.89,419,9,0,0.09
2026-03-27 17:30:00,359.89,360.07,359.69,359.82,367,10,0,0.1
2026-03-27 17:35:00,359.75,359.9,359.45,359.47,376,10,0,0.1
2026-03-27 17:40:00,359.45,359.78,359.14,359.58,417,10,0,0.1
2026-03-27 17:45:00,359.56,360.0,359.51,359.9,431,9,0,0.09
2026-03-27 17:50:00,359.91,360.0,359.34,359.67,396,10,0,0.1
2026-03-27 17:55:00,359.6,359.72,359.28,359.63,305,9,0,0.09
2026-03-27 18:00:00,359.67,359.67,359.03,359.22,391,9,0,0.09
2026-03-27 18:05:00,359.2,359.96,359.04,359.75,484,9,0,0.09
2026-03-27 18:10:00,359.72,359.85,359.09,359.25,391,9,0,0.09
2026-03-27 18:15:00,359.27,359.29,358.87,358.99,345,9,0,0.09
2026-03-27 18:20:00,358.97,359.1,358.65,359.05,449,9,0,0.09
2026-03-27 18:25:00,359.09,359.27,358.73,358.9,377,9,0,0.09
2026-03-27 18:30:00,358.88,359.37,358.75,359.25,407,9,0,0.09
2026-03-27 18:35:00,359.32,359.37,359.04,359.17,463,9,0,0.09
2026-03-27 18:40:00,359.19,359.19,358.75,358.93,415,9,0,0.09
2026-03-27 18:45:00,358.91,359.16,358.51,358.55,402,9,0,0.09
2026-03-27 18:50:00,358.5,358.66,358.41,358.46,418,9,0,0.09
2026-03-27 18:55:00,358.51,358.93,358.45,358.77,411,9,0,0.09
2026-03-27 19:00:00,358.8,358.96,358.69,358.72,323,9,0,0.09
2026-03-27 19:05:00,358.72,358.81,358.2,358.25,383,9,0,0.09
2026-03-27 19:10:00,358.21,358.64,358.15,358.64,346,9,0,0.09
2026-03-27 19:15:00,358.62,358.92,358.46,358.63,428,9,0,0.09
2026-03-27 19:20:00,358.64,358.78,358.26,358.41,430,9,0,0.09
2026-03-27 19:25:00,358.41,358.86,358.31,358.76,400,10,0,0.1
2026-03-27 19:30:00,358.76,359.25,358.57,359.21,312,9,0,0.09
2026-03-27 19:35:00,359.21,359.26,358.66,358.77,346,9,0,0.09
2026-03-27 19:40:00,358.8,358.9,358.6,358.62,370,9,0,0.09
2026-03-27 19:45:00,358.6,358.66,358.08,358.1,371,9,0,0.09
2026-03-27 19:50:00,358.15,358.26,357.63,357.74,473,9,0,0.09
2026-03-27 19:55:00,357.75,357.91,357.5,357.69,495,9,0,0.09
2026-03-27 20:00:00,357.67,357.95,357.21,357.29,390,9,0,0.09
2026-03-27 20:05:00,357.32,357.39,356.84,357.01,373,9,0,0.09
2026-03-27 20:10:00,357.01,357.34,356.85,357.02,417,9,0,0.09
2026-03-27 20:15:00,357.0,357.58,356.95,357.58,451,9,0,0.09
2026-03-27 20:20:00,357.56,357.84,357.38,357.8,424,9,0,0.09
2026-03-27 20:25:00,357.78,357.8,357.33,357.46,378,9,0,0.09
2026-03-27 20:30:00,357.44,357.74,357.13,357.54,501,9,0,0.09
2026-03-27 20:35:00,357.57,357.57,357.14,357.15,447,9,0,0.09
2026-03-27 20:40:00,357.15,357.23,356.56,357.05,465,9,0,0.09
2026-03-27 20:45:00,356.93,357.12,356.45,357.07,481,9,0,0.09
2026-03-27 20:50:00,356.67,357.58,356.59,357.14,553,9,0,0.09
2026-03-27 20:55:00,357.18,357.47,356.67,356.87,764,9,0,0.09
2026-03-30 15:30:00,359.71,361.13,359.42,359.9,467,11,0,0.11
2026-03-30 15:35:00,359.92,361.46,359.46,361.21,638,10,0,0.1
2026-03-30 15:40:00,361.15,361.34,359.69,359.75,625,9,0,0.09
2026-03-30 15:45:00,359.79,360.92,359.77,359.88,655,9,0,0.09
2026-03-30 15:50:00,359.92,361.18,359.44,360.87,548,10,0,0.1
2026-03-30 15:55:00,360.88,361.22,360.31,360.45,585,10,0,0.1
2026-03-30 16:00:00,360.51,360.89,359.66,360.17,578,11,0,0.11
2026-03-30 16:05:00,360.17,360.96,359.69,360.86,467,9,0,0.09
2026-03-30 16:10:00,360.88,361.22,360.34,360.69,530,10,0,0.1
2026-03-30 16:15:00,360.71,361.43,360.38,360.91,500,10,0,0.1
2026-03-30 16:20:00,360.86,362.49,360.73,362.44,555,10,0,0.1
2026-03-30 16:25:00,362.42,362.56,361.8,362.42,517,9,0,0.09
2026-03-30 16:30:00,362.42,363.85,362.31,363.81,666,9,0,0.09
2026-03-30 16:35:00,363.81,364.07,363.2,363.59,602,10,0,0.1
2026-03-30 16:40:00,363.63,364.03,362.8,363.58,630,9,0,0.09
2026-03-30 16:45:00,363.6,364.87,363.3,363.52,737,10,0,0.1
2026-03-30 16:50:00,363.61,365.07,363.39,365.02,562,10,0,0.1
2026-03-30 16:55:00,364.95,365.25,364.55,364.85,578,10,0,0.1
2026-03-30 17:00:00,364.87,365.24,364.46,365.02,566,9,0,0.09
2026-03-30 17:05:00,365.0,365.25,363.64,363.81,472,10,0,0.1
2026-03-30 17:10:00,363.81,363.99,362.66,362.86,533,9,0,0.09
2026-03-30 17:15:00,362.88,363.25,362.66,362.99,521,9,0,0.09
2026-03-30 17:20:00,362.98,363.02,362.55,362.98,409,9,0,0.09
2026-03-30 17:25:00,362.88,363.43,362.63,362.94,418,9,0,0.09
2026-03-30 17:30:00,362.92,363.39,362.67,363.29,489,9,0,0.09
2026-03-30 17:35:00,363.31,363.7,363.14,363.4,514,10,0,0.1
2026-03-30 17:40:00,363.4,364.49,363.24,364.31,432,10,0,0.1
2026-03-30 17:45:00,364.31,364.77,363.84,364.59,431,9,0,0.09
2026-03-30 17:50:00,364.59,365.14,364.01,364.06,390,10,0,0.1
2026-03-30 17:55:00,364.04,364.04,363.37,363.65,356,10,0,0.1
2026-03-30 18:00:00,363.67,363.71,363.17,363.24,437,10,0,0.1
2026-03-30 18:05:00,363.25,363.34,362.78,363.0,386,10,0,0.1
2026-03-30 18:10:00,363.02,363.43,362.95,363.16,408,9,0,0.09
2026-03-30 18:15:00,363.1,363.2,362.54,362.62,321,10,0,0.1
2026-03-30 18:20:00,362.64,362.74,362.41,362.57,336,10,0,0.1
2026-03-30 18:25:00,362.6,362.75,361.89,361.95,352,9,0,0.09
2026-03-30 18:30:00,361.95,361.96,361.71,361.83,379,9,0,0.09
2026-03-30 18:35:00,361.77,361.96,361.64,361.75,301,9,0,0.09
2026-03-30 18:40:00,361.65,361.75,360.92,360.95,400,9,0,0.09
2026-03-30 18:45:00,360.95,361.65,360.76,361.48,432,10,0,0.1
2026-03-30 18:50:00,361.48,362.25,361.26,361.43,407,10,0,0.1
2026-03-30 18:55:00,361.43,361.56,360.95,361.32,419,9,0,0.09
2026-03-30 19:00:00,361.32,361.45,360.79,360.99,472,9,0,0.09
2026-03-30 19:05:00,361.04,361.68,360.83,360.91,342,10,0,0.1
2026-03-30 19:10:00,360.91,360.97,360.19,360.19,323,9,0,0.09
2026-03-30 19:15:00,360.2,360.5,359.49,359.85,465,10,0,0.1
2026-03-30 19:20:00,359.83,359.95,359.37,359.41,400,9,0,0.09
2026-03-30 19:25:00,359.39,359.8,359.07,359.7,463,10,0,0.1
2026-03-30 19:30:00,359.7,359.74,358.51,358.6,453,9,0,0.09
2026-03-30 19:35:00,358.62,358.88,358.04,358.78,415,9,0,0.09
2026-03-30 19:40:00,358.76,359.79,358.44,359.71,492,10,0,0.1
2026-03-30 19:45:00,359.74,359.95,359.09,359.15,473,11,0,0.11
2026-03-30 19:50:00,359.14,359.17,358.67,358.94,426,11,0,0.11
2026-03-30 19:55:00,358.97,359.14,358.84,359.09,330,9,0,0.09
2026-03-30 20:00:00,359.02,359.2,358.56,358.8,412,9,0,0.09
2026-03-30 20:05:00,358.79,358.96,357.96,357.98,475,9,0,0.09
2026-03-30 20:10:00,357.98,358.36,357.76,357.91,471,9,0,0.09
2026-03-30 20:15:00,357.94,359.28,357.77,359.22,490,9,0,0.09
2026-03-30 20:20:00,359.24,359.36,359.02,359.32,397,9,0,0.09
2026-03-30 20:25:00,359.37,359.37,357.75,357.81,440,9,0,0.09
2026-03-30 20:30:00,357.82,359.33,357.75,359.25,495,10,0,0.1
2026-03-30 20:35:00,359.28,360.11,359.15,359.69,445,10,0,0.1
2026-03-30 20:40:00,359.7,360.08,359.39,359.57,443,10,0,0.1
2026-03-30 20:45:00,359.49,359.75,357.95,358.25,453,10,0,0.1
2026-03-30 20:50:00,358.27,358.29,356.77,356.87,435,9,0,0.09
2026-03-30 20:55:00,356.87,357.33,356.81,357.23,453,9,0,0.09
2026-03-31 15:30:00,364.73,366.77,364.58,366.77,566,10,0,0.1
2026-03-31 15:35:00,366.72,367.3,365.53,366.47,730,11,0,0.11
2026-03-31 15:40:00,366.47,367.0,365.7,365.86,643,10,0,0.1
2026-03-31 15:45:00,365.84,367.59,365.84,367.54,677,10,0,0.1
2026-03-31 15:50:00,367.59,368.04,366.54,367.83,579,10,0,0.1
2026-03-31 15:55:00,367.85,367.99,366.58,367.0,590,10,0,0.1
2026-03-31 16:00:00,367.02,367.45,366.41,367.15,590,10,0,0.1
2026-03-31 16:05:00,367.09,367.16,366.52,366.73,584,9,0,0.09
2026-03-31 16:10:00,366.72,367.18,366.56,366.95,545,10,0,0.1
2026-03-31 16:15:00,366.97,367.11,366.08,366.61,506,11,0,0.11
2026-03-31 16:20:00,366.53,366.56,365.39,366.28,482,10,0,0.1
2026-03-31 16:25:00,366.26,366.27,365.3,365.38,505,9,0,0.09
2026-03-31 16:30:00,365.43,365.43,364.44,365.15,587,9,0,0.09
2026-03-31 16:35:00,365.1,365.47,364.59,364.59,494,9,0,0.09
2026-03-31 16:40:00,364.61,365.0,364.28,364.85,489,10,0,0.1
2026-03-31 16:45:00,364.85,365.08,364.48,364.65,396,9,0,0.09
2026-03-31 16:50:00,364.67,364.7,363.23,363.52,483,10,0,0.1
2026-03-31 16:55:00,363.5,363.57,362.99,363.45,483,10,0,0.1
2026-03-31 17:00:00,363.43,363.71,363.03,363.43,412,10,0,0.1
2026-03-31 17:05:00,363.41,364.09,363.22,363.63,448,11,0,0.11
2026-03-31 17:10:00,363.61,364.44,363.18,364.25,478,11,0,0.11
2026-03-31 17:15:00,364.28,364.61,364.0,364.26,450,10,0,0.1
2026-03-31 17:20:00,364.26,364.79,363.79,364.61,369,9,0,0.09
2026-03-31 17:25:00,364.61,364.74,363.76,364.11,420,9,0,0.09
2026-03-31 17:30:00,364.11,364.3,363.57,364.25,409,10,0,0.1
2026-03-31 17:35:00,364.27,364.65,364.01,364.2,403,9,0,0.09
2026-03-31 17:40:00,364.13,364.17,363.68,363.91,360,9,0,0.09
2026-03-31 17:45:00,363.93,364.36,363.79,364.26,361,9,0,0.09
2026-03-31 17:50:00,364.29,364.72,363.97,364.14,410,10,0,0.1
2026-03-31 17:55:00,364.17,364.32,363.8,363.85,390,10,0,0.1
2026-03-31 18:00:00,363.82,364.58,363.6,364.31,422,9,0,0.09
2026-03-31 18:05:00,364.31,364.91,364.25,364.57,332,9,0,0.09
2026-03-31 18:10:00,364.51,364.77,364.17,364.67,331,9,0,0.09
2026-03-31 18:15:00,364.6,365.06,364.51,364.76,342,10,0,0.1
2026-03-31 18:20:00,364.77,364.93,364.5,364.89,310,9,0,0.09
2026-03-31 18:25:00,364.9,365.03,364.15,364.97,330,10,0,0.1
2026-03-31 18:30:00,364.95,365.03,364.68,364.81,283,9,0,0.09
2026-03-31 18:35:00,364.77,366.03,364.2,365.99,447,10,0,0.1
2026-03-31 18:40:00,365.91,367.71,365.91,366.68,930,12,0,0.12
2026-03-31 18:45:00,366.7,367.5,366.08,366.83,707,12,0,0.12
2026-03-31 18:50:00,366.9,367.55,366.08,367.13,666,11,0,0.11
2026-03-31 18:55:00,367.0,367.99,366.54,367.76,642,10,0,0.1
2026-03-31 19:00:00,367.92,369.13,367.74,368.82,678,10,0,0.1
2026-03-31 19:05:00,368.84,369.02,367.95,368.44,686,10,0,0.1
2026-03-31 19:10:00,368.32,369.52,368.32,369.47,717,9,0,0.09
2026-03-31 19:15:00,369.45,370.37,369.45,370.16,620,9,0,0.09
2026-03-31 19:20:00,370.22,370.48,369.6,369.7,760,9,0,0.09
2026-03-31 19:25:00,369.81,369.95,368.48,368.79,612,10,0,0.1
2026-03-31 19:30:00,368.79,369.95,368.74,369.92,490,10,0,0.1
2026-03-31 19:35:00,369.95,370.07,367.96,368.24,551,12,0,0.12
2026-03-31 19:40:00,368.24,368.55,368.05,368.41,490,10,0,0.1
2026-03-31 19:45:00,368.39,368.84,368.3,368.8,418,9,0,0.09
2026-03-31 19:50:00,368.79,368.95,368.42,368.64,433,9,0,0.09
2026-03-31 19:55:00,368.52,368.73,367.95,368.28,398,10,0,0.1
2026-03-31 20:00:00,368.28,369.2,368.22,368.97,434,11,0,0.11
2026-03-31 20:05:00,368.97,369.68,368.73,369.53,453,10,0,0.1
2026-03-31 20:10:00,369.52,369.59,368.87,369.5,342,10,0,0.1
2026-03-31 20:15:00,369.47,369.62,369.15,369.44,328,11,0,0.11
2026-03-31 20:20:00,369.46,369.8,369.38,369.43,379,10,0,0.1
2026-03-31 20:25:00,369.41,370.01,369.15,369.71,423,10,0,0.1
2026-03-31 20:30:00,369.69,369.86,369.33,369.68,435,9,0,0.09
2026-03-31 20:35:00,369.72,370.2,369.58,369.97,380,9,0,0.09
2026-03-31 20:40:00,369.95,370.45,369.69,370.31,435,10,0,0.1
2026-03-31 20:45:00,370.41,370.61,370.01,370.34,448,10,0,0.1
2026-03-31 20:50:00,370.27,370.69,370.13,370.29,393,9,0,0.09
2026-03-31 20:55:00,370.23,370.72,370.19,370.48,414,9,0,0.09
2026-04-01 15:30:00,371.28,373.07,370.17,372.61,692,13,0,0.13
2026-04-01 15:35:00,372.63,372.63,371.45,372.37,648,9,0,0.09
2026-04-01 15:40:00,372.35,372.39,368.96,369.28,740,10,0,0.1
2026-04-01 15:45:00,369.3,369.66,368.12,368.92,926,9,0,0.09
2026-04-01 15:50:00,368.89,370.17,368.57,369.58,718,12,0,0.12
2026-04-01 15:55:00,369.61,369.71,368.85,369.51,559,10,0,0.1
2026-04-01 16:00:00,369.51,371.33,369.35,370.71,584,10,0,0.1
2026-04-01 16:05:00,370.74,371.09,370.21,370.46,716,9,0,0.09
2026-04-01 16:10:00,370.49,371.18,370.15,371.0,652,10,0,0.1
2026-04-01 16:15:00,371.02,371.94,370.99,371.78,532,9,0,0.09
2026-04-01 16:20:00,371.76,371.96,371.17,371.29,595,11,0,0.11
2026-04-01 16:25:00,371.31,371.74,371.04,371.44,605,10,0,0.1
2026-04-01 16:30:00,371.47,371.98,370.33,370.46,626,10,0,0.1
2026-04-01 16:35:00,370.51,371.29,370.1,371.26,591,11,0,0.11
2026-04-01 16:40:00,371.24,371.51,370.61,371.27,648,11,0,0.11
2026-04-01 16:45:00,371.25,371.83,371.04,371.71,639,10,0,0.1
2026-04-01 16:50:00,371.69,371.9,371.25,371.58,514,10,0,0.1
2026-04-01 16:55:00,371.6,372.12,371.42,371.68,524,10,0,0.1
2026-04-01 17:00:00,371.68,371.79,371.26,371.28,615,10,0,0.1
2026-04-01 17:05:00,371.32,371.88,371.26,371.67,495,10,0,0.1
2026-04-01 17:10:00,371.71,372.41,371.58,371.78,544,10,0,0.1
2026-04-01 17:15:00,371.84,372.06,371.45,371.6,464,10,0,0.1
2026-04-01 17:20:00,371.62,371.94,371.0,371.15,451,10,0,0.1
2026-04-01 17:25:00,371.11,371.44,370.95,371.13,569,9,0,0.09
2026-04-01 17:30:00,371.11,371.46,370.65,371.14,496,10,0,0.1
2026-04-01 17:35:00,371.14,371.92,371.14,371.89,423,9,0,0.09
2026-04-01 17:40:00,371.91,372.22,371.61,372.01,392,10,0,0.1
2026-04-01 17:45:00,372.07,372.4,371.98,372.16,404,9,0,0.09
2026-04-01 17:50:00,372.13,372.3,371.95,372.13,408,10,0,0.1
2026-04-01 17:55:00,372.14,372.38,372.06,372.13,422,9,0,0.09
2026-04-01 18:00:00,372.11,372.46,372.0,372.32,497,9,0,0.09
2026-04-01 18:05:00,372.3,372.43,372.19,372.35,499,10,0,0.1
2026-04-01 18:10:00,372.35,372.54,372.03,372.03,504,10,0,0.1
2026-04-01 18:15:00,372.03,372.71,371.91,372.54,403,10,0,0.1
2026-04-01 18:20:00,372.57,372.78,372.26,372.64,393,9,0,0.09
2026-04-01 18:25:00,372.64,372.75,372.41,372.49,354,9,0,0.09
2026-04-01 18:30:00,372.57,372.67,371.95,372.25,464,9,0,0.09
2026-04-01 18:35:00,372.23,372.69,372.23,372.43,363,9,0,0.09
2026-04-01 18:40:00,372.36,372.74,372.29,372.63,344,10,0,0.1
2026-04-01 18:45:00,372.63,372.83,372.33,372.39,472,9,0,0.09
2026-04-01 18:50:00,372.39,372.58,372.04,372.33,305,9,0,0.09
2026-04-01 18:55:00,372.26,372.83,372.26,372.45,280,9,0,0.09
2026-04-01 19:00:00,372.45,372.77,372.22,372.73,336,9,0,0.09
2026-04-01 19:05:00,372.71,372.76,372.16,372.43,428,9,0,0.09
2026-04-01 19:10:00,372.44,372.54,372.31,372.36,315,9,0,0.09
2026-04-01 19:15:00,372.43,372.52,372.16,372.26,293,10,0,0.1
2026-04-01 19:20:00,372.29,372.52,371.87,372.01,342,9,0,0.09
2026-04-01 19:25:00,371.96,372.13,371.83,371.84,296,9,0,0.09
2026-04-01 19:30:00,371.84,371.97,371.25,371.32,353,10,0,0.1
2026-04-01 19:35:00,371.32,371.63,371.08,371.53,418,9,0,0.09
2026-04-01 19:40:00,371.57,371.63,371.07,371.23,347,9,0,0.09
2026-04-01 19:45:00,371.23,371.44,371.13,371.31,336,9,0,0.09
2026-04-01 19:50:00,371.31,371.43,371.15,371.19,346,10,0,0.1
2026-04-01 19:55:00,371.15,371.31,370.65,370.73,497,9,0,0.09
2026-04-01 20:00:00,370.68,370.8,370.03,370.34,710,9,0,0.09
2026-04-01 20:05:00,370.36,370.71,370.28,370.49,559,9,0,0.09
2026-04-01 20:10:00,370.49,370.62,370.07,370.32,448,10,0,0.1
2026-04-01 20:15:00,370.3,370.32,369.25,369.62,670,9,0,0.09
2026-04-01 20:20:00,369.63,369.71,369.0,369.0,657,9,0,0.09
2026-04-01 20:25:00,369.08,369.36,368.85,368.93,591,10,0,0.1
2026-04-01 20:30:00,368.93,369.27,368.89,369.01,541,9,0,0.09
2026-04-01 20:35:00,369.04,369.27,368.67,369.08,538,9,0,0.09
2026-04-01 20:40:00,369.08,369.65,369.05,369.23,540,10,0,0.1
2026-04-01 20:45:00,369.32,369.37,368.9,369.08,596,9,0,0.09
2026-04-01 20:50:00,369.08,369.5,368.8,369.37,504,10,0,0.1
2026-04-01 20:55:00,369.37,369.37,368.98,369.16,467,9,0,0.09
2026-04-02 15:30:00,366.16,366.31,364.35,365.55,590,10,0,0.1
2026-04-02 15:35:00,365.55,366.39,364.92,365.2,552,10,0,0.1
2026-04-02 15:40:00,365.33,365.47,364.06,364.77,724,10,0,0.1
2026-04-02 15:45:00,364.78,365.64,364.56,365.06,750,9,0,0.09
2026-04-02 15:50:00,365.09,365.96,365.0,365.84,665,10,0,0.1
2026-04-02 15:55:00,365.81,366.09,365.52,365.85,567,10,0,0.1
2026-04-02 16:00:00,365.83,366.23,365.01,365.19,640,10,0,0.1
2026-04-02 16:05:00,365.17,366.23,364.98,365.79,650,9,0,0.09
2026-04-02 16:10:00,365.87,366.78,365.54,366.73,512,10,0,0.1
2026-04-02 16:15:00,366.77,367.04,366.03,366.23,507,9,0,0.09
2026-04-02 16:20:00,366.23,366.91,365.95,366.7,626,10,0,0.1
2026-04-02 16:25:00,366.68,366.97,366.08,366.62,539,11,0,0.11
2026-04-02 16:30:00,366.55,368.06,366.47,367.91,598,10,0,0.1
2026-04-02 16:35:00,368.01,370.94,367.88,370.2,893,10,0,0.1
2026-04-02 16:40:00,370.14,370.16,368.97,369.89,522,10,0,0.1
2026-04-02 16:45:00,369.99,370.28,369.26,369.26,769,10,0,0.1
2026-04-02 16:50:00,369.26,369.43,368.45,369.01,631,11,0,0.11
2026-04-02 16:55:00,369.03,370.47,368.99,369.88,756,10,0,0.1
2026-04-02 17:00:00,369.87,370.46,369.25,370.22,842,11,0,0.11
2026-04-02 17:05:00,370.22,370.53,369.51,370.47,639,10,0,0.1
2026-04-02 17:10:00,370.44,371.14,370.34,370.64,611,10,0,0.1
2026-04-02 17:15:00,370.67,370.8,370.06,370.49,624,10,0,0.1
2026-04-02 17:20:00,370.41,370.45,369.6,370.32,738,10,0,0.1
2026-04-02 17:25:00,370.32,370.95,370.1,370.71,649,9,0,0.09
2026-04-02 17:30:00,370.81,370.91,370.26,370.62,550,10,0,0.1
2026-04-02 17:35:00,370.61,371.21,370.48,370.72,570,9,0,0.09
2026-04-02 17:40:00,370.74,371.19,370.38,371.0,563,9,0,0.09
2026-04-02 17:45:00,371.0,371.07,369.97,370.07,567,9,0,0.09
2026-04-02 17:50:00,370.07,370.49,369.49,370.37,671,9,0,0.09
2026-04-02 17:55:00,370.34,370.58,369.9,370.21,557,10,0,0.1
2026-04-02 18:00:00,370.21,370.45,369.81,369.91,539,10,0,0.1
2026-04-02 18:05:00,369.85,370.12,369.33,369.76,551,9,0,0.09
2026-04-02 18:10:00,369.76,370.03,369.43,369.86,557,9,0,0.09
2026-04-02 18:15:00,369.84,369.99,369.53,369.54,487,10,0,0.1
2026-04-02 18:20:00,369.56,370.06,369.32,369.52,519,11,0,0.11
2026-04-02 18:25:00,369.57,369.94,369.45,369.66,475,10,0,0.1
2026-04-02 18:30:00,369.63,370.5,369.36,370.22,531,9,0,0.09
2026-04-02 18:35:00,370.2,370.4,369.73,370.21,525,10,0,0.1
2026-04-02 18:40:00,370.19,371.25,370.19,371.11,467,12,0,0.12
2026-04-02 18:45:00,371.1,371.39,370.87,371.34,479,9,0,0.09
2026-04-02 18:50:00,371.27,371.62,371.27,371.37,483,9,0,0.09
2026-04-02 18:55:00,371.37,371.39,370.88,370.98,487,9,0,0.09
2026-04-02 19:00:00,370.98,371.06,370.55,370.77,545,9,0,0.09
2026-04-02 19:05:00,370.79,370.92,370.5,370.73,493,10,0,0.1
2026-04-02 19:10:00,370.73,371.26,370.43,371.25,428,10,0,0.1
2026-04-02 19:15:00,371.25,371.72,371.17,371.55,527,9,0,0.09
2026-04-02 19:20:00,371.57,371.83,371.46,371.65,476,9,0,0.09
2026-04-02 19:25:00,371.65,371.77,371.4,371.51,411,10,0,0.1
2026-04-02 19:30:00,371.56,371.77,371.4,371.59,377,9,0,0.09
2026-04-02 19:35:00,371.59,371.69,371.38,371.59,372,10,0,0.1
2026-04-02 19:40:00,371.64,371.77,371.21,371.48,404,9,0,0.09
2026-04-02 19:45:00,371.54,371.54,370.45,370.56,456,10,0,0.1
2026-04-02 19:50:00,370.57,370.84,370.46,370.77,445,9,0,0.09
2026-04-02 19:55:00,370.78,370.92,370.53,370.8,411,10,0,0.1
2026-04-02 20:00:00,370.83,371.32,370.73,371.3,534,9,0,0.09
2026-04-02 20:05:00,371.3,371.58,371.17,371.27,446,10,0,0.1
2026-04-02 20:10:00,371.25,371.52,371.13,371.24,436,10,0,0.1
2026-04-02 20:15:00,371.25,371.32,370.97,371.25,480,10,0,0.1
2026-04-02 20:20:00,371.25,371.49,371.02,371.07,514,9,0,0.09
2026-04-02 20:25:00,371.0,371.2,370.84,370.88,485,9,0,0.09
2026-04-02 20:30:00,370.86,371.35,370.86,371.3,442,10,0,0.1
2026-04-02 20:35:00,371.31,371.46,370.86,370.95,337,9,0,0.09
2026-04-02 20:40:00,370.97,371.55,370.96,371.54,366,9,0,0.09
2026-04-02 20:45:00,371.56,371.56,370.98,371.15,306,9,0,0.09
2026-04-02 20:50:00,371.15,371.63,370.96,371.34,387,9,0,0.09
2026-04-02 20:55:00,371.32,371.37,371.12,371.32,278,10,0,0.1
2026-04-06 15:30:00,372.61,373.4,372.05,372.51,577,9,0,0.09
2026-04-06 15:35:00,372.53,372.99,369.35,370.8,706,10,0,0.1
2026-04-06 15:40:00,370.76,371.04,370.28,370.88,657,9,0,0.09
2026-04-06 15:45:00,370.95,371.98,370.9,371.72,721,12,0,0.12
2026-04-06 15:50:00,371.72,372.85,371.61,372.37,597,11,0,0.11
2026-04-06 15:55:00,372.38,373.17,372.32,373.14,646,10,0,0.1
2026-04-06 16:00:00,372.85,373.37,371.71,371.83,631,10,0,0.1
2026-04-06 16:05:00,371.85,372.6,371.63,372.6,535,12,0,0.12
2026-04-06 16:10:00,372.54,372.68,371.65,372.63,588,11,0,0.11
2026-04-06 16:15:00,372.65,372.76,372.36,372.61,590,10,0,0.1
2026-04-06 16:20:00,372.62,372.97,372.5,372.62,498,10,0,0.1
2026-04-06 16:25:00,372.62,372.94,372.43,372.6,469,11,0,0.11
2026-04-06 16:30:00,372.6,372.87,372.15,372.33,351,10,0,0.1
2026-04-06 16:35:00,372.33,372.59,371.63,371.63,513,10,0,0.1
2026-04-06 16:40:00,371.63,372.18,371.45,371.77,488,12,0,0.12
2026-04-06 16:45:00,371.77,371.77,371.1,371.19,420,11,0,0.11
2026-04-06 16:50:00,371.19,371.61,371.08,371.51,457,11,0,0.11
2026-04-06 16:55:00,371.56,372.23,371.45,371.9,404,11,0,0.11
2026-04-06 17:00:00,371.93,372.18,371.46,371.78,327,10,0,0.1
2026-04-06 17:05:00,371.78,372.57,371.66,372.45,430,9,0,0.09
2026-04-06 17:10:00,372.43,372.51,371.95,372.2,431,10,0,0.1
2026-04-06 17:15:00,372.17,372.37,371.91,372.11,409,10,0,0.1
2026-04-06 17:20:00,371.91,371.94,371.56,371.67,435,12,0,0.12
2026-04-06 17:25:00,371.68,371.83,371.26,371.32,377,10,0,0.1
2026-04-06 17:30:00,371.31,371.4,370.86,371.07,311,10,0,0.1
2026-04-06 17:35:00,371.12,371.34,370.8,371.3,285,10,0,0.1
2026-04-06 17:40:00,371.31,371.51,371.12,371.35,299,10,0,0.1
2026-04-06 17:45:00,371.33,371.66,371.2,371.53,237,9,0,0.09
2026-04-06 17:50:00,371.51,371.73,371.42,371.58,259,10,0,0.1
2026-04-06 17:55:00,371.55,371.7,371.38,371.55,325,10,0,0.1
2026-04-06 18:00:00,371.48,371.59,371.25,371.26,318,10,0,0.1
2026-04-06 18:05:00,371.26,371.48,371.2,371.27,253,9,0,0.09
2026-04-06 18:10:00,371.29,371.47,371.18,371.44,229,9,0,0.09
2026-04-06 18:15:00,371.42,371.57,371.34,371.36,197,9,0,0.09
2026-04-06 18:20:00,371.37,371.77,371.26,371.74,243,9,0,0.09
2026-04-06 18:25:00,371.74,371.99,371.52,371.91,241,10,0,0.1
2026-04-06 18:30:00,371.91,372.39,371.73,372.38,269,9,0,0.09
2026-04-06 18:35:00,372.38,372.91,372.29,372.75,202,9,0,0.09
2026-04-06 18:40:00,372.74,372.74,372.42,372.52,271,9,0,0.09
2026-04-06 18:45:00,372.5,372.63,372.25,372.45,256,9,0,0.09
2026-04-06 18:50:00,372.48,372.49,371.86,372.11,242,9,0,0.09
2026-04-06 18:55:00,372.13,372.19,371.75,372.11,304,10,0,0.1
2026-04-06 19:00:00,372.11,372.11,371.55,371.79,414,10,0,0.1
2026-04-06 19:05:00,371.76,372.04,371.58,371.84,329,10,0,0.1
2026-04-06 19:10:00,371.84,371.88,370.63,370.92,439,11,0,0.11
2026-04-06 19:15:00,370.95,371.36,370.75,371.34,427,10,0,0.1
2026-04-06 19:20:00,371.32,371.8,371.13,371.79,343,9,0,0.09
2026-04-06 19:25:00,371.76,372.23,371.65,372.19,373,11,0,0.11
2026-04-06 19:30:00,372.21,372.47,372.05,372.07,370,10,0,0.1
2026-04-06 19:35:00,372.0,372.2,371.75,371.96,296,9,0,0.09
2026-04-06 19:40:00,371.98,372.6,371.87,372.53,381,10,0,0.1
2026-04-06 19:45:00,372.55,372.55,371.76,371.77,288,9,0,0.09
2026-04-06 19:50:00,371.77,372.02,371.52,371.64,285,10,0,0.1
2026-04-06 19:55:00,371.66,371.81,371.56,371.56,262,9,0,0.09
2026-04-06 20:00:00,371.57,371.67,371.42,371.46,304,10,0,0.1
2026-04-06 20:05:00,371.44,372.18,371.42,372.13,280,9,0,0.09
2026-04-06 20:10:00,372.11,372.66,372.04,372.58,519,10,0,0.1
2026-04-06 20:15:00,372.61,373.22,372.57,373.13,490,9,0,0.09
2026-04-06 20:20:00,373.03,373.57,372.95,373.35,397,9,0,0.09
2026-04-06 20:25:00,373.37,373.45,372.78,372.84,445,10,0,0.1
2026-04-06 20:30:00,372.82,373.23,372.56,372.67,300,10,0,0.1
2026-04-06 20:35:00,372.62,372.82,372.5,372.52,287,10,0,0.1
2026-04-06 20:40:00,372.52,372.52,372.22,372.35,242,10,0,0.1
2026-04-06 20:45:00,372.37,372.54,372.18,372.36,256,10,0,0.1
2026-04-06 20:50:00,372.35,372.65,372.29,372.44,310,9,0,0.09
2026-04-06 20:55:00,372.45,372.56,372.35,372.47,245,10,0,0.1
2026-04-07 15:30:00,370.41,371.29,370.02,370.6,602,10,0,0.1
2026-04-07 15:35:00,370.55,370.91,369.67,369.81,730,12,0,0.12
2026-04-07 15:40:00,369.92,370.87,369.72,370.47,590,11,0,0.11
2026-04-07 15:45:00,370.48,371.34,370.33,371.0,601,11,0,0.11
2026-04-07 15:50:00,370.99,371.02,370.08,370.3,855,12,0,0.12
2026-04-07 15:55:00,370.38,370.5,369.61,369.63,637,10,0,0.1
2026-04-07 16:00:00,369.59,369.74,368.69,368.87,868,9,0,0.09
2026-04-07 16:05:00,368.86,368.93,367.79,368.19,779,9,0,0.09
2026-04-07 16:10:00,368.17,368.56,368.03,368.38,671,9,0,0.09
2026-04-07 16:15:00,368.37,368.96,368.2,368.87,689,9,0,0.09
2026-04-07 16:20:00,368.85,369.65,368.8,369.51,765,10,0,0.1
2026-04-07 16:25:00,369.44,369.71,369.32,369.66,622,11,0,0.11
2026-04-07 16:30:00,369.66,369.93,369.19,369.52,622,10,0,0.1
2026-04-07 16:35:00,369.51,369.61,368.83,369.02,544,10,0,0.1
2026-04-07 16:40:00,369.03,369.14,368.67,369.0,540,9,0,0.09
2026-04-07 16:45:00,368.98,369.28,368.65,368.68,547,11,0,0.11
2026-04-07 16:50:00,368.69,368.71,368.11,368.14,430,10,0,0.1
2026-04-07 16:55:00,368.15,368.2,367.23,367.26,499,10,0,0.1
2026-04-07 17:00:00,367.23,367.32,366.71,366.9,682,10,0,0.1
2026-04-07 17:05:00,366.87,367.0,366.5,366.87,645,10,0,0.1
2026-04-07 17:10:00,366.9,367.54,366.89,367.4,483,9,0,0.09
2026-04-07 17:15:00,367.44,368.58,367.35,368.01,635,10,0,0.1
2026-04-07 17:20:00,368.01,368.04,367.61,367.77,487,10,0,0.1
2026-04-07 17:25:00,367.79,368.08,367.71,367.97,445,9,0,0.09
2026-04-07 17:30:00,368.03,368.33,367.82,368.3,494,10,0,0.1
2026-04-07 17:35:00,368.3,368.45,367.87,368.16,414,9,0,0.09
2026-04-07 17:40:00,368.15,368.42,367.94,368.17,423,9,0,0.09
2026-04-07 17:45:00,368.17,368.78,368.15,368.73,353,9,0,0.09
2026-04-07 17:50:00,368.77,368.93,368.39,368.92,414,10,0,0.1
2026-04-07 17:55:00,368.84,369.33,368.64,369.18,568,11,0,0.11
2026-04-07 18:00:00,369.24,370.73,369.11,369.85,789,9,0,0.09
2026-04-07 18:05:00,369.87,370.09,369.55,369.61,659,12,0,0.12
2026-04-07 18:10:00,369.57,369.85,369.53,369.71,390,10,0,0.1
2026-04-07 18:15:00,369.7,370.04,369.53,369.81,494,10,0,0.1
2026-04-07 18:20:00,369.79,370.47,369.63,370.07,641,11,0,0.11
2026-04-07 18:25:00,370.07,370.74,369.91,370.58,580,12,0,0.12
2026-04-07 18:30:00,370.56,370.74,370.35,370.63,530,10,0,0.1
2026-04-07 18:35:00,370.7,370.7,370.12,370.36,426,10,0,0.1
2026-04-07 18:40:00,370.35,370.69,370.25,370.49,420,10,0,0.1
2026-04-07 18:45:00,370.49,371.05,370.47,370.86,403,9,0,0.09
2026-04-07 18:50:00,370.84,371.06,370.71,370.87,456,11,0,0.11
2026-04-07 18:55:00,370.96,370.96,370.57,370.62,369,11,0,0.11
2026-04-07 19:00:00,370.6,371.01,370.47,370.66,517,10,0,0.1
2026-04-07 19:05:00,370.66,370.84,370.49,370.49,329,10,0,0.1
2026-04-07 19:10:00,370.51,370.63,370.21,370.25,271,10,0,0.1
2026-04-07 19:15:00,370.25,370.5,370.13,370.37,349,10,0,0.1
2026-04-07 19:20:00,370.37,370.43,369.97,370.28,445,9,0,0.09
2026-04-07 19:25:00,370.29,370.39,370.12,370.25,266,10,0,0.1
2026-04-07 19:30:00,370.28,370.95,370.25,370.85,284,10,0,0.1
2026-04-07 19:35:00,370.85,371.67,370.83,371.25,576,11,0,0.11
2026-04-07 19:40:00,371.25,371.25,370.72,370.83,384,11,0,0.11
2026-04-07 19:45:00,370.79,370.9,370.47,370.75,404,11,0,0.11
2026-04-07 19:50:00,370.78,371.01,370.63,370.73,327,11,0,0.11
2026-04-07 19:55:00,370.72,370.8,370.49,370.76,349,10,0,0.1
2026-04-07 20:00:00,370.74,371.16,370.65,370.82,488,10,0,0.1
2026-04-07 20:05:00,370.82,370.96,370.67,370.84,326,10,0,0.1
2026-04-07 20:10:00,370.87,370.93,370.53,370.62,358,9,0,0.09
2026-04-07 20:15:00,370.65,370.7,370.4,370.55,339,9,0,0.09
2026-04-07 20:20:00,370.55,370.69,370.03,370.15,377,9,0,0.09
2026-04-07 20:25:00,370.16,370.34,369.95,370.18,323,10,0,0.1
2026-04-07 20:30:00,370.19,370.2,369.85,370.03,307,11,0,0.11
2026-04-07 20:35:00,369.99,370.31,369.96,370.29,310,10,0,0.1
2026-04-07 20:40:00,370.27,370.37,369.53,369.74,407,10,0,0.1
2026-04-07 20:45:00,369.75,369.95,369.41,369.52,407,10,0,0.1
2026-04-07 20:50:00,369.52,369.76,369.13,369.21,347,10,0,0.1
2026-04-07 20:55:00,369.23,369.23,368.58,368.8,492,10,0,0.1
2026-04-08 15:30:00,383.24,384.03,377.86,381.64,671,0,0,0.0
2026-04-08 15:35:00,381.62,382.05,380.13,380.5,781,10,0,0.1
2026-04-08 15:40:00,380.62,380.62,378.45,378.45,791,9,0,0.09
2026-04-08 15:45:00,378.45,380.14,378.19,380.01,755,9,0,0.09
2026-04-08 15:50:00,380.1,380.15,378.84,379.03,574,9,0,0.09
2026-04-08 15:55:00,379.03,379.51,378.77,379.0,610,10,0,0.1
2026-04-08 16:00:00,378.97,379.32,378.63,379.08,593,9,0,0.09
2026-04-08 16:05:00,379.06,379.38,378.21,378.68,663,9,0,0.09
2026-04-08 16:10:00,378.58,379.3,378.46,378.46,512,9,0,0.09
2026-04-08 16:15:00,378.48,379.5,378.46,378.98,591,9,0,0.09
2026-04-08 16:20:00,378.98,379.48,378.53,378.83,630,9,0,0.09
2026-04-08 16:25:00,378.81,379.16,378.29,378.63,654,9,0,0.09
2026-04-08 16:30:00,378.56,379.25,378.56,378.83,565,10,0,0.1
2026-04-08 16:35:00,378.82,378.99,378.2,378.97,577,9,0,0.09
2026-04-08 16:40:00,379.06,379.3,378.48,378.75,430,9,0,0.09
2026-04-08 16:45:00,378.75,379.04,378.05,378.1,476,9,0,0.09
2026-04-08 16:50:00,378.07,378.48,377.58,377.73,504,9,0,0.09
2026-04-08 16:55:00,377.7,378.36,376.82,378.14,504,9,0,0.09
2026-04-08 17:00:00,378.17,378.47,378.01,378.39,460,9,0,0.09
2026-04-08 17:05:00,378.39,378.45,377.62,377.67,395,9,0,0.09
2026-04-08 17:10:00,377.64,377.98,377.45,377.68,420,9,0,0.09
2026-04-08 17:15:00,377.68,377.69,376.93,377.37,385,9,0,0.09
2026-04-08 17:20:00,377.37,377.52,377.2,377.41,348,9,0,0.09
2026-04-08 17:25:00,377.41,377.65,377.26,377.37,395,9,0,0.09
2026-04-08 17:30:00,377.44,377.94,377.05,377.9,426,10,0,0.1
2026-04-08 17:35:00,377.91,378.12,377.75,377.85,433,9,0,0.09
2026-04-08 17:40:00,377.85,378.11,377.65,378.06,296,9,0,0.09
2026-04-08 17:45:00,378.06,378.56,378.03,378.51,318,9,0,0.09
2026-04-08 17:50:00,378.53,378.58,377.92,378.37,344,9,0,0.09
2026-04-08 17:55:00,378.35,378.74,378.25,378.49,325,9,0,0.09
2026-04-08 18:00:00,378.41,378.93,378.41,378.62,303,9,0,0.09
2026-04-08 18:05:00,378.64,378.86,378.59,378.69,242,9,0,0.09
2026-04-08 18:10:00,378.67,378.68,378.25,378.27,301,9,0,0.09
2026-04-08 18:15:00,378.25,378.58,378.2,378.2,325,10,0,0.1
2026-04-08 18:20:00,378.26,378.44,377.89,377.92,296,10,0,0.1
2026-04-08 18:25:00,377.91,378.09,377.61,377.97,311,9,0,0.09
2026-04-08 18:30:00,377.95,378.16,377.79,378.1,293,9,0,0.09
2026-04-08 18:35:00,378.12,378.21,377.95,377.96,336,9,0,0.09
2026-04-08 18:40:00,377.98,378.58,377.96,378.42,282,9,0,0.09
2026-04-08 18:45:00,378.41,378.55,378.18,378.45,272,10,0,0.1
2026-04-08 18:50:00,378.47,378.52,378.15,378.29,284,9,0,0.09
2026-04-08 18:55:00,378.29,378.74,378.27,378.35,318,9,0,0.09
2026-04-08 19:00:00,378.31,378.62,378.14,378.3,309,9,0,0.09
2026-04-08 19:05:00,378.32,378.43,377.95,378.16,293,10,0,0.1
2026-04-08 19:10:00,378.16,378.16,377.82,377.85,217,10,0,0.1
2026-04-08 19:15:00,377.83,377.95,377.17,377.36,284,10,0,0.1
2026-04-08 19:20:00,377.36,377.43,376.9,377.13,391,9,0,0.09
2026-04-08 19:25:00,377.19,377.22,376.4,376.73,451,9,0,0.09
2026-04-08 19:30:00,376.67,376.9,376.4,376.57,383,9,0,0.09
2026-04-08 19:35:00,376.55,376.65,375.98,376.14,408,9,0,0.09
2026-04-08 19:40:00,376.14,376.15,375.05,375.42,428,9,0,0.09
2026-04-08 19:45:00,375.42,375.93,375.28,375.3,346,9,0,0.09
2026-04-08 19:50:00,375.31,375.84,375.07,375.64,347,10,0,0.1
2026-04-08 19:55:00,375.66,375.77,375.45,375.68,277,9,0,0.09
2026-04-08 20:00:00,375.68,376.16,375.4,376.06,341,9,0,0.09
2026-04-08 20:05:00,376.06,376.15,375.73,375.84,324,9,0,0.09
2026-04-08 20:10:00,375.84,375.95,375.23,375.3,399,9,0,0.09
2026-04-08 20:15:00,375.31,375.39,373.48,374.01,484,9,0,0.09
2026-04-08 20:20:00,374.02,374.48,373.85,374.32,394,10,0,0.1
2026-04-08 20:25:00,374.33,374.47,373.95,374.26,314,10,0,0.1
2026-04-08 20:30:00,374.26,374.43,373.56,373.91,372,9,0,0.09
2026-04-08 20:35:00,373.83,374.13,373.65,373.74,297,9,0,0.09
2026-04-08 20:40:00,373.78,373.83,373.09,373.09,388,9,0,0.09
2026-04-08 20:45:00,373.11,373.34,372.83,372.9,327,9,0,0.09
2026-04-08 20:50:00,372.89,373.1,372.39,372.62,337,9,0,0.09
2026-04-08 20:55:00,372.55,372.6,372.0,372.28,360,9,0,0.09
2026-04-09 15:30:00,370.47,371.62,368.95,369.05,558,10,0,0.1
2026-04-09 15:35:00,369.01,369.48,368.23,368.97,729,10,0,0.1
2026-04-09 15:40:00,368.96,369.75,368.45,369.65,584,9,0,0.09
2026-04-09 15:45:00,369.73,370.01,369.34,369.57,648,10,0,0.1
2026-04-09 15:50:00,369.55,369.55,367.67,367.67,654,10,0,0.1
2026-04-09 15:55:00,367.58,368.32,367.56,368.17,501,9,0,0.09
2026-04-09 16:00:00,368.18,368.27,367.15,367.61,552,9,0,0.09
2026-04-09 16:05:00,367.59,368.17,367.15,367.32,499,9,0,0.09
2026-04-09 16:10:00,367.3,368.51,366.99,368.23,500,9,0,0.09
2026-04-09 16:15:00,368.22,368.31,367.29,367.38,488,9,0,0.09
2026-04-09 16:20:00,367.38,367.81,367.11,367.7,516,9,0,0.09
2026-04-09 16:25:00,367.68,367.72,367.07,367.5,423,9,0,0.09
2026-04-09 16:30:00,367.48,367.68,367.0,367.27,436,10,0,0.1
2026-04-09 16:35:00,367.29,367.86,367.1,367.63,358,9,0,0.09
2026-04-09 16:40:00,367.63,367.69,367.0,367.2,365,9,0,0.09
2026-04-09 16:45:00,367.15,367.56,367.06,367.22,326,9,0,0.09
2026-04-09 16:50:00,367.2,367.78,367.07,367.63,415,9,0,0.09
2026-04-09 16:55:00,367.67,368.06,367.35,368.06,385,9,0,0.09
2026-04-09 17:00:00,368.08,368.28,367.77,367.95,530,9,0,0.09
2026-04-09 17:05:00,367.95,367.96,367.65,367.81,336,9,0,0.09
2026-04-09 17:10:00,367.81,368.66,367.75,368.66,381,9,0,0.09
2026-04-09 17:15:00,368.64,369.67,368.59,369.65,435,9,0,0.09
2026-04-09 17:20:00,369.65,369.78,369.03,369.26,334,9,0,0.09
2026-04-09 17:25:00,369.26,369.45,368.75,368.75,272,9,0,0.09
2026-04-09 17:30:00,368.75,369.76,368.33,369.22,475,10,0,0.1
2026-04-09 17:35:00,369.22,369.33,368.61,368.67,377,10,0,0.1
2026-04-09 17:40:00,368.61,369.26,368.58,368.97,335,9,0,0.09
2026-04-09 17:45:00,368.98,369.87,368.65,369.58,353,10,0,0.1
2026-04-09 17:50:00,369.51,370.06,369.47,370.04,323,9,0,0.09
2026-04-09 17:55:00,370.07,370.37,369.8,370.1,310,10,0,0.1
2026-04-09 18:00:00,370.15,371.34,370.04,371.17,442,9,0,0.09
2026-04-09 18:05:00,371.2,371.58,370.88,371.48,339,10,0,0.1
2026-04-09 18:10:00,371.5,371.9,370.98,371.03,358,9,0,0.09
2026-04-09 18:15:00,371.01,371.61,370.95,371.57,265,9,0,0.09
2026-04-09 18:20:00,371.58,371.59,371.15,371.25,271,9,0,0.09
2026-04-09 18:25:00,371.2,371.34,370.96,371.24,301,9,0,0.09
2026-04-09 18:30:00,371.21,371.47,370.95,371.27,324,9,0,0.09
2026-04-09 18:35:00,371.32,371.36,371.01,371.16,248,10,0,0.1
2026-04-09 18:40:00,371.2,371.5,371.07,371.5,231,9,0,0.09
2026-04-09 18:45:00,371.49,371.65,371.19,371.56,262,10,0,0.1
2026-04-09 18:50:00,371.56,372.23,371.56,372.16,320,10,0,0.1
2026-04-09 18:55:00,372.18,372.22,371.77,371.91,288,9,0,0.09
2026-04-09 19:00:00,371.91,372.44,371.77,372.25,302,9,0,0.09
2026-04-09 19:05:00,372.25,372.79,372.12,372.62,321,9,0,0.09
2026-04-09 19:10:00,372.61,372.85,372.37,372.56,262,9,0,0.09
2026-04-09 19:15:00,372.5,372.86,372.39,372.49,282,9,0,0.09
2026-04-09 19:20:00,372.46,372.63,372.21,372.22,237,9,0,0.09
2026-04-09 19:25:00,372.21,372.23,371.77,371.81,284,9,0,0.09
2026-04-09 19:30:00,371.82,371.82,371.11,371.16,351,10,0,0.1
2026-04-09 19:35:00,371.17,372.2,371.17,372.17,307,9,0,0.09
2026-04-09 19:40:00,372.15,372.75,372.04,372.3,273,9,0,0.09
2026-04-09 19:45:00,372.35,372.41,371.95,372.31,271,9,0,0.09
2026-04-09 19:50:00,372.27,372.35,371.99,372.22,304,9,0,0.09
2026-04-09 19:55:00,372.2,372.22,371.68,371.81,215,9,0,0.09
2026-04-09 20:00:00,371.81,371.91,370.55,370.55,376,9,0,0.09
2026-04-09 20:05:00,370.57,370.94,370.26,370.4,320,9,0,0.09
2026-04-09 20:10:00,370.44,370.6,369.55,369.68,336,9,0,0.09
2026-04-09 20:15:00,369.61,369.73,369.33,369.41,331,9,0,0.09
2026-04-09 20:20:00,369.43,369.7,368.8,369.04,399,9,0,0.09
2026-04-09 20:25:00,369.06,369.52,368.95,369.51,328,9,0,0.09
2026-04-09 20:30:00,369.49,369.9,369.31,369.84,320,9,0,0.09
2026-04-09 20:35:00,369.74,370.35,369.67,370.35,288,9,0,0.09
2026-04-09 20:40:00,370.35,370.44,369.99,370.16,266,9,0,0.09
2026-04-09 20:45:00,370.06,370.48,370.06,370.46,253,9,0,0.09
2026-04-09 20:50:00,370.44,370.47,369.95,370.42,262,9,0,0.09
2026-04-09 20:55:00,370.43,370.49,370.21,370.39,231,9,0,0.09
2026-04-10 15:30:00,371.97,375.5,371.43,374.96,494,11,0,0.11
2026-04-10 15:35:00,374.98,374.98,373.46,374.43,572,10,0,0.1
2026-04-10 15:40:00,374.42,375.03,372.9,373.81,521,9,0,0.09
2026-04-10 15:45:00,373.83,374.23,372.4,372.42,559,9,0,0.09
2026-04-10 15:50:00,372.57,373.04,370.97,372.77,576,10,0,0.1
2026-04-10 15:55:00,372.77,373.0,372.22,372.75,378,10,0,0.1
2026-04-10 16:00:00,372.67,373.23,372.06,372.26,434,10,0,0.1
2026-04-10 16:05:00,372.31,372.65,371.57,372.19,416,9,0,0.09
2026-04-10 16:10:00,372.07,373.81,372.07,373.73,413,10,0,0.1
2026-04-10 16:15:00,373.8,374.1,373.45,373.83,445,9,0,0.09
2026-04-10 16:20:00,373.76,373.83,372.95,373.62,363,9,0,0.09
2026-04-10 16:25:00,373.58,373.69,372.83,372.93,372,10,0,0.1
2026-04-10 16:30:00,372.96,373.42,372.85,373.17,360,9,0,0.09
2026-04-10 16:35:00,373.13,374.19,372.95,373.7,403,9,0,0.09
2026-04-10 16:40:00,373.7,373.98,372.98,373.12,450,10,0,0.1
2026-04-10 16:45:00,373.1,373.49,372.65,372.68,378,10,0,0.1
2026-04-10 16:50:00,372.72,372.8,371.67,371.9,357,9,0,0.09
2026-04-10 16:55:00,371.92,372.26,371.6,372.23,336,9,0,0.09
2026-04-10 17:00:00,372.14,372.54,372.04,372.2,347,10,0,0.1
2026-04-10 17:05:00,372.22,372.3,371.87,372.18,358,9,0,0.09
2026-04-10 17:10:00,372.19,372.85,372.16,372.54,299,10,0,0.1
2026-04-10 17:15:00,372.6,373.18,372.38,373.09,305,10,0,0.1
2026-04-10 17:20:00,373.07,373.1,372.47,372.77,293,9,0,0.09
2026-04-10 17:25:00,372.72,372.72,372.04,372.12,339,9,0,0.09
2026-04-10 17:30:00,372.13,372.14,370.81,371.07,405,9,0,0.09
2026-04-10 17:35:00,371.05,371.33,370.95,370.99,296,9,0,0.09
2026-04-10 17:40:00,371.0,371.07,370.56,370.94,377,9,0,0.09
2026-04-10 17:45:00,370.96,371.0,370.16,370.56,330,9,0,0.09
2026-04-10 17:50:00,370.57,370.67,370.18,370.23,346,9,0,0.09
2026-04-10 17:55:00,370.21,370.68,370.1,370.68,357,9,0,0.09
2026-04-10 18:00:00,370.68,370.85,370.45,370.76,310,9,0,0.09
2026-04-10 18:05:00,370.79,371.18,370.79,371.02,239,9,0,0.09
2026-04-10 18:10:00,371.04,371.86,371.02,371.72,244,9,0,0.09
2026-04-10 18:15:00,371.66,372.01,371.61,371.93,242,9,0,0.09
2026-04-10 18:20:00,371.93,372.37,371.63,372.37,265,9,0,0.09
2026-04-10 18:25:00,372.35,372.36,371.96,372.13,214,9,0,0.09
2026-04-10 18:30:00,372.17,372.19,371.6,371.77,217,9,0,0.09
2026-04-10 18:35:00,371.78,371.78,371.24,371.38,226,9,0,0.09
2026-04-10 18:40:00,371.31,371.37,370.86,370.95,254,9,0,0.09
2026-04-10 18:45:00,370.95,371.25,370.86,370.98,269,9,0,0.09
2026-04-10 18:50:00,370.98,371.42,370.88,371.28,255,9,0,0.09
2026-04-10 18:55:00,371.29,371.43,371.1,371.36,211,9,0,0.09
2026-04-10 19:00:00,371.37,371.44,371.11,371.22,226,9,0,0.09
2026-04-10 19:05:00,371.22,371.28,370.91,371.19,213,9,0,0.09
2026-04-10 19:10:00,371.12,371.42,370.98,371.31,178,9,0,0.09
2026-04-10 19:15:00,371.31,371.42,370.96,371.09,270,9,0,0.09
2026-04-10 19:20:00,371.09,371.2,370.9,371.0,205,9,0,0.09
2026-04-10 19:25:00,371.01,371.42,370.82,370.85,224,9,0,0.09
2026-04-10 19:30:00,370.84,371.07,370.45,370.55,268,9,0,0.09
2026-04-10 19:35:00,370.53,370.63,370.27,370.53,255,9,0,0.09
2026-04-10 19:40:00,370.53,371.01,370.25,370.99,266,9,0,0.09
2026-04-10 19:45:00,370.96,371.02,370.36,370.45,221,9,0,0.09
2026-04-10 19:50:00,370.46,370.79,370.44,370.71,195,9,0,0.09
2026-04-10 19:55:00,370.71,371.09,370.59,371.09,183,9,0,0.09
2026-04-10 20:00:00,371.11,371.13,370.31,370.4,225,9,0,0.09
2026-04-10 20:05:00,370.38,370.41,369.96,370.22,281,9,0,0.09
2026-04-10 20:10:00,370.25,370.46,370.15,370.39,242,9,0,0.09
2026-04-10 20:15:00,370.41,370.69,370.3,370.55,264,9,0,0.09
2026-04-10 20:20:00,370.54,370.78,370.46,370.58,208,9,0,0.09
2026-04-10 20:25:00,370.6,370.6,370.06,370.33,287,9,0,0.09
2026-04-10 20:30:00,370.31,370.53,370.2,370.27,263,9,0,0.09
2026-04-10 20:35:00,370.23,370.35,370.19,370.26,212,9,0,0.09
2026-04-10 20:40:00,370.27,370.32,370.0,370.29,265,9,0,0.09
2026-04-10 20:45:00,370.32,370.35,370.12,370.28,205,9,0,0.09
2026-04-10 20:50:00,370.26,370.67,370.22,370.66,209,9,0,0.09
2026-04-10 20:55:00,370.66,370.97,370.55,370.95,245,9,0,0.09
2026-04-13 15:30:00,372.14,372.44,371.59,372.16,623,12,0,0.12
2026-04-13 15:35:00,372.21,372.41,371.04,372.14,609,10,0,0.1
2026-04-13 15:40:00,372.11,372.18,370.95,371.29,461,10,0,0.1
2026-04-13 15:45:00,371.43,372.99,371.19,372.99,684,9,0,0.09
2026-04-13 15:50:00,373.05,373.48,372.3,373.25,672,9,0,0.09
2026-04-13 15:55:00,373.23,374.45,373.12,374.35,689,9,0,0.09
2026-04-13 16:00:00,374.36,377.41,374.33,377.34,886,9,0,0.09
2026-04-13 16:05:00,377.32,377.84,376.69,377.55,663,9,0,0.09
2026-04-13 16:10:00,377.52,377.54,375.34,375.67,710,10,0,0.1
2026-04-13 16:15:00,375.67,375.72,374.6,375.09,525,9,0,0.09
2026-04-13 16:20:00,375.12,376.38,374.48,376.21,626,9,0,0.09
2026-04-13 16:25:00,376.25,377.43,375.96,377.39,535,9,0,0.09
2026-04-13 16:30:00,377.39,377.47,376.77,376.82,515,9,0,0.09
2026-04-13 16:35:00,376.79,376.79,375.92,376.28,424,9,0,0.09
2026-04-13 16:40:00,376.28,376.83,376.26,376.7,416,9,0,0.09
2026-04-13 16:45:00,376.74,377.14,376.52,377.02,380,9,0,0.09
2026-04-13 16:50:00,377.0,378.69,376.99,378.39,487,9,0,0.09
2026-04-13 16:55:00,378.37,379.55,378.13,379.29,532,9,0,0.09
2026-04-13 17:00:00,379.31,379.38,378.23,378.23,578,9,0,0.09
2026-04-13 17:05:00,378.23,378.92,378.23,378.51,439,9,0,0.09
2026-04-13 17:10:00,378.5,378.74,378.12,378.33,431,9,0,0.09
2026-04-13 17:15:00,378.36,378.77,378.36,378.72,391,9,0,0.09
2026-04-13 17:20:00,378.78,379.88,378.72,379.71,456,9,0,0.09
2026-04-13 17:25:00,379.73,380.49,379.62,380.32,485,9,0,0.09
2026-04-13 17:30:00,380.3,380.64,379.73,379.87,399,9,0,0.09
2026-04-13 17:35:00,379.9,380.76,379.77,380.6,470,9,0,0.09
2026-04-13 17:40:00,380.6,381.06,380.29,380.48,465,9,0,0.09
2026-04-13 17:45:00,380.46,380.48,380.05,380.28,361,9,0,0.09
2026-04-13 17:50:00,380.29,380.52,380.15,380.42,300,9,0,0.09
2026-04-13 17:55:00,380.4,380.59,379.75,379.82,381,9,0,0.09
2026-04-13 18:00:00,379.79,379.84,379.23,379.54,375,9,0,0.09
2026-04-13 18:05:00,379.55,380.12,379.34,379.62,442,9,0,0.09
2026-04-13 18:10:00,379.56,380.11,379.56,380.07,347,9,0,0.09
2026-04-13 18:15:00,380.09,380.34,379.87,380.26,282,9,0,0.09
2026-04-13 18:20:00,380.28,380.72,380.22,380.72,332,9,0,0.09
2026-04-13 18:25:00,380.72,381.48,380.69,381.33,400,9,0,0.09
2026-04-13 18:30:00,381.35,381.6,381.04,381.16,452,10,0,0.1
2026-04-13 18:35:00,381.14,381.77,380.75,380.75,438,9,0,0.09
2026-04-13 18:40:00,380.69,380.83,379.95,380.45,530,10,0,0.1
2026-04-13 18:45:00,380.47,380.71,380.12,380.34,380,10,0,0.1
2026-04-13 18:50:00,380.37,381.08,380.37,381.01,424,9,0,0.09
2026-04-13 18:55:00,380.99,381.12,380.65,381.02,265,9,0,0.09
2026-04-13 19:00:00,381.03,381.19,380.69,381.12,271,9,0,0.09
2026-04-13 19:05:00,381.13,381.33,380.93,381.18,254,9,0,0.09
2026-04-13 19:10:00,381.18,381.57,381.12,381.5,285,9,0,0.09
2026-04-13 19:15:00,381.51,381.65,381.24,381.62,231,9,0,0.09
2026-04-13 19:20:00,381.66,381.76,381.42,381.47,231,9,0,0.09
2026-04-13 19:25:00,381.48,381.73,381.47,381.62,218,9,0,0.09
2026-04-13 19:30:00,381.65,381.76,381.45,381.56,273,9,0,0.09
2026-04-13 19:35:00,381.56,381.89,381.56,381.77,223,9,0,0.09
2026-04-13 19:40:00,381.73,381.77,381.39,381.51,295,9,0,0.09
2026-04-13 19:45:00,381.52,381.62,381.33,381.38,205,9,0,0.09
2026-04-13 19:50:00,381.38,381.48,381.15,381.33,239,9,0,0.09
2026-04-13 19:55:00,381.31,381.92,381.25,381.9,253,9,0,0.09
2026-04-13 20:00:00,381.92,382.27,381.67,381.93,321,9,0,0.09
2026-04-13 20:05:00,381.95,382.11,381.82,382.09,234,9,0,0.09
2026-04-13 20:10:00,382.09,382.23,381.9,382.04,248,9,0,0.09
2026-04-13 20:15:00,382.09,382.2,381.76,381.78,266,9,0,0.09
2026-04-13 20:20:00,381.79,381.97,381.52,381.52,260,9,0,0.09
2026-04-13 20:25:00,381.55,381.79,381.52,381.76,220,9,0,0.09
2026-04-13 20:30:00,381.75,382.03,381.72,382.03,248,9,0,0.09
2026-04-13 20:35:00,382.03,382.18,381.89,381.95,247,9,0,0.09
2026-04-13 20:40:00,381.94,382.17,381.76,381.9,244,9,0,0.09
2026-04-13 20:45:00,381.88,382.16,381.88,382.0,267,9,0,0.09
2026-04-13 20:50:00,382.02,382.52,381.93,382.42,320,9,0,0.09
2026-04-13 20:55:00,382.4,382.51,382.32,382.49,263,9,0,0.09
2026-04-14 15:30:00,387.34,391.91,387.27,391.81,788,10,0,0.1
2026-04-14 15:35:00,391.79,394.33,391.69,393.12,875,9,0,0.09
2026-04-14 15:40:00,393.2,393.55,392.07,392.66,852,10,0,0.1
2026-04-14 15:45:00,392.64,393.44,392.33,393.06,801,9,0,0.09
2026-04-14 15:50:00,393.07,393.13,391.07,391.35,788,10,0,0.1
2026-04-14 15:55:00,391.32,391.33,389.62,389.92,734,9,0,0.09
2026-04-14 16:00:00,389.91,390.49,389.67,390.19,680,10,0,0.1
2026-04-14 16:05:00,390.23,391.56,389.86,391.47,598,9,0,0.09
2026-04-14 16:10:00,391.48,391.5,390.84,390.92,613,9,0,0.09
2026-04-14 16:15:00,390.93,390.97,390.1,390.63,578,10,0,0.1
2026-04-14 16:20:00,390.61,392.12,390.56,392.08,585,9,0,0.09
2026-04-14 16:25:00,392.06,392.81,392.04,392.49,521,9,0,0.09
2026-04-14 16:30:00,392.47,393.17,392.18,393.01,489,9,0,0.09
2026-04-14 16:35:00,393.02,393.52,392.77,392.97,535,9,0,0.09
2026-04-14 16:40:00,392.95,393.01,391.8,392.01,467,9,0,0.09
2026-04-14 16:45:00,391.97,392.31,391.76,392.03,521,9,0,0.09
2026-04-14 16:50:00,392.03,392.23,391.27,391.83,541,9,0,0.09
2026-04-14 16:55:00,391.82,392.04,391.52,391.53,531,9,0,0.09
2026-04-14 17:00:00,391.53,392.02,391.45,391.73,523,9,0,0.09
2026-04-14 17:05:00,391.69,391.71,390.76,391.12,506,9,0,0.09
2026-04-14 17:10:00,391.11,391.2,390.33,390.42,498,10,0,0.1
2026-04-14 17:15:00,390.41,390.99,390.35,390.81,481,9,0,0.09
2026-04-14 17:20:00,390.79,391.47,390.36,391.29,456,9,0,0.09
2026-04-14 17:25:00,391.29,391.98,391.21,391.61,336,9,0,0.09
2026-04-14 17:30:00,391.61,392.28,391.59,392.18,347,9,0,0.09
2026-04-14 17:35:00,392.17,392.61,392.17,392.58,398,9,0,0.09
2026-04-14 17:40:00,392.6,393.04,392.52,393.02,446,9,0,0.09
2026-04-14 17:45:00,393.02,393.48,392.95,393.31,419,9,0,0.09
2026-04-14 17:50:00,393.32,393.8,393.29,393.62,371,9,0,0.09
2026-04-14 17:55:00,393.62,393.75,393.3,393.55,475,9,0,0.09
2026-04-14 18:00:00,393.56,393.85,393.4,393.85,384,9,0,0.09
2026-04-14 18:05:00,393.87,393.9,393.36,393.75,337,9,0,0.09
2026-04-14 18:10:00,393.78,393.8,393.42,393.67,285,9,0,0.09
2026-04-14 18:15:00,393.68,394.24,393.58,394.24,329,9,0,0.09
2026-04-14 18:20:00,394.24,394.55,393.95,394.08,412,9,0,0.09
2026-04-14 18:25:00,394.09,394.55,393.97,394.25,421,9,0,0.09
2026-04-14 18:30:00,394.25,394.47,393.95,394.05,395,9,0,0.09
2026-04-14 18:35:00,394.01,394.01,393.61,393.66,326,9,0,0.09
2026-04-14 18:40:00,393.65,393.71,393.35,393.67,367,9,0,0.09
2026-04-14 18:45:00,393.7,394.25,393.65,394.13,334,9,0,0.09
2026-04-14 18:50:00,394.13,394.17,393.75,394.15,356,9,0,0.09
2026-04-14 18:55:00,394.18,394.31,393.89,394.31,263,9,0,0.09
2026-04-14 19:00:00,394.31,394.59,393.98,394.0,287,9,0,0.09
2026-04-14 19:05:00,394.0,394.16,393.83,393.87,291,9,0,0.09
2026-04-14 19:10:00,393.87,394.13,393.87,394.01,248,9,0,0.09
2026-04-14 19:15:00,394.0,394.27,394.0,394.11,310,9,0,0.09
2026-04-14 19:20:00,394.12,394.34,393.92,393.96,360,9,0,0.09
2026-04-14 19:25:00,394.0,394.15,393.8,394.09,300,9,0,0.09
2026-04-14 19:30:00,394.1,394.47,394.02,394.13,283,9,0,0.09
2026-04-14 19:35:00,394.14,394.34,393.97,394.22,341,9,0,0.09
2026-04-14 19:40:00,394.25,394.56,394.06,394.51,293,9,0,0.09
2026-04-14 19:45:00,394.51,394.62,394.35,394.38,258,9,0,0.09
2026-04-14 19:50:00,394.38,394.43,393.87,394.06,261,9,0,0.09
2026-04-14 19:55:00,394.07,394.07,392.56,392.81,392,9,0,0.09
2026-04-14 20:00:00,392.81,392.92,391.68,391.7,451,9,0,0.09
2026-04-14 20:05:00,391.67,391.81,390.77,391.22,497,9,0,0.09
2026-04-14 20:10:00,391.25,391.44,390.79,391.27,460,9,0,0.09
2026-04-14 20:15:00,391.27,391.32,390.4,390.6,393,9,0,0.09
2026-04-14 20:20:00,390.61,390.71,390.27,390.43,449,9,0,0.09
2026-04-14 20:25:00,390.43,391.24,390.29,391.21,370,9,0,0.09
2026-04-14 20:30:00,391.14,391.97,391.12,391.9,335,9,0,0.09
2026-04-14 20:35:00,391.92,392.23,391.75,391.96,282,9,0,0.09
2026-04-14 20:40:00,391.88,391.99,391.4,391.5,331,9,0,0.09
2026-04-14 20:45:00,391.48,391.54,391.05,391.1,294,9,0,0.09
2026-04-14 20:50:00,391.09,391.29,390.85,391.06,316,9,0,0.09
2026-04-14 20:55:00,391.05,391.26,390.98,391.18,276,9,0,0.09
2026-04-15 15:30:00,397.57,400.52,396.63,399.89,727,10,0,0.1
2026-04-15 15:35:00,399.92,401.54,399.17,400.87,858,10,0,0.1
2026-04-15 15:40:00,400.81,403.39,400.57,401.95,816,9,0,0.09
2026-04-15 15:45:00,401.98,402.49,401.56,402.09,770,9,0,0.09
2026-04-15 15:50:00,402.09,403.85,402.09,402.72,765,9,0,0.09
2026-04-15 15:55:00,402.66,402.84,401.6,402.49,626,9,0,0.09
2026-04-15 16:00:00,402.53,403.94,402.49,403.41,645,9,0,0.09
2026-04-15 16:05:00,403.41,405.41,403.11,405.06,717,9,0,0.09
2026-04-15 16:10:00,405.12,405.73,404.87,405.69,740,9,0,0.09
2026-04-15 16:15:00,405.7,406.76,405.31,405.41,671,9,0,0.09
2026-04-15 16:20:00,405.45,406.21,405.23,406.21,655,10,0,0.1
2026-04-15 16:25:00,406.16,406.69,405.78,405.98,527,9,0,0.09
2026-04-15 16:30:00,406.03,406.73,405.7,406.67,526,10,0,0.1
2026-04-15 16:35:00,406.69,406.8,405.46,405.53,603,9,0,0.09
2026-04-15 16:40:00,405.54,406.08,405.39,405.7,497,10,0,0.1
2026-04-15 16:45:00,405.73,406.48,405.59,406.46,509,10,0,0.1
2026-04-15 16:50:00,406.53,406.85,406.14,406.29,480,9,0,0.09
2026-04-15 16:55:00,406.29,407.76,406.24,407.62,527,9,0,0.09
2026-04-15 17:00:00,407.57,408.82,407.57,408.18,701,9,0,0.09
2026-04-15 17:05:00,408.16,408.26,406.58,406.96,542,10,0,0.1
2026-04-15 17:10:00,406.96,407.5,406.82,407.21,528,10,0,0.1
2026-04-15 17:15:00,407.21,408.0,407.11,407.97,440,9,0,0.09
2026-04-15 17:20:00,407.97,408.33,407.75,408.28,450,9,0,0.09
2026-04-15 17:25:00,408.25,408.43,407.76,407.85,489,9,0,0.09
2026-04-15 17:30:00,407.87,407.89,407.22,407.22,467,9,0,0.09
2026-04-15 17:35:00,407.23,407.5,406.86,406.96,430,9,0,0.09
2026-04-15 17:40:00,406.97,407.02,406.53,406.8,439,9,0,0.09
2026-04-15 17:45:00,406.8,407.39,406.66,407.38,456,9,0,0.09
2026-04-15 17:50:00,407.41,407.6,406.89,407.04,404,9,0,0.09
2026-04-15 17:55:00,407.04,407.33,406.91,407.12,375,9,0,0.09
2026-04-15 18:00:00,407.07,407.52,406.77,407.47,338,10,0,0.1
2026-04-15 18:05:00,407.48,407.9,407.43,407.55,338,9,0,0.09
2026-04-15 18:10:00,407.59,407.92,407.48,407.92,339,9,0,0.09
2026-04-15 18:15:00,407.91,408.96,407.89,408.91,401,9,0,0.09
2026-04-15 18:20:00,408.9,409.13,408.75,408.89,332,9,0,0.09
2026-04-15 18:25:00,408.89,409.4,408.71,409.1,412,9,0,0.09
2026-04-15 18:30:00,409.11,409.21,408.23,408.41,551,9,0,0.09
2026-04-15 18:35:00,408.4,408.79,408.38,408.5,425,9,0,0.09
2026-04-15 18:40:00,408.5,408.5,407.6,407.79,569,10,0,0.1
2026-04-15 18:45:00,407.82,408.2,407.41,408.16,518,10,0,0.1
2026-04-15 18:50:00,408.19,408.74,408.13,408.55,424,10,0,0.1
2026-04-15 18:55:00,408.58,408.59,407.72,407.93,506,10,0,0.1
2026-04-15 19:00:00,407.98,408.59,407.81,408.59,358,10,0,0.1
2026-04-15 19:05:00,408.58,408.88,408.11,408.39,352,9,0,0.09
2026-04-15 19:10:00,408.43,408.6,407.96,408.21,333,9,0,0.09
2026-04-15 19:15:00,408.21,408.75,408.21,408.57,342,9,0,0.09
2026-04-15 19:20:00,408.55,409.23,408.55,409.12,361,9,0,0.09
2026-04-15 19:25:00,409.11,409.86,409.07,409.66,364,9,0,0.09
2026-04-15 19:30:00,409.63,409.92,409.16,409.92,410,9,0,0.09
2026-04-15 19:35:00,409.92,410.36,409.77,409.88,385,9,0,0.09
2026-04-15 19:40:00,409.81,409.81,409.37,409.73,355,9,0,0.09
2026-04-15 19:45:00,409.71,409.79,409.37,409.66,303,9,0,0.09
2026-04-15 19:50:00,409.66,410.16,409.56,410.04,305,9,0,0.09
2026-04-15 19:55:00,410.02,410.24,409.9,409.96,326,9,0,0.09
2026-04-15 20:00:00,409.98,410.44,409.62,410.29,565,9,0,0.09
2026-04-15 20:05:00,410.29,410.71,410.09,410.55,404,9,0,0.09
2026-04-15 20:10:00,410.54,411.55,410.48,411.51,398,9,0,0.09
2026-04-15 20:15:00,411.49,411.8,411.44,411.57,432,9,0,0.09
2026-04-15 20:20:00,411.59,411.66,411.19,411.54,354,9,0,0.09
2026-04-15 20:25:00,411.46,412.6,411.34,412.31,541,9,0,0.09
2026-04-15 20:30:00,412.29,413.82,412.29,413.57,590,9,0,0.09
2026-04-15 20:35:00,413.58,414.28,412.51,413.12,594,9,0,0.09
2026-04-15 20:40:00,413.09,413.18,412.57,412.8,352,9,0,0.09
2026-04-15 20:45:00,412.82,413.35,412.8,413.31,325,9,0,0.09
2026-04-15 20:50:00,413.33,413.68,413.25,413.65,432,9,0,0.09
2026-04-15 20:55:00,413.66,414.0,413.46,413.7,480,9,0,0.09
2026-04-16 15:30:00,417.7,418.49,415.63,416.57,754,11,0,0.11
2026-04-16 15:35:00,416.55,418.29,416.53,417.27,851,10,0,0.1
2026-04-16 15:40:00,417.25,418.32,417.06,417.32,818,10,0,0.1
2026-04-16 15:45:00,417.32,417.75,414.64,415.18,744,10,0,0.1
2026-04-16 15:50:00,415.18,415.18,412.23,412.25,948,9,0,0.09
2026-04-16 15:55:00,412.32,414.11,412.21,413.26,851,10,0,0.1
2026-04-16 16:00:00,413.16,413.66,412.07,413.49,858,9,0,0.09
2026-04-16 16:05:00,413.48,414.91,413.47,414.73,792,9,0,0.09
2026-04-16 16:10:00,414.71,414.98,413.71,413.8,633,10,0,0.1
2026-04-16 16:15:00,413.82,414.15,413.06,413.5,646,10,0,0.1
2026-04-16 16:20:00,413.46,414.24,413.46,413.88,529,9,0,0.09
2026-04-16 16:25:00,413.9,414.84,413.78,414.79,623,10,0,0.1
2026-04-16 16:30:00,414.78,415.81,414.77,415.01,543,9,0,0.09
2026-04-16 16:35:00,415.01,415.39,414.88,414.96,569,9,0,0.09
2026-04-16 16:40:00,414.91,415.39,414.56,415.34,515,9,0,0.09
2026-04-16 16:45:00,415.31,415.59,415.14,415.48,547,11,0,0.11
2026-04-16 16:50:00,415.43,415.5,414.39,414.84,615,10,0,0.1
2026-04-16 16:55:00,414.81,415.03,414.45,414.8,461,10,0,0.1
2026-04-16 17:00:00,414.85,414.97,414.21,414.4,515,10,0,0.1
2026-04-16 17:05:00,414.4,414.7,413.79,414.56,501,9,0,0.09
2026-04-16 17:10:00,414.54,416.05,414.52,416.0,597,10,0,0.1
2026-04-16 17:15:00,416.0,416.87,416.0,416.68,633,9,0,0.09
2026-04-16 17:20:00,416.65,418.05,416.63,417.53,549,9,0,0.09
2026-04-16 17:25:00,417.59,417.8,416.45,416.45,506,10,0,0.1
2026-04-16 17:30:00,416.3,417.41,416.15,417.41,507,10,0,0.1
2026-04-16 17:35:00,417.33,418.29,417.33,417.82,601,9,0,0.09
2026-04-16 17:40:00,417.81,417.9,416.99,417.65,502,9,0,0.09
2026-04-16 17:45:00,417.65,418.55,417.62,418.26,473,10,0,0.1
2026-04-16 17:50:00,418.26,419.28,418.26,418.74,421,9,0,0.09
2026-04-16 17:55:00,418.74,419.48,418.6,419.33,399,9,0,0.09
2026-04-16 18:00:00,419.35,420.49,419.2,420.29,588,9,0,0.09
2026-04-16 18:05:00,420.32,420.45,419.68,419.71,524,9,0,0.09
2026-04-16 18:10:00,419.74,420.32,419.58,419.74,398,10,0,0.1
2026-04-16 18:15:00,419.74,419.82,419.4,419.46,401,9,0,0.09
2026-04-16 18:20:00,419.46,419.5,419.0,419.32,387,9,0,0.09
2026-04-16 18:25:00,419.37,419.56,419.19,419.26,363,9,0,0.09
2026-04-16 18:30:00,419.27,419.49,417.7,418.04,585,10,0,0.1
2026-04-16 18:35:00,418.07,419.29,417.71,419.26,468,9,0,0.09
2026-04-16 18:40:00,419.27,419.56,419.26,419.51,365,10,0,0.1
2026-04-16 18:45:00,419.53,419.96,419.47,419.78,380,9,0,0.09
2026-04-16 18:50:00,419.81,419.87,419.17,419.3,429,9,0,0.09
2026-04-16 18:55:00,419.3,419.39,418.63,418.69,432,9,0,0.09
2026-04-16 19:00:00,418.7,419.1,418.64,418.71,354,9,0,0.09
2026-04-16 19:05:00,418.73,418.87,418.36,418.55,422,9,0,0.09
2026-04-16 19:10:00,418.55,418.82,417.95,418.02,461,10,0,0.1
2026-04-16 19:15:00,418.0,418.33,417.68,418.23,509,9,0,0.09
2026-04-16 19:20:00,418.25,419.24,418.25,419.15,393,10,0,0.1
2026-04-16 19:25:00,419.14,419.31,418.89,418.99,337,9,0,0.09
2026-04-16 19:30:00,419.0,419.35,418.81,418.83,313,10,0,0.1
2026-04-16 19:35:00,418.82,419.29,418.77,419.28,383,9,0,0.09
2026-04-16 19:40:00,419.28,419.97,419.24,419.92,322,9,0,0.09
2026-04-16 19:45:00,419.9,419.99,419.68,419.78,252,9,0,0.09
2026-04-16 19:50:00,419.8,419.8,419.38,419.53,243,9,0,0.09
2026-04-16 19:55:00,419.53,419.53,419.14,419.45,479,10,0,0.1
2026-04-16 20:00:00,419.44,419.64,418.79,418.87,502,9,0,0.09
2026-04-16 20:05:00,418.89,418.99,417.88,418.08,445,9,0,0.09
2026-04-16 20:10:00,418.1,418.27,417.79,418.16,489,9,0,0.09
2026-04-16 20:15:00,418.14,418.16,417.47,417.47,376,9,0,0.09
2026-04-16 20:20:00,417.47,417.7,416.98,417.2,421,9,0,0.09
2026-04-16 20:25:00,417.21,417.44,416.95,417.44,403,9,0,0.09
2026-04-16 20:30:00,417.42,418.68,417.37,418.48,410,9,0,0.09
2026-04-16 20:35:00,418.53,419.34,418.46,419.27,396,10,0,0.1
2026-04-16 20:40:00,419.25,419.53,419.13,419.26,327,10,0,0.1
2026-04-16 20:45:00,419.28,419.49,419.21,419.42,345,9,0,0.09
2026-04-16 20:50:00,419.42,419.62,419.28,419.4,279,9,0,0.09
2026-04-16 20:55:00,419.42,419.42,418.9,419.14,357,9,0,0.09
2026-04-17 15:30:00,424.2,424.54,422.81,423.97,733,9,0,0.09
2026-04-17 15:35:00,423.99,425.82,423.89,425.44,833,10,0,0.1
2026-04-17 15:40:00,425.44,426.04,424.9,425.8,830,10,0,0.1
2026-04-17 15:45:00,425.8,426.14,423.91,425.14,820,9,0,0.09
2026-04-17 15:50:00,425.18,426.1,425.08,425.45,704,10,0,0.1
2026-04-17 15:55:00,425.46,425.73,424.18,424.61,729,9,0,0.09
2026-04-17 16:00:00,424.63,425.07,424.22,424.34,653,9,0,0.09
2026-04-17 16:05:00,424.35,424.7,423.59,424.57,739,9,0,0.09
2026-04-17 16:10:00,424.64,424.79,423.95,424.58,603,9,0,0.09
2026-04-17 16:15:00,424.62,424.88,424.05,424.54,526,9,0,0.09
2026-04-17 16:20:00,424.56,425.17,424.17,424.32,643,9,0,0.09
2026-04-17 16:25:00,424.41,426.13,424.19,425.8,724,9,0,0.09
2026-04-17 16:30:00,425.81,427.13,425.81,426.6,667,9,0,0.09
2026-04-17 16:35:00,426.57,427.77,425.85,427.6,634,9,0,0.09
2026-04-17 16:40:00,427.61,428.41,427.6,428.09,599,9,0,0.09
2026-04-17 16:45:00,428.05,428.68,427.87,427.95,556,9,0,0.09
2026-04-17 16:50:00,427.91,428.6,427.47,428.52,521,9,0,0.09
2026-04-17 16:55:00,428.51,430.28,428.35,430.01,627,9,0,0.09
2026-04-17 17:00:00,430.01,430.85,429.74,429.74,677,9,0,0.09
2026-04-17 17:05:00,429.63,431.06,429.57,430.99,657,9,0,0.09
2026-04-17 17:10:00,431.02,431.15,429.58,429.7,658,9,0,0.09
2026-04-17 17:15:00,429.67,430.92,429.61,430.41,586,9,0,0.09
2026-04-17 17:20:00,430.4,431.34,429.8,431.32,560,9,0,0.09
2026-04-17 17:25:00,431.32,431.52,430.09,430.22,498,9,0,0.09
2026-04-17 17:30:00,430.2,430.64,429.94,430.34,575,10,0,0.1
2026-04-17 17:35:00,430.36,430.68,430.03,430.03,454,9,0,0.09
2026-04-17 17:40:00,430.07,430.08,428.35,428.37,580,9,0,0.09
2026-04-17 17:45:00,428.35,428.75,427.58,427.79,610,9,0,0.09
2026-04-17 17:50:00,427.8,428.75,427.62,428.51,552,9,0,0.09
2026-04-17 17:55:00,428.51,429.08,428.05,428.1,461,9,0,0.09
2026-04-17 18:00:00,428.11,428.84,427.91,428.7,398,9,0,0.09
2026-04-17 18:05:00,428.67,428.87,428.04,428.06,343,9,0,0.09
2026-04-17 18:10:00,428.02,428.55,428.02,428.41,416,9,0,0.09
2026-04-17 18:15:00,428.37,428.54,427.02,427.44,539,9,0,0.09
2026-04-17 18:20:00,427.49,428.5,427.27,428.48,492,9,0,0.09
2026-04-17 18:25:00,428.46,428.61,428.2,428.52,349,9,0,0.09
2026-04-17 18:30:00,428.57,429.16,428.4,428.98,359,9,0,0.09
2026-04-17 18:35:00,428.97,429.39,428.78,429.23,379,9,0,0.09
2026-04-17 18:40:00,429.27,429.32,428.59,428.74,340,9,0,0.09
2026-04-17 18:45:00,428.72,428.86,428.18,428.44,317,9,0,0.09
2026-04-17 18:50:00,428.4,428.45,427.65,427.77,359,9,0,0.09
2026-04-17 18:55:00,427.77,427.84,426.79,426.9,386,9,0,0.09
2026-04-17 19:00:00,426.92,427.09,426.46,426.56,492,9,0,0.09
2026-04-17 19:05:00,426.56,426.59,425.46,425.97,524,10,0,0.1
2026-04-17 19:10:00,425.98,425.99,425.24,425.57,489,9,0,0.09
2026-04-17 19:15:00,425.52,425.52,424.3,424.59,402,9,0,0.09
2026-04-17 19:20:00,424.61,424.69,423.31,423.74,599,9,0,0.09
2026-04-17 19:25:00,423.74,423.88,423.22,423.75,644,9,0,0.09
2026-04-17 19:30:00,423.73,424.15,423.56,423.9,439,9,0,0.09
2026-04-17 19:35:00,423.88,424.71,423.71,424.71,434,9,0,0.09
2026-04-17 19:40:00,424.72,424.9,424.52,424.77,393,9,0,0.09
2026-04-17 19:45:00,424.74,425.17,424.6,424.65,354,9,0,0.09
2026-04-17 19:50:00,424.63,424.94,424.16,424.78,299,9,0,0.09
2026-04-17 19:55:00,424.79,424.9,424.39,424.5,240,9,0,0.09
2026-04-17 20:00:00,424.55,424.71,423.85,424.19,387,9,0,0.09
2026-04-17 20:05:00,424.22,424.31,423.4,423.64,354,9,0,0.09
2026-04-17 20:10:00,423.64,423.89,422.97,423.05,415,9,0,0.09
2026-04-17 20:15:00,423.05,423.33,422.18,422.32,527,9,0,0.09
2026-04-17 20:20:00,422.39,422.44,420.95,421.19,616,9,0,0.09
2026-04-17 20:25:00,421.18,421.64,420.61,420.88,492,9,0,0.09
2026-04-17 20:30:00,420.87,421.87,420.83,421.75,401,9,0,0.09
2026-04-17 20:35:00,421.77,422.55,421.64,422.4,392,9,0,0.09
2026-04-17 20:40:00,422.39,422.56,421.55,421.94,409,9,0,0.09
2026-04-17 20:45:00,421.81,422.11,421.56,421.91,289,10,0,0.1
2026-04-17 20:50:00,421.9,422.04,421.33,421.55,371,9,0,0.09
2026-04-17 20:55:00,421.46,421.91,421.4,421.58,388,9,0,0.09
2026-04-20 15:30:00,421.75,422.63,419.46,420.6,625,12,0,0.12
2026-04-20 15:35:00,420.6,421.91,417.79,418.01,689,10,0,0.1
2026-04-20 15:40:00,417.88,418.65,417.08,417.26,656,11,0,0.11
2026-04-20 15:45:00,417.17,418.84,417.06,418.07,624,11,0,0.11
2026-04-20 15:50:00,418.01,419.85,417.82,419.41,606,10,0,0.1
2026-04-20 15:55:00,419.36,420.5,419.31,420.41,578,9,0,0.09
2026-04-20 16:00:00,420.5,421.97,420.48,421.85,572,9,0,0.09
2026-04-20 16:05:00,421.87,422.71,421.28,422.11,582,9,0,0.09
2026-04-20 16:10:00,422.13,422.66,420.87,420.99,583,10,0,0.1
2026-04-20 16:15:00,420.98,421.03,419.45,419.66,570,9,0,0.09
2026-04-20 16:20:00,419.7,420.43,419.26,420.29,597,10,0,0.1
2026-04-20 16:25:00,420.29,421.14,419.31,419.42,530,10,0,0.1
2026-04-20 16:30:00,419.32,419.61,418.79,418.97,492,10,0,0.1
2026-04-20 16:35:00,418.98,419.53,418.65,419.37,511,9,0,0.09
2026-04-20 16:40:00,419.35,419.41,418.29,418.29,520,10,0,0.1
2026-04-20 16:45:00,418.27,419.18,417.88,419.12,461,10,0,0.1
2026-04-20 16:50:00,419.1,419.27,417.72,418.47,667,9,0,0.09
2026-04-20 16:55:00,418.43,418.54,417.76,417.98,523,10,0,0.1
2026-04-20 17:00:00,417.99,418.6,417.22,417.43,500,9,0,0.09
2026-04-20 17:05:00,417.38,417.56,416.21,416.95,633,10,0,0.1
2026-04-20 17:10:00,416.95,417.93,416.7,417.37,551,10,0,0.1
2026-04-20 17:15:00,417.39,417.59,417.04,417.32,469,10,0,0.1
2026-04-20 17:20:00,417.25,417.56,416.8,417.09,518,10,0,0.1
2026-04-20 17:25:00,417.17,418.09,417.08,417.95,428,9,0,0.09
2026-04-20 17:30:00,417.95,417.95,416.56,416.81,431,10,0,0.1
2026-04-20 17:35:00,416.8,417.27,416.65,417.17,394,9,0,0.09
2026-04-20 17:40:00,417.27,417.71,416.96,417.12,365,10,0,0.1
2026-04-20 17:45:00,417.1,417.16,416.66,417.16,311,9,0,0.09
2026-04-20 17:50:00,417.13,417.83,416.93,417.71,365,10,0,0.1
2026-04-20 17:55:00,417.73,417.73,417.22,417.45,279,9,0,0.09
2026-04-20 18:00:00,417.43,418.08,417.36,417.73,324,9,0,0.09
2026-04-20 18:05:00,417.73,418.01,417.6,417.68,307,9,0,0.09
2026-04-20 18:10:00,417.69,418.26,417.46,418.15,329,9,0,0.09
2026-04-20 18:15:00,418.22,418.43,417.71,418.28,403,10,0,0.1
2026-04-20 18:20:00,418.26,418.82,418.22,418.53,391,10,0,0.1
2026-04-20 18:25:00,418.49,418.86,418.36,418.82,291,10,0,0.1
2026-04-20 18:30:00,418.85,419.18,418.52,418.82,338,9,0,0.09
2026-04-20 18:35:00,418.78,419.06,418.75,418.96,294,9,0,0.09
2026-04-20 18:40:00,418.97,419.45,418.74,419.28,422,9,0,0.09
2026-04-20 18:45:00,419.16,419.43,419.04,419.27,228,10,0,0.1
2026-04-20 18:50:00,419.29,419.4,418.88,418.99,258,9,0,0.09
2026-04-20 18:55:00,418.96,418.98,418.5,418.72,231,9,0,0.09
2026-04-20 19:00:00,418.67,418.86,418.45,418.73,294,9,0,0.09
2026-04-20 19:05:00,418.7,419.16,418.56,419.11,313,9,0,0.09
2026-04-20 19:10:00,419.11,419.38,418.97,419.34,248,9,0,0.09
2026-04-20 19:15:00,419.34,419.83,418.89,419.81,360,9,0,0.09
2026-04-20 19:20:00,419.88,420.11,419.5,419.75,333,10,0,0.1
2026-04-20 19:25:00,419.75,420.02,418.99,419.02,239,9,0,0.09
2026-04-20 19:30:00,419.02,419.11,418.47,418.79,316,9,0,0.09
2026-04-20 19:35:00,418.77,418.81,418.13,418.35,329,9,0,0.09
2026-04-20 19:40:00,418.35,418.77,418.16,418.58,395,9,0,0.09
2026-04-20 19:45:00,418.58,418.85,418.38,418.73,252,9,0,0.09
2026-04-20 19:50:00,418.71,419.01,418.68,418.87,282,9,0,0.09
2026-04-20 19:55:00,418.8,418.88,418.23,418.26,244,9,0,0.09
2026-04-20 20:00:00,418.24,418.27,417.85,418.09,329,9,0,0.09
2026-04-20 20:05:00,418.06,418.46,418.01,418.23,295,9,0,0.09
2026-04-20 20:10:00,418.23,418.35,417.76,418.31,275,9,0,0.09
2026-04-20 20:15:00,418.31,418.55,418.09,418.5,255,10,0,0.1
2026-04-20 20:20:00,418.48,418.92,418.33,418.92,266,9,0,0.09
2026-04-20 20:25:00,418.89,419.0,418.29,418.47,353,10,0,0.1
2026-04-20 20:30:00,418.49,418.6,417.95,418.15,311,9,0,0.09
2026-04-20 20:35:00,418.15,418.16,417.39,417.49,307,9,0,0.09
2026-04-20 20:40:00,417.51,417.63,417.24,417.45,235,9,0,0.09
2026-04-20 20:45:00,417.45,417.55,417.16,417.43,277,9,0,0.09
2026-04-20 20:50:00,417.42,417.64,417.21,417.64,291,9,0,0.09
2026-04-20 20:55:00,417.65,417.66,416.65,416.92,318,9,0,0.09
2026-04-21 15:30:00,419.46,419.46,417.06,418.43,551,10,0,0.1
2026-04-21 15:35:00,418.41,419.79,418.12,418.76,552,11,0,0.11
2026-04-21 15:40:00,418.8,421.57,418.76,420.85,687,11,0,0.11
2026-04-21 15:45:00,420.85,422.3,420.06,422.27,716,10,0,0.1
2026-04-21 15:50:00,422.26,422.97,421.74,422.88,598,10,0,0.1
2026-04-21 15:55:00,422.88,423.91,422.67,423.82,536,10,0,0.1
2026-04-21 16:00:00,423.87,424.34,423.09,423.28,466,9,0,0.09
2026-04-21 16:05:00,423.28,424.53,422.75,424.48,433,9,0,0.09
2026-04-21 16:10:00,424.48,424.87,423.74,423.97,500,9,0,0.09
2026-04-21 16:15:00,423.97,425.21,423.97,424.31,450,10,0,0.1
2026-04-21 16:20:00,424.32,424.51,423.59,423.87,414,10,0,0.1
2026-04-21 16:25:00,423.89,425.31,423.86,425.04,382,10,0,0.1
2026-04-21 16:30:00,425.06,426.52,424.94,426.34,484,9,0,0.09
2026-04-21 16:35:00,426.38,426.91,425.81,426.0,443,9,0,0.09
2026-04-21 16:40:00,425.94,427.09,425.91,426.3,467,9,0,0.09
2026-04-21 16:45:00,426.37,426.41,424.93,424.96,480,10,0,0.1
2026-04-21 16:50:00,424.98,425.53,424.85,425.27,351,10,0,0.1
2026-04-21 16:55:00,425.22,425.4,424.14,424.19,419,10,0,0.1
2026-04-21 17:00:00,424.26,424.4,423.19,423.37,505,10,0,0.1
2026-04-21 17:05:00,423.36,424.82,422.85,424.82,509,9,0,0.09
2026-04-21 17:10:00,424.82,425.11,424.42,424.51,336,9,0,0.09
2026-04-21 17:15:00,424.51,425.87,424.51,425.85,390,10,0,0.1
2026-04-21 17:20:00,425.9,426.32,424.8,424.86,384,9,0,0.09
2026-04-21 17:25:00,424.8,424.86,424.15,424.62,321,11,0,0.11
2026-04-21 17:30:00,424.62,425.32,424.35,425.06,284,10,0,0.1
2026-04-21 17:35:00,425.08,425.1,424.35,424.94,270,10,0,0.1
2026-04-21 17:40:00,425.02,425.19,424.61,425.17,220,10,0,0.1
2026-04-21 17:45:00,425.16,425.53,424.83,424.94,265,10,0,0.1
2026-04-21 17:50:00,424.97,425.57,424.6,425.48,235,9,0,0.09
2026-04-21 17:55:00,425.44,426.09,425.42,426.06,310,9,0,0.09
2026-04-21 18:00:00,426.09,426.44,425.12,425.56,359,9,0,0.09
2026-04-21 18:05:00,425.62,426.79,425.56,426.71,337,9,0,0.09
2026-04-21 18:10:00,426.71,426.88,424.95,425.48,355,10,0,0.1
2026-04-21 18:15:00,425.48,425.79,425.23,425.67,244,9,0,0.09
2026-04-21 18:20:00,425.69,425.71,425.2,425.36,256,10,0,0.1
2026-04-21 18:25:00,425.32,425.41,424.47,424.83,281,9,0,0.09
2026-04-21 18:30:00,424.83,426.22,424.77,426.19,338,10,0,0.1
2026-04-21 18:35:00,426.25,426.41,425.52,425.79,277,10,0,0.1
2026-04-21 18:40:00,425.79,425.9,425.15,425.28,240,9,0,0.09
2026-04-21 18:45:00,425.28,425.77,425.28,425.69,219,9,0,0.09
2026-04-21 18:50:00,425.67,425.69,425.17,425.23,283,9,0,0.09
2026-04-21 18:55:00,425.23,425.38,424.7,424.87,267,9,0,0.09
2026-04-21 19:00:00,424.89,425.67,424.78,425.49,385,10,0,0.1
2026-04-21 19:05:00,425.49,425.49,424.39,424.77,356,11,0,0.11
2026-04-21 19:10:00,424.74,424.78,424.13,424.47,312,10,0,0.1
2026-04-21 19:15:00,424.45,424.49,423.6,423.7,303,10,0,0.1
2026-04-21 19:20:00,423.65,424.37,423.35,424.37,331,9,0,0.09
2026-04-21 19:25:00,424.31,424.77,424.21,424.7,240,9,0,0.09
2026-04-21 19:30:00,424.68,425.3,424.65,425.1,321,10,0,0.1
2026-04-21 19:35:00,425.08,425.89,424.97,425.61,354,10,0,0.1
2026-04-21 19:40:00,425.61,426.59,425.59,426.26,455,11,0,0.11
2026-04-21 19:45:00,426.24,426.45,425.75,426.28,260,10,0,0.1
2026-04-21 19:50:00,426.26,426.65,425.83,425.85,276,9,0,0.09
2026-04-21 19:55:00,425.87,426.15,425.43,426.12,268,10,0,0.1
2026-04-21 20:00:00,426.12,426.83,425.94,425.98,353,10,0,0.1
2026-04-21 20:05:00,426.0,426.07,425.64,425.68,278,9,0,0.09
2026-04-21 20:10:00,425.68,425.98,425.48,425.94,211,9,0,0.09
2026-04-21 20:15:00,425.91,426.16,424.96,425.3,406,9,0,0.09
2026-04-21 20:20:00,425.28,425.76,425.26,425.5,226,9,0,0.09
2026-04-21 20:25:00,425.5,425.85,425.4,425.69,187,9,0,0.09
2026-04-21 20:30:00,425.72,426.2,425.48,426.04,234,10,0,0.1
2026-04-21 20:35:00,426.03,426.09,425.42,425.75,237,9,0,0.09
2026-04-21 20:40:00,425.77,426.01,425.55,425.87,213,9,0,0.09
2026-04-21 20:45:00,425.85,426.0,425.2,425.25,221,10,0,0.1
2026-04-21 20:50:00,425.31,426.45,425.2,426.3,325,9,0,0.09
2026-04-21 20:55:00,426.29,426.55,425.85,426.36,357,10,0,0.1
2026-04-22 15:30:00,425.39,426.14,423.96,424.11,515,11,0,0.11
2026-04-22 15:35:00,424.11,427.09,423.52,426.94,688,10,0,0.1
2026-04-22 15:40:00,427.01,428.48,426.47,428.1,557,10,0,0.1
2026-04-22 15:45:00,428.02,429.11,427.62,427.86,611,10,0,0.1
2026-04-22 15:50:00,427.88,428.43,427.45,428.31,538,9,0,0.09
2026-04-22 15:55:00,428.36,428.7,428.01,428.06,474,9,0,0.09
2026-04-22 16:00:00,428.03,429.92,428.01,429.8,576,9,0,0.09
2026-04-22 16:05:00,429.85,430.52,429.05,430.03,539,10,0,0.1
2026-04-22 16:10:00,430.03,430.47,429.4,429.67,398,9,0,0.09
2026-04-22 16:15:00,429.71,430.09,429.11,429.91,454,9,0,0.09
2026-04-22 16:20:00,429.88,430.43,429.82,430.42,439,9,0,0.09
2026-04-22 16:25:00,430.4,431.23,430.27,430.98,494,9,0,0.09
2026-04-22 16:30:00,430.95,431.46,430.35,430.73,536,9,0,0.09
2026-04-22 16:35:00,430.76,431.53,430.17,431.47,399,9,0,0.09
2026-04-22 16:40:00,431.48,431.67,429.95,429.99,348,9,0,0.09
2026-04-22 16:45:00,430.0,430.79,429.65,430.6,418,9,0,0.09
2026-04-22 16:50:00,430.61,430.94,429.46,429.79,297,10,0,0.1
2026-04-22 16:55:00,429.75,430.5,429.63,430.31,348,9,0,0.09
2026-04-22 17:00:00,430.35,430.45,429.69,430.12,291,10,0,0.1
2026-04-22 17:05:00,430.24,431.52,430.12,431.35,334,9,0,0.09
2026-04-22 17:10:00,431.33,431.61,431.07,431.16,340,9,0,0.09
2026-04-22 17:15:00,431.17,431.53,431.06,431.43,274,9,0,0.09
2026-04-22 17:20:00,431.43,432.23,431.28,431.94,315,9,0,0.09
2026-04-22 17:25:00,431.94,432.23,431.67,432.1,357,9,0,0.09
2026-04-22 17:30:00,432.1,432.49,431.78,431.91,340,9,0,0.09
2026-04-22 17:35:00,431.94,432.23,431.81,432.23,253,9,0,0.09
2026-04-22 17:40:00,432.21,433.12,432.1,432.12,350,9,0,0.09
2026-04-22 17:45:00,432.07,432.81,431.96,432.67,372,10,0,0.1
2026-04-22 17:50:00,432.65,432.65,431.8,431.82,223,10,0,0.1
2026-04-22 17:55:00,431.8,432.44,431.53,431.56,299,9,0,0.09
2026-04-22 18:00:00,431.59,432.26,431.32,432.19,262,9,0,0.09
2026-04-22 18:05:00,432.21,432.47,431.97,432.08,187,9,0,0.09
2026-04-22 18:10:00,432.11,432.11,431.67,431.78,248,9,0,0.09
2026-04-22 18:15:00,431.76,432.03,431.74,431.76,217,9,0,0.09
2026-04-22 18:20:00,431.76,431.91,431.43,431.52,252,10,0,0.1
2026-04-22 18:25:00,431.6,431.79,431.47,431.59,238,9,0,0.09
2026-04-22 18:30:00,431.59,432.18,431.47,431.71,257,9,0,0.09
2026-04-22 18:35:00,431.76,431.86,431.19,431.65,251,10,0,0.1
2026-04-22 18:40:00,431.67,431.76,431.05,431.15,327,9,0,0.09
2026-04-22 18:45:00,431.19,431.27,430.79,431.22,224,9,0,0.09
2026-04-22 18:50:00,431.23,431.23,430.65,430.85,227,9,0,0.09
2026-04-22 18:55:00,430.77,430.86,430.27,430.53,256,9,0,0.09
2026-04-22 19:00:00,430.53,431.28,430.53,431.24,342,9,0,0.09
2026-04-22 19:05:00,431.28,431.31,430.89,431.28,195,9,0,0.09
2026-04-22 19:10:00,431.23,431.75,431.21,431.48,268,9,0,0.09
2026-04-22 19:15:00,431.43,431.82,431.37,431.55,236,9,0,0.09
2026-04-22 19:20:00,431.61,432.04,431.61,431.66,251,9,0,0.09
2026-04-22 19:25:00,431.65,431.77,431.14,431.22,239,9,0,0.09
2026-04-22 19:30:00,431.24,431.73,431.09,431.49,196,9,0,0.09
2026-04-22 19:35:00,431.48,431.69,431.36,431.44,195,9,0,0.09
2026-04-22 19:40:00,431.46,431.68,431.24,431.26,209,9,0,0.09
2026-04-22 19:45:00,431.24,431.6,430.86,431.52,304,11,0,0.11
2026-04-22 19:50:00,431.53,431.89,431.46,431.68,222,9,0,0.09
2026-04-22 19:55:00,431.7,431.7,431.08,431.1,163,9,0,0.09
2026-04-22 20:00:00,431.08,431.55,430.9,431.35,259,9,0,0.09
2026-04-22 20:05:00,431.35,431.4,430.98,431.07,209,9,0,0.09
2026-04-22 20:10:00,431.07,431.38,430.96,431.3,186,9,0,0.09
2026-04-22 20:15:00,431.19,431.34,430.86,431.2,219,9,0,0.09
2026-04-22 20:20:00,431.14,431.25,430.72,430.93,188,9,0,0.09
2026-04-22 20:25:00,431.0,431.11,430.55,430.7,226,10,0,0.1
2026-04-22 20:30:00,430.7,431.14,430.55,431.03,218,9,0,0.09
2026-04-22 20:35:00,431.03,431.19,430.83,430.94,135,9,0,0.09
2026-04-22 20:40:00,430.95,430.98,430.71,430.74,159,9,0,0.09
2026-04-22 20:45:00,430.73,431.66,430.61,431.61,289,9,0,0.09
2026-04-22 20:50:00,431.63,432.14,431.61,431.81,196,9,0,0.09
2026-04-22 20:55:00,431.75,431.77,431.11,431.22,201,9,0,0.09
2026-04-23 15:30:00,420.71,422.95,420.28,421.56,682,11,0,0.11
2026-04-23 15:35:00,421.35,422.35,420.37,421.31,631,9,0,0.09
2026-04-23 15:40:00,421.31,421.75,420.36,420.41,643,9,0,0.09
2026-04-23 15:45:00,420.4,421.59,419.86,420.3,668,10,0,0.1
2026-04-23 15:50:00,420.29,420.35,417.85,418.57,774,9,0,0.09
2026-04-23 15:55:00,418.52,419.29,417.17,417.29,626,10,0,0.1
2026-04-23 16:00:00,417.27,417.7,416.43,416.91,676,11,0,0.11
2026-04-23 16:05:00,416.88,417.47,416.57,416.9,599,9,0,0.09
2026-04-23 16:10:00,416.88,417.11,415.74,417.1,586,9,0,0.09
2026-04-23 16:15:00,416.93,418.2,416.93,417.26,556,10,0,0.1
2026-04-23 16:20:00,417.29,419.63,417.24,419.45,570,10,0,0.1
2026-04-23 16:25:00,419.47,419.47,418.37,418.67,457,10,0,0.1
2026-04-23 16:30:00,418.7,419.34,418.28,419.1,490,9,0,0.09
2026-04-23 16:35:00,419.08,419.29,418.73,419.06,393,9,0,0.09
2026-04-23 16:40:00,418.97,420.06,418.81,419.91,438,10,0,0.1
2026-04-23 16:45:00,419.92,420.95,419.85,420.53,412,9,0,0.09
2026-04-23 16:50:00,420.61,421.16,420.42,420.91,349,10,0,0.1
2026-04-23 16:55:00,420.92,421.76,420.79,421.45,425,10,0,0.1
2026-04-23 17:00:00,421.47,421.96,421.05,421.19,349,9,0,0.09
2026-04-23 17:05:00,421.2,421.49,420.91,421.42,339,9,0,0.09
2026-04-23 17:10:00,421.39,421.9,420.89,420.97,324,9,0,0.09
2026-04-23 17:15:00,420.92,422.08,420.74,421.77,303,10,0,0.1
2026-04-23 17:20:00,421.77,422.6,421.75,422.27,355,9,0,0.09
2026-04-23 17:25:00,422.27,423.26,421.98,422.43,363,9,0,0.09
2026-04-23 17:30:00,422.43,422.91,421.79,422.27,353,11,0,0.11
2026-04-23 17:35:00,422.27,422.3,421.0,421.24,307,10,0,0.1
2026-04-23 17:40:00,421.11,421.5,421.01,421.3,308,10,0,0.1
2026-04-23 17:45:00,421.31,421.32,420.16,420.26,396,9,0,0.09
2026-04-23 17:50:00,420.24,420.33,419.19,419.21,471,10,0,0.1
2026-04-23 17:55:00,419.21,419.47,418.35,419.18,458,9,0,0.09
2026-04-23 18:00:00,419.16,419.57,418.54,418.65,376,9,0,0.09
2026-04-23 18:05:00,418.63,419.02,418.07,418.14,341,9,0,0.09
2026-04-23 18:10:00,418.11,418.99,418.11,418.83,398,10,0,0.1
2026-04-23 18:15:00,418.85,418.94,418.38,418.45,328,9,0,0.09
2026-04-23 18:20:00,418.45,418.73,418.11,418.65,319,9,0,0.09
2026-04-23 18:25:00,418.63,418.91,417.75,417.78,365,9,0,0.09
2026-04-23 18:30:00,417.76,417.83,417.12,417.33,351,9,0,0.09
2026-04-23 18:35:00,417.35,417.57,416.87,417.19,319,10,0,0.1
2026-04-23 18:40:00,417.17,417.49,416.95,417.18,343,9,0,0.09
2026-04-23 18:45:00,417.18,417.22,416.73,416.95,368,10,0,0.1
2026-04-23 18:50:00,416.95,417.42,416.93,417.35,280,9,0,0.09
2026-04-23 18:55:00,417.41,417.97,417.25,417.56,293,9,0,0.09
2026-04-23 19:00:00,417.63,417.9,416.13,416.27,422,9,0,0.09
2026-04-23 19:05:00,416.27,416.31,415.5,415.75,460,9,0,0.09
2026-04-23 19:10:00,415.77,415.91,415.15,415.4,472,10,0,0.1
2026-04-23 19:15:00,415.37,415.42,414.47,414.78,478,9,0,0.09
2026-04-23 19:20:00,414.8,415.08,414.39,414.92,446,10,0,0.1
2026-04-23 19:25:00,414.96,415.62,414.65,415.12,467,10,0,0.1
2026-04-23 19:30:00,415.12,415.46,414.89,415.42,387,9,0,0.09
2026-04-23 19:35:00,415.45,415.7,413.12,413.39,530,11,0,0.11
2026-04-23 19:40:00,413.37,413.37,411.55,412.0,575,9,0,0.09
2026-04-23 19:45:00,411.99,412.62,411.21,412.33,558,11,0,0.11
2026-04-23 19:50:00,412.31,414.54,411.98,413.57,546,10,0,0.1
2026-04-23 19:55:00,413.57,414.53,413.46,414.42,439,11,0,0.11
2026-04-23 20:00:00,414.43,415.17,414.2,414.51,441,10,0,0.1
2026-04-23 20:05:00,414.51,415.26,414.25,414.66,424,9,0,0.09
2026-04-23 20:10:00,414.7,415.33,414.68,414.81,410,10,0,0.1
2026-04-23 20:15:00,414.79,415.08,414.6,414.95,386,9,0,0.09
2026-04-23 20:20:00,414.95,415.27,414.76,414.92,343,10,0,0.1
2026-04-23 20:25:00,414.9,415.08,414.67,414.99,256,10,0,0.1
2026-04-23 20:30:00,414.97,415.72,414.97,415.62,337,9,0,0.09
2026-04-23 20:35:00,415.58,415.97,415.35,415.4,326,9,0,0.09
2026-04-23 20:40:00,415.4,415.55,414.66,414.88,303,10,0,0.1
2026-04-23 20:45:00,414.91,414.91,414.26,414.35,315,9,0,0.09
2026-04-23 20:50:00,414.33,414.95,414.11,414.9,314,11,0,0.11
2026-04-23 20:55:00,414.83,414.91,414.08,414.46,281,10,0,0.1
2026-04-24 15:30:00,417.38,420.12,416.97,419.53,516,12,0,0.12
2026-04-24 15:35:00,419.51,420.33,419.07,419.49,526,10,0,0.1
2026-04-24 15:40:00,419.54,420.24,419.36,419.63,420,11,0,0.11
2026-04-24 15:45:00,419.61,421.52,419.31,421.47,471,9,0,0.09
2026-04-24 15:50:00,421.48,421.5,419.95,419.95,423,12,0,0.12
2026-04-24 15:55:00,419.97,420.06,419.11,419.35,410,9,0,0.09
2026-04-24 16:00:00,419.33,419.5,418.17,418.63,445,10,0,0.1
2026-04-24 16:05:00,418.65,419.33,418.5,418.98,300,11,0,0.11
2026-04-24 16:10:00,419.04,419.5,418.45,418.5,346,9,0,0.09
2026-04-24 16:15:00,418.65,418.81,417.39,418.04,318,10,0,0.1
2026-04-24 16:20:00,418.24,418.68,417.78,418.05,260,10,0,0.1
2026-04-24 16:25:00,418.07,418.07,417.2,417.36,314,11,0,0.11
2026-04-24 16:30:00,417.45,417.88,417.17,417.63,403,10,0,0.1
2026-04-24 16:35:00,417.63,418.24,417.63,417.97,331,10,0,0.1
2026-04-24 16:40:00,418.01,418.71,417.84,418.71,313,9,0,0.09
2026-04-24 16:45:00,418.69,418.98,418.05,418.37,353,10,0,0.1
2026-04-24 16:50:00,418.37,418.71,418.13,418.44,276,10,0,0.1
2026-04-24 16:55:00,418.45,418.6,417.95,418.19,339,10,0,0.1
2026-04-24 17:00:00,418.29,419.1,418.17,418.96,384,9,0,0.09
2026-04-24 17:05:00,418.98,419.19,418.46,418.92,328,10,0,0.1
2026-04-24 17:10:00,418.87,419.6,418.85,419.55,293,9,0,0.09
2026-04-24 17:15:00,419.55,419.64,419.16,419.37,274,10,0,0.1
2026-04-24 17:20:00,419.32,419.96,419.3,419.67,328,10,0,0.1
2026-04-24 17:25:00,419.65,419.84,419.3,419.84,338,9,0,0.09
2026-04-24 17:30:00,419.83,420.54,419.82,420.3,331,9,0,0.09
2026-04-24 17:35:00,420.28,420.68,420.16,420.56,269,9,0,0.09
2026-04-24 17:40:00,420.56,421.4,420.45,421.21,348,9,0,0.09
2026-04-24 17:45:00,421.31,421.81,420.62,420.83,518,11,0,0.11
2026-04-24 17:50:00,420.83,421.07,419.81,419.84,317,11,0,0.11
2026-04-24 17:55:00,419.82,420.09,419.46,419.57,330,10,0,0.1
2026-04-24 18:00:00,419.56,419.58,418.61,418.67,372,10,0,0.1
2026-04-24 18:05:00,418.69,418.87,418.19,418.51,301,10,0,0.1
2026-04-24 18:10:00,418.52,419.22,418.46,418.85,319,9,0,0.09
2026-04-24 18:15:00,418.85,419.21,418.65,418.72,252,10,0,0.1
2026-04-24 18:20:00,418.71,418.86,418.37,418.59,239,9,0,0.09
2026-04-24 18:25:00,418.6,418.81,418.48,418.68,235,10,0,0.1
2026-04-24 18:30:00,418.63,419.27,418.63,419.27,202,10,0,0.1
2026-04-24 18:35:00,419.23,419.49,419.07,419.37,224,10,0,0.1
2026-04-24 18:40:00,419.31,419.52,419.14,419.31,202,9,0,0.09
2026-04-24 18:45:00,419.29,419.49,419.16,419.35,194,9,0,0.09
2026-04-24 18:50:00,419.33,419.68,419.2,419.33,178,9,0,0.09
2026-04-24 18:55:00,419.37,419.74,419.33,419.69,192,10,0,0.1
2026-04-24 19:00:00,419.72,419.84,419.42,419.42,224,9,0,0.09
2026-04-24 19:05:00,419.42,419.7,419.25,419.65,168,10,0,0.1
2026-04-24 19:10:00,419.63,419.82,419.56,419.71,154,9,0,0.09
2026-04-24 19:15:00,419.69,419.72,419.12,419.14,197,9,0,0.09
2026-04-24 19:20:00,419.1,419.19,418.84,419.12,189,10,0,0.1
2026-04-24 19:25:00,419.12,419.23,418.72,418.77,196,10,0,0.1
2026-04-24 19:30:00,418.77,419.08,418.57,419.04,211,10,0,0.1
2026-04-24 19:35:00,419.02,419.79,419.02,419.51,233,10,0,0.1
2026-04-24 19:40:00,419.6,419.85,419.45,419.82,176,11,0,0.11
2026-04-24 19:45:00,419.83,420.42,419.73,420.29,226,10,0,0.1
2026-04-24 19:50:00,420.29,421.08,420.28,420.78,334,9,0,0.09
2026-04-24 19:55:00,420.72,420.96,420.6,420.77,272,9,0,0.09
2026-04-24 20:00:00,420.79,421.03,420.47,420.98,291,9,0,0.09
2026-04-24 20:05:00,420.93,421.08,420.65,420.99,201,9,0,0.09
2026-04-24 20:10:00,420.97,421.56,420.97,421.56,218,9,0,0.09
2026-04-24 20:15:00,421.55,421.72,421.3,421.39,260,10,0,0.1
2026-04-24 20:20:00,421.39,422.0,421.15,421.97,267,9,0,0.09
2026-04-24 20:25:00,421.95,422.01,421.61,421.91,260,9,0,0.09
2026-04-24 20:30:00,421.91,422.34,421.79,422.26,235,9,0,0.09
2026-04-24 20:35:00,422.26,422.64,422.13,422.19,340,9,0,0.09
2026-04-24 20:40:00,422.25,422.33,422.0,422.28,253,9,0,0.09
2026-04-24 20:45:00,422.17,422.59,422.07,422.47,262,9,0,0.09
2026-04-24 20:50:00,422.43,422.68,422.33,422.48,274,9,0,0.09
2026-04-24 20:55:00,422.5,422.64,422.18,422.31,286,9,0,0.09
2026-04-27 15:30:00,421.95,421.97,418.34,418.37,581,11,0,0.11
2026-04-27 15:35:00,418.44,420.09,417.01,420.03,660,10,0,0.1
2026-04-27 15:40:00,420.01,420.86,419.72,420.5,520,11,0,0.11
2026-04-27 15:45:00,420.48,420.72,419.2,420.45,522,10,0,0.1
2026-04-27 15:50:00,420.49,421.52,420.03,421.06,511,10,0,0.1
2026-04-27 15:55:00,421.06,421.36,419.54,419.92,492,10,0,0.1
2026-04-27 16:00:00,419.9,420.6,419.73,420.55,405,10,0,0.1
2026-04-27 16:05:00,420.56,420.66,419.95,420.04,370,9,0,0.09
2026-04-27 16:10:00,419.97,420.63,419.61,420.47,419,10,0,0.1
2026-04-27 16:15:00,420.48,421.16,420.48,420.91,378,9,0,0.09
2026-04-27 16:20:00,420.89,422.56,420.48,422.56,441,10,0,0.1
2026-04-27 16:25:00,422.61,424.59,422.46,424.43,559,10,0,0.1
2026-04-27 16:30:00,424.57,424.57,422.72,423.21,514,10,0,0.1
2026-04-27 16:35:00,423.23,423.82,422.82,422.89,410,9,0,0.09
2026-04-27 16:40:00,422.93,423.45,422.5,423.26,350,10,0,0.1
2026-04-27 16:45:00,423.3,423.47,422.59,423.3,293,10,0,0.1
2026-04-27 16:50:00,423.28,423.41,422.75,423.03,338,10,0,0.1
2026-04-27 16:55:00,423.01,423.85,422.82,423.68,346,9,0,0.09
2026-04-27 17:00:00,423.72,423.96,422.37,422.42,360,9,0,0.09
2026-04-27 17:05:00,422.45,422.95,422.22,422.33,385,9,0,0.09
2026-04-27 17:10:00,422.35,422.35,421.26,421.82,331,10,0,0.1
2026-04-27 17:15:00,421.84,422.28,421.56,422.09,313,9,0,0.09
2026-04-27 17:20:00,422.08,422.4,421.34,422.36,340,9,0,0.09
2026-04-27 17:25:00,422.36,422.86,421.68,422.85,344,10,0,0.1
2026-04-27 17:30:00,422.87,422.92,422.06,422.1,253,10,0,0.1
2026-04-27 17:35:00,422.13,422.5,421.96,422.17,289,10,0,0.1
2026-04-27 17:40:00,422.21,422.69,422.17,422.47,272,9,0,0.09
2026-04-27 17:45:00,422.32,423.07,422.2,422.35,280,9,0,0.09
2026-04-27 17:50:00,422.37,422.37,421.49,421.95,271,9,0,0.09
2026-04-27 17:55:00,421.95,422.25,421.7,422.25,236,9,0,0.09
2026-04-27 18:00:00,422.32,422.76,422.12,422.68,271,10,0,0.1
2026-04-27 18:05:00,422.66,423.26,422.66,423.0,253,9,0,0.09
2026-04-27 18:10:00,422.97,423.47,422.86,423.36,266,9,0,0.09
2026-04-27 18:15:00,423.36,423.86,423.35,423.81,282,9,0,0.09
2026-04-27 18:20:00,423.79,423.92,423.48,423.62,263,9,0,0.09
2026-04-27 18:25:00,423.64,423.94,423.4,423.55,245,10,0,0.1
2026-04-27 18:30:00,423.53,423.75,423.13,423.22,215,10,0,0.1
2026-04-27 18:35:00,423.23,423.85,423.16,423.83,228,9,0,0.09
2026-04-27 18:40:00,423.83,424.13,423.56,423.78,232,9,0,0.09
2026-04-27 18:45:00,423.79,424.06,423.63,423.87,272,9,0,0.09
2026-04-27 18:50:00,423.83,424.08,423.52,423.9,216,9,0,0.09
2026-04-27 18:55:00,423.87,424.34,423.83,424.34,178,9,0,0.09
2026-04-27 19:00:00,424.33,424.48,424.08,424.4,209,10,0,0.1
2026-04-27 19:05:00,424.4,424.58,423.88,424.21,228,10,0,0.1
2026-04-27 19:10:00,424.23,424.81,424.19,424.81,238,9,0,0.09
2026-04-27 19:15:00,424.8,425.08,424.54,424.76,298,9,0,0.09
2026-04-27 19:20:00,424.74,424.77,424.16,424.65,289,9,0,0.09
2026-04-27 19:25:00,424.64,425.06,424.51,424.98,294,10,0,0.1
2026-04-27 19:30:00,424.98,425.47,424.98,425.45,258,9,0,0.09
2026-04-27 19:35:00,425.47,425.77,425.4,425.41,281,9,0,0.09
2026-04-27 19:40:00,425.41,425.67,425.23,425.57,225,9,0,0.09
2026-04-27 19:45:00,425.64,425.81,425.55,425.61,216,9,0,0.09
2026-04-27 19:50:00,425.6,425.77,425.49,425.64,190,9,0,0.09
2026-04-27 19:55:00,425.64,425.85,425.46,425.68,235,9,0,0.09
2026-04-27 20:00:00,425.61,426.0,425.45,425.65,246,10,0,0.1
2026-04-27 20:05:00,425.62,426.31,425.62,426.18,291,9,0,0.09
2026-04-27 20:10:00,426.16,426.57,426.07,426.49,257,9,0,0.09
2026-04-27 20:15:00,426.49,426.75,425.79,425.89,282,9,0,0.09
2026-04-27 20:20:00,425.89,426.28,425.76,426.15,288,9,0,0.09
2026-04-27 20:25:00,426.17,426.57,426.11,426.57,244,10,0,0.1
2026-04-27 20:30:00,426.55,426.74,426.15,426.29,242,9,0,0.09
2026-04-27 20:35:00,426.31,426.52,426.06,426.5,245,9,0,0.09
2026-04-27 20:40:00,426.5,426.96,426.23,426.58,373,9,0,0.09
2026-04-27 20:45:00,426.58,426.65,425.56,425.67,280,9,0,0.09
2026-04-27 20:50:00,425.67,425.91,425.47,425.6,266,9,0,0.09
2026-04-27 20:55:00,425.6,426.03,425.57,425.77,238,10,0,0.1
2026-04-28 15:30:00,422.47,423.57,421.81,422.08,489,11,0,0.11
2026-04-28 15:35:00,422.14,423.12,421.85,422.59,500,9,0,0.09
2026-04-28 15:40:00,422.61,423.66,422.49,423.5,516,12,0,0.12
2026-04-28 15:45:00,423.59,426.21,423.35,425.92,603,11,0,0.11
2026-04-28 15:50:00,425.94,427.98,425.84,426.03,574,11,0,0.11
2026-04-28 15:55:00,425.96,427.27,425.85,426.52,484,10,0,0.1
2026-04-28 16:00:00,426.52,427.07,425.56,425.58,415,10,0,0.1
2026-04-28 16:05:00,425.58,426.77,425.47,426.37,370,10,0,0.1
2026-04-28 16:10:00,426.37,426.39,425.38,425.38,405,10,0,0.1
2026-04-28 16:15:00,425.4,425.76,424.87,425.21,505,10,0,0.1
2026-04-28 16:20:00,425.23,425.78,425.13,425.78,324,11,0,0.11
2026-04-28 16:25:00,425.78,426.84,425.76,426.34,394,10,0,0.1
2026-04-28 16:30:00,426.36,426.91,426.13,426.46,375,10,0,0.1
2026-04-28 16:35:00,426.48,426.78,425.28,425.66,445,11,0,0.11
2026-04-28 16:40:00,425.66,425.78,424.9,425.48,378,9,0,0.09
2026-04-28 16:45:00,425.51,425.67,424.76,424.94,412,10,0,0.1
2026-04-28 16:50:00,424.95,426.24,424.8,425.32,449,10,0,0.1
2026-04-28 16:55:00,425.42,425.82,425.1,425.69,447,11,0,0.11
2026-04-28 17:00:00,425.71,426.52,425.68,426.37,370,10,0,0.1
2026-04-28 17:05:00,426.29,426.67,425.27,425.8,356,10,0,0.1
2026-04-28 17:10:00,425.8,426.68,425.28,426.44,330,11,0,0.11
2026-04-28 17:15:00,426.43,426.57,425.75,426.39,283,11,0,0.11
2026-04-28 17:20:00,426.39,426.46,425.26,425.98,245,10,0,0.1
2026-04-28 17:25:00,425.98,425.98,425.45,425.64,270,10,0,0.1
2026-04-28 17:30:00,425.64,426.38,425.46,425.97,307,9,0,0.09
2026-04-28 17:35:00,425.95,426.51,425.72,426.38,275,11,0,0.11
2026-04-28 17:40:00,426.38,426.47,425.99,426.19,234,9,0,0.09
2026-04-28 17:45:00,426.2,426.82,426.02,426.64,325,9,0,0.09
2026-04-28 17:50:00,426.66,427.3,426.48,427.21,353,9,0,0.09
2026-04-28 17:55:00,427.19,427.6,426.85,427.59,321,10,0,0.1
2026-04-28 18:00:00,427.61,428.4,426.67,427.59,439,10,0,0.1
2026-04-28 18:05:00,427.59,427.85,426.99,427.62,316,10,0,0.1
2026-04-28 18:10:00,427.6,428.03,427.5,427.62,255,10,0,0.1
2026-04-28 18:15:00,427.64,427.88,427.41,427.63,230,9,0,0.09
2026-04-28 18:20:00,427.63,428.35,427.56,428.01,227,9,0,0.09
2026-04-28 18:25:00,428.01,428.52,427.81,428.43,235,9,0,0.09
2026-04-28 18:30:00,428.33,428.58,427.67,427.67,254,9,0,0.09
2026-04-28 18:35:00,427.69,427.88,427.31,427.81,267,9,0,0.09
2026-04-28 18:40:00,427.82,427.93,427.58,427.82,245,9,0,0.09
2026-04-28 18:45:00,427.81,428.04,427.74,427.9,192,10,0,0.1
2026-04-28 18:50:00,427.9,428.71,427.9,428.69,232,10,0,0.1
2026-04-28 18:55:00,428.66,428.97,428.33,428.44,222,10,0,0.1
2026-04-28 19:00:00,428.42,429.03,427.85,427.97,240,9,0,0.09
2026-04-28 19:05:00,427.97,427.97,427.53,427.64,185,9,0,0.09
2026-04-28 19:10:00,427.64,428.0,427.47,427.92,215,9,0,0.09
2026-04-28 19:15:00,427.92,428.41,427.68,428.41,213,9,0,0.09
2026-04-28 19:20:00,428.46,428.78,428.31,428.75,216,9,0,0.09
2026-04-28 19:25:00,428.78,428.95,428.39,428.61,261,9,0,0.09
2026-04-28 19:30:00,428.69,428.98,428.23,428.38,212,9,0,0.09
2026-04-28 19:35:00,428.38,428.47,427.75,428.03,195,10,0,0.1
2026-04-28 19:40:00,428.07,428.08,427.58,427.71,186,9,0,0.09
2026-04-28 19:45:00,427.78,427.97,427.49,427.78,172,9,0,0.09
2026-04-28 19:50:00,427.77,428.25,427.7,427.83,247,9,0,0.09
2026-04-28 19:55:00,427.78,428.09,427.75,427.8,189,9,0,0.09
2026-04-28 20:00:00,427.79,427.83,426.95,427.03,292,9,0,0.09
2026-04-28 20:05:00,427.08,427.28,426.66,426.78,280,9,0,0.09
2026-04-28 20:10:00,426.73,426.98,426.65,426.74,212,9,0,0.09
2026-04-28 20:15:00,426.74,426.86,426.53,426.67,217,10,0,0.1
2026-04-28 20:20:00,426.66,426.77,426.35,426.64,254,9,0,0.09
2026-04-28 20:25:00,426.67,426.75,426.25,426.52,218,9,0,0.09
2026-04-28 20:30:00,426.47,426.58,426.05,426.1,192,9,0,0.09
2026-04-28 20:35:00,426.11,426.72,426.02,426.46,245,9,0,0.09
2026-04-28 20:40:00,426.44,426.68,426.19,426.64,265,9,0,0.09
2026-04-28 20:45:00,426.55,426.81,426.35,426.81,248,9,0,0.09
2026-04-28 20:50:00,426.72,427.54,426.71,427.45,206,9,0,0.09
2026-04-28 20:55:00,427.44,427.62,426.9,427.49,322,9,0,0.09
2026-04-29 15:30:00,422.28,425.21,420.96,422.31,554,11,0,0.11
2026-04-29 15:35:00,422.31,423.32,421.95,423.02,582,10,0,0.1
2026-04-29 15:40:00,423.04,424.59,422.31,424.41,623,9,0,0.09
2026-04-29 15:45:00,424.4,425.0,423.57,424.99,569,9,0,0.09
2026-04-29 15:50:00,424.95,426.59,424.95,426.59,555,9,0,0.09
2026-04-29 15:55:00,426.6,426.71,424.95,425.35,420,11,0,0.11
2026-04-29 16:00:00,425.31,425.48,424.33,424.53,401,10,0,0.1
2026-04-29 16:05:00,424.5,424.54,423.86,424.48,378,11,0,0.11
2026-04-29 16:10:00,424.48,424.6,423.69,423.94,401,10,0,0.1
2026-04-29 16:15:00,423.94,424.83,423.06,424.22,448,9,0,0.09
2026-04-29 16:20:00,424.22,424.75,423.83,424.56,403,10,0,0.1
2026-04-29 16:25:00,424.56,425.18,424.35,425.16,403,10,0,0.1
2026-04-29 16:30:00,425.17,425.67,424.72,425.49,405,9,0,0.09
2026-04-29 16:35:00,425.5,425.7,424.94,424.95,422,9,0,0.09
2026-04-29 16:40:00,424.95,425.43,424.47,425.43,418,9,0,0.09
2026-04-29 16:45:00,425.46,425.52,424.55,425.03,355,9,0,0.09
2026-04-29 16:50:00,425.03,425.3,424.72,424.98,398,9,0,0.09
2026-04-29 16:55:00,424.96,425.34,424.84,425.25,383,9,0,0.09
2026-04-29 17:00:00,425.2,425.77,425.05,425.62,417,9,0,0.09
2026-04-29 17:05:00,425.65,425.65,424.95,424.99,317,9,0,0.09
2026-04-29 17:10:00,424.97,425.02,424.12,424.15,404,10,0,0.1
2026-04-29 17:15:00,424.11,424.83,424.03,424.24,356,9,0,0.09
2026-04-29 17:20:00,424.22,424.78,424.22,424.52,363,9,0,0.09
2026-04-29 17:25:00,424.44,424.55,423.98,424.31,352,9,0,0.09
2026-04-29 17:30:00,424.34,425.14,424.31,425.14,338,9,0,0.09
2026-04-29 17:35:00,425.11,425.17,424.45,424.6,343,9,0,0.09
2026-04-29 17:40:00,424.6,424.7,424.16,424.51,312,9,0,0.09
2026-04-29 17:45:00,424.49,424.97,424.44,424.86,250,10,0,0.1
2026-04-29 17:50:00,424.86,425.14,423.56,423.75,394,9,0,0.09
2026-04-29 17:55:00,423.82,424.33,423.57,424.28,352,10,0,0.1
2026-04-29 18:00:00,424.29,424.61,424.04,424.39,316,10,0,0.1
2026-04-29 18:05:00,424.41,424.74,424.38,424.57,294,10,0,0.1
2026-04-29 18:10:00,424.57,424.68,424.03,424.17,296,9,0,0.09
2026-04-29 18:15:00,424.11,424.35,423.07,423.09,350,9,0,0.09
2026-04-29 18:20:00,423.15,423.39,422.18,422.25,399,9,0,0.09
2026-04-29 18:25:00,422.25,422.39,421.65,421.9,495,9,0,0.09
2026-04-29 18:30:00,421.93,421.95,420.62,420.86,389,9,0,0.09
2026-04-29 18:35:00,420.87,421.36,420.19,421.33,445,10,0,0.1
2026-04-29 18:40:00,421.38,422.13,421.25,422.1,343,10,0,0.1
2026-04-29 18:45:00,422.1,422.34,421.8,422.14,248,9,0,0.09
2026-04-29 18:50:00,422.09,422.55,421.95,422.55,219,9,0,0.09
2026-04-29 18:55:00,422.54,422.79,422.25,422.32,242,9,0,0.09
2026-04-29 19:00:00,422.3,422.44,421.87,422.25,288,10,0,0.1
2026-04-29 19:05:00,422.28,422.64,421.81,422.57,244,10,0,0.1
2026-04-29 19:10:00,422.67,422.69,421.97,422.08,231,10,0,0.1
2026-04-29 19:15:00,422.11,422.3,421.94,422.27,215,9,0,0.09
2026-04-29 19:20:00,422.15,422.85,422.15,422.59,257,9,0,0.09
2026-04-29 19:25:00,422.57,423.09,422.47,423.08,232,9,0,0.09
2026-04-29 19:30:00,423.1,423.48,422.94,423.2,256,9,0,0.09
2026-04-29 19:35:00,423.3,423.57,423.02,423.55,261,9,0,0.09
2026-04-29 19:40:00,423.45,423.89,423.43,423.89,228,9,0,0.09
2026-04-29 19:45:00,423.9,423.94,423.5,423.78,234,9,0,0.09
2026-04-29 19:50:00,423.78,424.06,423.49,423.54,277,9,0,0.09
2026-04-29 19:55:00,423.52,423.55,423.04,423.23,292,9,0,0.09
2026-04-29 20:00:00,423.25,423.3,422.45,422.49,352,9,0,0.09
2026-04-29 20:05:00,422.49,423.15,422.45,422.77,327,10,0,0.1
2026-04-29 20:10:00,422.79,423.11,422.45,422.98,328,9,0,0.09
2026-04-29 20:15:00,423.0,423.69,422.85,423.63,261,10,0,0.1
2026-04-29 20:20:00,423.71,424.16,423.61,423.7,236,9,0,0.09
2026-04-29 20:25:00,423.7,423.7,423.32,423.61,251,9,0,0.09
2026-04-29 20:30:00,423.59,423.73,423.3,423.44,319,9,0,0.09
2026-04-29 20:35:00,423.43,423.69,422.94,423.11,443,9,0,0.09
2026-04-29 20:40:00,423.09,423.76,422.92,423.54,321,9,0,0.09
2026-04-29 20:45:00,423.46,424.52,423.21,424.5,361,9,0,0.09
2026-04-29 20:50:00,424.43,424.9,424.32,424.38,346,10,0,0.1
2026-04-29 20:55:00,424.46,425.08,424.32,424.92,363,9,0,0.09
2026-04-30 15:30:00,410.64,414.15,409.95,410.4,931,12,0,0.12
2026-04-30 15:35:00,410.44,412.62,408.54,410.73,833,13,0,0.13
2026-04-30 15:40:00,410.75,411.32,408.14,409.65,820,10,0,0.1
2026-04-30 15:45:00,409.67,410.22,407.75,408.31,733,10,0,0.1
2026-04-30 15:50:00,408.29,408.77,403.98,404.73,858,10,0,0.1
2026-04-30 15:55:00,404.73,406.25,403.59,404.88,789,10,0,0.1
2026-04-30 16:00:00,404.93,405.52,403.15,403.35,684,9,0,0.09
2026-04-30 16:05:00,403.37,404.2,401.15,401.15,837,10,0,0.1
2026-04-30 16:10:00,401.15,404.34,400.65,403.8,792,10,0,0.1
2026-04-30 16:15:00,403.8,403.8,401.5,402.47,662,11,0,0.11
2026-04-30 16:20:00,402.36,402.83,401.06,401.14,724,10,0,0.1
2026-04-30 16:25:00,401.14,401.67,400.1,401.54,631,10,0,0.1
2026-04-30 16:30:00,401.21,403.35,401.19,402.22,621,10,0,0.1
2026-04-30 16:35:00,402.2,402.27,401.08,401.43,545,11,0,0.11
2026-04-30 16:40:00,401.43,404.18,401.43,403.98,575,11,0,0.11
2026-04-30 16:45:00,404.01,405.37,403.97,404.97,580,9,0,0.09
2026-04-30 16:50:00,404.97,405.78,404.28,405.61,527,10,0,0.1
2026-04-30 16:55:00,405.59,406.33,405.43,406.14,499,11,0,0.11
2026-04-30 17:00:00,406.15,406.86,405.14,405.61,500,11,0,0.11
2026-04-30 17:05:00,405.46,405.65,404.47,405.09,539,10,0,0.1
2026-04-30 17:10:00,405.05,405.41,404.48,404.5,455,9,0,0.09
2026-04-30 17:15:00,404.48,405.02,403.98,404.33,469,10,0,0.1
2026-04-30 17:20:00,404.34,404.48,403.48,403.74,411,9,0,0.09
2026-04-30 17:25:00,403.72,403.73,402.78,402.92,451,9,0,0.09
2026-04-30 17:30:00,402.92,403.74,402.58,402.68,466,10,0,0.1
2026-04-30 17:35:00,402.63,402.63,401.59,401.73,416,10,0,0.1
2026-04-30 17:40:00,401.7,403.19,401.53,402.97,422,10,0,0.1
2026-04-30 17:45:00,402.98,403.28,402.52,403.22,365,9,0,0.09
2026-04-30 17:50:00,403.34,403.47,402.65,403.01,353,10,0,0.1
2026-04-30 17:55:00,403.04,403.16,402.65,402.68,333,9,0,0.09
2026-04-30 18:00:00,402.68,403.43,402.52,403.24,358,10,0,0.1
2026-04-30 18:05:00,403.24,403.4,402.55,402.57,338,10,0,0.1
2026-04-30 18:10:00,402.57,403.19,401.98,402.6,381,10,0,0.1
2026-04-30 18:15:00,402.6,402.77,402.41,402.75,326,10,0,0.1
2026-04-30 18:20:00,402.75,402.93,402.06,402.08,308,9,0,0.09
2026-04-30 18:25:00,402.06,402.06,400.78,400.85,352,9,0,0.09
2026-04-30 18:30:00,400.85,401.58,400.66,400.87,379,10,0,0.1
2026-04-30 18:35:00,400.85,401.22,400.75,400.87,420,10,0,0.1
2026-04-30 18:40:00,400.86,401.2,399.58,400.07,395,9,0,0.09
2026-04-30 18:45:00,400.09,400.23,399.26,400.18,531,10,0,0.1
2026-04-30 18:50:00,400.18,400.18,397.95,398.65,467,9,0,0.09
2026-04-30 18:55:00,398.65,399.44,398.38,398.96,481,11,0,0.11
2026-04-30 19:00:00,398.96,399.89,398.93,399.78,415,10,0,0.1
2026-04-30 19:05:00,399.81,399.84,399.26,399.47,393,9,0,0.09
2026-04-30 19:10:00,399.5,400.67,399.4,400.22,406,10,0,0.1
2026-04-30 19:15:00,400.2,400.24,399.46,399.86,339,11,0,0.11
2026-04-30 19:20:00,399.88,400.8,399.85,400.68,444,10,0,0.1
2026-04-30 19:25:00,400.64,400.92,400.41,400.88,312,9,0,0.09
2026-04-30 19:30:00,400.92,401.81,400.88,401.33,402,9,0,0.09
2026-04-30 19:35:00,401.29,401.37,400.95,401.25,332,10,0,0.1
2026-04-30 19:40:00,401.28,401.84,401.14,401.3,361,9,0,0.09
2026-04-30 19:45:00,401.32,401.78,401.25,401.45,339,10,0,0.1
2026-04-30 19:50:00,401.47,402.23,401.2,402.05,291,10,0,0.1
2026-04-30 19:55:00,402.13,402.85,402.07,402.52,385,9,0,0.09
2026-04-30 20:00:00,402.54,404.08,402.43,403.98,440,10,0,0.1
2026-04-30 20:05:00,403.98,404.58,403.85,403.87,411,9,0,0.09
2026-04-30 20:10:00,403.85,404.83,403.85,404.46,337,9,0,0.09
2026-04-30 20:15:00,404.5,405.02,404.35,404.67,358,9,0,0.09
2026-04-30 20:20:00,404.69,405.29,404.4,404.76,396,10,0,0.1
2026-04-30 20:25:00,404.76,406.05,404.54,405.99,400,9,0,0.09
2026-04-30 20:30:00,406.01,407.01,405.99,406.6,510,9,0,0.09
2026-04-30 20:35:00,406.57,407.06,406.25,406.79,411,10,0,0.1
2026-04-30 20:40:00,406.79,407.75,406.77,407.06,426,10,0,0.1
2026-04-30 20:45:00,407.13,408.04,406.87,407.08,415,10,0,0.1
2026-04-30 20:50:00,407.08,407.42,406.46,407.08,442,10,0,0.1
2026-04-30 20:55:00,407.1,407.39,406.15,407.34,398,9,0,0.09
2026-05-01 15:30:00,412.34,414.79,412.04,414.39,715,14,0,0.14
2026-05-01 15:35:00,414.37,416.15,413.95,415.19,719,11,0,0.11
2026-05-01 15:40:00,415.24,415.81,412.95,413.49,540,11,0,0.11
2026-05-01 15:45:00,413.5,416.04,412.95,415.82,610,12,0,0.12
2026-05-01 15:50:00,415.8,415.88,413.53,414.56,560,12,0,0.12
2026-05-01 15:55:00,414.62,415.01,411.88,412.15,587,10,0,0.1
2026-05-01 16:00:00,411.97,413.11,411.45,411.52,492,10,0,0.1
2026-05-01 16:05:00,411.58,412.27,410.36,412.22,541,11,0,0.11
2026-05-01 16:10:00,412.22,412.81,412.01,412.63,387,10,0,0.1
2026-05-01 16:15:00,412.67,412.95,411.2,412.03,353,10,0,0.1
2026-05-01 16:20:00,412.06,412.99,411.25,411.25,355,11,0,0.11
2026-05-01 16:25:00,411.25,412.22,410.47,412.22,417,11,0,0.11
2026-05-01 16:30:00,412.22,413.79,411.98,413.79,429,9,0,0.09
2026-05-01 16:35:00,413.82,413.96,411.45,411.47,418,10,0,0.1
2026-05-01 16:40:00,411.46,412.09,410.95,411.84,381,11,0,0.11
2026-05-01 16:45:00,411.81,413.13,411.71,412.9,310,10,0,0.1
2026-05-01 16:50:00,412.94,413.34,412.51,412.93,355,10,0,0.1
2026-05-01 16:55:00,412.93,414.06,412.93,413.99,392,9,0,0.09
2026-05-01 17:00:00,414.0,414.32,413.33,413.86,350,10,0,0.1
2026-05-01 17:05:00,413.86,414.15,412.96,413.46,307,11,0,0.11
2026-05-01 17:10:00,413.43,414.21,413.31,414.17,308,10,0,0.1
2026-05-01 17:15:00,414.21,414.66,413.46,413.67,323,10,0,0.1
2026-05-01 17:20:00,413.65,413.89,413.36,413.89,267,10,0,0.1
2026-05-01 17:25:00,413.89,414.51,413.78,414.48,300,10,0,0.1
2026-05-01 17:30:00,414.51,415.12,414.25,414.7,343,10,0,0.1
2026-05-01 17:35:00,414.72,415.85,414.45,415.69,313,10,0,0.1
2026-05-01 17:40:00,415.73,416.4,415.5,415.58,397,9,0,0.09
2026-05-01 17:45:00,415.76,416.98,415.74,416.94,404,9,0,0.09
2026-05-01 17:50:00,416.94,417.01,415.41,415.44,464,9,0,0.09
2026-05-01 17:55:00,415.52,416.47,415.44,415.68,288,10,0,0.1
2026-05-01 18:00:00,415.77,416.18,415.48,415.68,242,10,0,0.1
2026-05-01 18:05:00,415.7,415.7,414.27,414.32,253,10,0,0.1
2026-05-01 18:10:00,414.27,414.32,413.54,413.68,291,11,0,0.11
2026-05-01 18:15:00,413.77,414.0,413.55,413.66,257,11,0,0.11
2026-05-01 18:20:00,413.66,413.72,412.91,413.63,230,11,0,0.11
2026-05-01 18:25:00,413.63,414.26,413.14,414.24,326,10,0,0.1
2026-05-01 18:30:00,414.2,414.41,413.36,413.62,272,11,0,0.11
2026-05-01 18:35:00,413.8,413.89,413.45,413.78,254,10,0,0.1
2026-05-01 18:40:00,413.84,413.95,413.51,413.53,187,10,0,0.1
2026-05-01 18:45:00,413.52,413.57,412.7,413.0,220,10,0,0.1
2026-05-01 18:50:00,412.93,413.27,412.84,413.13,227,10,0,0.1
2026-05-01 18:55:00,413.13,413.66,412.95,413.04,258,11,0,0.11
2026-05-01 19:00:00,413.12,413.62,412.99,413.33,216,10,0,0.1
2026-05-01 19:05:00,413.38,413.82,413.22,413.66,194,11,0,0.11
2026-05-01 19:10:00,413.67,414.13,413.57,413.87,256,10,0,0.1
2026-05-01 19:15:00,413.83,414.22,413.66,414.22,189,9,0,0.09
2026-05-01 19:20:00,414.21,414.52,414.1,414.29,202,9,0,0.09
2026-05-01 19:25:00,414.24,414.44,414.0,414.44,237,10,0,0.1
2026-05-01 19:30:00,414.42,414.46,413.84,414.08,238,9,0,0.09
2026-05-01 19:35:00,414.08,414.4,413.92,414.4,217,10,0,0.1
2026-05-01 19:40:00,414.42,414.91,414.28,414.57,221,9,0,0.09
2026-05-01 19:45:00,414.62,414.71,414.27,414.66,182,10,0,0.1
2026-05-01 19:50:00,414.67,415.02,414.56,414.79,165,9,0,0.09
2026-05-01 19:55:00,414.85,415.28,414.75,415.13,206,9,0,0.09
2026-05-01 20:00:00,415.15,415.48,414.95,415.21,226,10,0,0.1
2026-05-01 20:05:00,415.23,415.93,415.16,415.78,228,9,0,0.09
2026-05-01 20:10:00,415.8,415.91,415.09,415.3,255,10,0,0.1
2026-05-01 20:15:00,415.3,415.62,415.11,415.53,318,10,0,0.1
2026-05-01 20:20:00,415.55,415.91,415.46,415.79,280,9,0,0.09
2026-05-01 20:25:00,415.79,415.89,415.13,415.46,203,10,0,0.1
2026-05-01 20:30:00,415.48,415.48,414.79,415.33,266,10,0,0.1
2026-05-01 20:35:00,415.35,415.42,414.96,415.03,204,9,0,0.09
2026-05-01 20:40:00,415.03,415.16,414.72,414.85,178,9,0,0.09
2026-05-01 20:45:00,414.88,415.16,414.46,414.48,231,10,0,0.1
2026-05-01 20:50:00,414.48,414.68,414.31,414.5,178,9,0,0.09
2026-05-01 20:55:00,414.53,414.89,414.53,414.81,216,9,0,0.09
2026-05-04 15:30:00,411.81,416.67,411.66,414.84,618,11,0,0.11
2026-05-04 15:35:00,414.95,416.18,414.39,414.41,653,11,0,0.11
2026-05-04 15:40:00,414.46,417.41,414.39,416.2,646,10,0,0.1
2026-05-04 15:45:00,416.32,419.5,416.18,418.85,712,10,0,0.1
2026-05-04 15:50:00,418.8,420.26,416.45,416.67,701,10,0,0.1
2026-05-04 15:55:00,416.67,416.73,415.48,415.78,498,10,0,0.1
2026-05-04 16:00:00,415.86,415.92,414.69,415.32,476,9,0,0.09
2026-05-04 16:05:00,415.34,415.74,414.75,415.31,462,11,0,0.11
2026-05-04 16:10:00,415.3,416.95,415.17,416.72,492,11,0,0.11
2026-05-04 16:15:00,416.7,418.84,416.31,418.84,571,10,0,0.1
2026-05-04 16:20:00,418.88,419.81,418.27,419.43,562,10,0,0.1
2026-05-04 16:25:00,419.31,420.69,419.31,419.8,583,10,0,0.1
2026-05-04 16:30:00,419.8,420.39,418.95,419.93,575,10,0,0.1
2026-05-04 16:35:00,419.9,420.07,418.69,418.78,528,10,0,0.1
2026-05-04 16:40:00,418.79,419.09,417.35,417.63,453,10,0,0.1
2026-05-04 16:45:00,417.62,418.71,417.53,418.49,465,10,0,0.1
2026-05-04 16:50:00,418.51,418.83,417.99,418.53,437,10,0,0.1
2026-05-04 16:55:00,418.47,418.58,416.95,417.19,481,10,0,0.1
2026-05-04 17:00:00,417.17,418.28,416.75,417.77,466,10,0,0.1
2026-05-04 17:05:00,417.79,417.99,417.33,417.52,463,11,0,0.11
2026-05-04 17:10:00,417.54,417.82,417.22,417.63,379,11,0,0.11
2026-05-04 17:15:00,417.53,418.04,415.98,416.23,465,10,0,0.1
2026-05-04 17:20:00,416.25,416.64,415.36,415.8,623,10,0,0.1
2026-05-04 17:25:00,415.79,416.37,415.57,415.81,486,11,0,0.11
2026-05-04 17:30:00,415.85,415.95,414.66,415.0,441,9,0,0.09
2026-05-04 17:35:00,415.0,415.0,414.11,414.21,541,9,0,0.09
2026-05-04 17:40:00,414.16,414.72,413.5,414.65,429,10,0,0.1
2026-05-04 17:45:00,414.65,414.96,414.5,414.6,407,10,0,0.1
2026-05-04 17:50:00,414.56,415.01,414.05,414.98,450,10,0,0.1
2026-05-04 17:55:00,414.95,415.12,414.63,414.85,369,11,0,0.11
2026-05-04 18:00:00,414.87,415.19,414.3,414.64,365,11,0,0.11
2026-05-04 18:05:00,414.63,414.82,412.95,413.96,639,12,0,0.12
2026-05-04 18:10:00,413.96,414.94,413.59,414.82,580,11,0,0.11
2026-05-04 18:15:00,414.82,415.99,414.28,415.72,575,10,0,0.1
2026-05-04 18:20:00,415.75,416.38,415.69,415.7,478,10,0,0.1
2026-05-04 18:25:00,415.68,416.25,415.56,415.62,323,10,0,0.1
2026-05-04 18:30:00,415.62,416.2,415.45,416.1,457,10,0,0.1
2026-05-04 18:35:00,416.13,416.21,415.31,415.33,304,11,0,0.11
2026-05-04 18:40:00,415.33,415.81,415.11,415.46,401,11,0,0.11
2026-05-04 18:45:00,415.47,415.47,414.95,415.29,322,9,0,0.09
2026-05-04 18:50:00,415.19,415.44,414.46,414.55,310,10,0,0.1
2026-05-04 18:55:00,414.53,414.55,413.85,413.95,406,9,0,0.09
2026-05-04 19:00:00,413.95,414.36,413.85,414.32,441,11,0,0.11
2026-05-04 19:05:00,414.32,414.53,413.95,414.06,382,10,0,0.1
2026-05-04 19:10:00,414.1,414.17,413.66,413.92,315,10,0,0.1
2026-05-04 19:15:00,413.92,414.79,413.87,414.68,416,10,0,0.1
2026-05-04 19:20:00,414.66,415.08,414.48,414.69,301,10,0,0.1
2026-05-04 19:25:00,414.67,414.73,414.26,414.45,211,10,0,0.1
2026-05-04 19:30:00,414.5,414.84,414.26,414.62,251,9,0,0.09
2026-05-04 19:35:00,414.6,414.77,414.22,414.58,351,10,0,0.1
2026-05-04 19:40:00,414.6,414.82,414.42,414.73,207,10,0,0.1
2026-05-04 19:45:00,414.75,415.07,414.51,414.93,283,10,0,0.1
2026-05-04 19:50:00,414.97,415.08,414.66,415.0,238,11,0,0.11
2026-05-04 19:55:00,414.98,415.08,414.53,414.53,229,9,0,0.09
2026-05-04 20:00:00,414.3,415.38,414.3,415.18,252,11,0,0.11
2026-05-04 20:05:00,415.29,415.45,414.56,414.85,270,10,0,0.1
2026-05-04 20:10:00,414.83,414.92,414.6,414.67,219,10,0,0.1
2026-05-04 20:15:00,414.7,414.71,414.44,414.59,262,10,0,0.1
2026-05-04 20:20:00,414.57,414.72,414.48,414.63,205,9,0,0.09
2026-05-04 20:25:00,414.63,414.67,414.13,414.57,235,9,0,0.09
2026-05-04 20:30:00,414.61,414.7,414.03,414.29,233,10,0,0.1
2026-05-04 20:35:00,414.25,414.36,414.03,414.19,160,9,0,0.09
2026-05-04 20:40:00,414.19,414.22,413.7,413.72,251,10,0,0.1
2026-05-04 20:45:00,413.72,413.99,413.43,413.85,267,9,0,0.09
2026-05-04 20:50:00,413.93,413.93,413.2,413.26,286,10,0,0.1
2026-05-04 20:55:00,413.27,413.52,413.15,413.29,304,10,0,0.1
2026-05-05 15:30:00,415.33,416.34,414.25,414.28,551,12,0,0.12
2026-05-05 15:35:00,414.28,415.61,411.82,411.88,627,11,0,0.11
2026-05-05 15:40:00,411.87,412.73,410.78,411.02,648,9,0,0.09
2026-05-05 15:45:00,411.11,412.09,410.29,410.45,580,12,0,0.12
2026-05-05 15:50:00,410.49,411.39,410.38,411.14,563,10,0,0.1
2026-05-05 15:55:00,411.27,411.55,410.15,410.15,488,11,0,0.11
2026-05-05 16:00:00,410.38,411.99,409.82,411.85,535,10,0,0.1
2026-05-05 16:05:00,411.85,412.56,411.74,411.88,469,10,0,0.1
2026-05-05 16:10:00,411.78,412.38,410.46,410.76,424,10,0,0.1
2026-05-05 16:15:00,410.63,410.64,409.3,409.7,477,9,0,0.09
2026-05-05 16:20:00,409.69,411.2,409.3,411.18,434,11,0,0.11
2026-05-05 16:25:00,411.18,411.58,410.33,410.54,419,11,0,0.11
2026-05-05 16:30:00,410.57,411.06,410.3,410.8,428,11,0,0.11
2026-05-05 16:35:00,410.82,411.05,409.67,409.89,411,10,0,0.1
2026-05-05 16:40:00,409.91,410.44,409.83,409.98,404,10,0,0.1
2026-05-05 16:45:00,409.94,410.8,409.61,410.77,382,10,0,0.1
2026-05-05 16:50:00,410.66,410.8,409.79,410.16,407,11,0,0.11
2026-05-05 16:55:00,410.16,410.6,409.89,410.23,374,11,0,0.11
2026-05-05 17:00:00,410.17,411.08,410.07,411.01,346,9,0,0.09
2026-05-05 17:05:00,411.02,411.46,410.57,410.59,410,9,0,0.09
2026-05-05 17:10:00,410.68,410.89,410.2,410.22,312,10,0,0.1
2026-05-05 17:15:00,410.26,410.42,409.95,410.22,323,10,0,0.1
2026-05-05 17:20:00,410.13,410.49,410.13,410.23,265,10,0,0.1
2026-05-05 17:25:00,410.24,411.23,410.23,411.23,261,10,0,0.1
2026-05-05 17:30:00,411.27,411.51,410.74,411.03,287,10,0,0.1
2026-05-05 17:35:00,411.01,411.02,410.34,410.68,299,10,0,0.1
2026-05-05 17:40:00,410.67,410.74,410.45,410.47,302,9,0,0.09
2026-05-05 17:45:00,410.45,410.48,410.01,410.05,253,10,0,0.1
2026-05-05 17:50:00,410.07,410.19,409.11,409.22,293,10,0,0.1
2026-05-05 17:55:00,409.24,409.71,409.07,409.29,305,10,0,0.1
2026-05-05 18:00:00,409.27,409.59,408.95,409.39,356,10,0,0.1
2026-05-05 18:05:00,409.4,409.8,409.09,409.17,290,9,0,0.09
2026-05-05 18:10:00,409.15,409.73,409.04,409.04,285,11,0,0.11
2026-05-05 18:15:00,409.02,409.28,408.73,409.06,317,10,0,0.1
2026-05-05 18:20:00,409.05,409.39,408.95,409.23,300,10,0,0.1
2026-05-05 18:25:00,409.25,410.25,409.17,409.73,320,10,0,0.1
2026-05-05 18:30:00,409.75,410.09,409.69,409.71,275,10,0,0.1
2026-05-05 18:35:00,409.68,410.08,409.45,409.87,282,11,0,0.11
2026-05-05 18:40:00,409.86,410.36,409.85,410.02,272,9,0,0.09
2026-05-05 18:45:00,410.04,410.18,409.41,409.48,181,10,0,0.1
2026-05-05 18:50:00,409.47,409.67,409.06,409.49,282,10,0,0.1
2026-05-05 18:55:00,409.51,409.8,409.45,409.57,248,11,0,0.11
2026-05-05 19:00:00,409.59,409.75,409.32,409.43,176,10,0,0.1
2026-05-05 19:05:00,409.41,409.53,409.14,409.14,187,10,0,0.1
2026-05-05 19:10:00,409.15,409.49,409.01,409.13,229,9,0,0.09
2026-05-05 19:15:00,409.17,409.48,408.96,409.07,215,9,0,0.09
2026-05-05 19:20:00,409.09,409.91,408.97,409.63,249,9,0,0.09
2026-05-05 19:25:00,409.62,410.14,409.51,410.04,226,10,0,0.1
2026-05-05 19:30:00,410.07,410.21,409.61,409.74,242,10,0,0.1
2026-05-05 19:35:00,409.72,410.24,409.72,410.08,198,10,0,0.1
2026-05-05 19:40:00,410.08,410.68,410.02,410.68,185,9,0,0.09
2026-05-05 19:45:00,410.7,410.75,410.18,410.47,182,9,0,0.09
2026-05-05 19:50:00,410.52,410.89,410.49,410.79,208,10,0,0.1
2026-05-05 19:55:00,410.77,410.81,410.05,410.2,198,9,0,0.09
2026-05-05 20:00:00,410.13,410.47,409.95,410.34,242,10,0,0.1
2026-05-05 20:05:00,410.34,410.57,410.14,410.34,213,10,0,0.1
2026-05-05 20:10:00,410.36,410.64,410.07,410.42,227,11,0,0.11
2026-05-05 20:15:00,410.44,410.61,410.25,410.33,197,10,0,0.1
2026-05-05 20:20:00,410.34,410.53,410.08,410.11,209,9,0,0.09
2026-05-05 20:25:00,410.15,410.17,409.85,409.92,247,9,0,0.09
2026-05-05 20:30:00,409.89,410.02,409.75,409.76,174,9,0,0.09
2026-05-05 20:35:00,409.75,410.13,409.61,409.79,189,9,0,0.09
2026-05-05 20:40:00,409.79,410.66,409.77,410.64,245,10,0,0.1
2026-05-05 20:45:00,410.62,411.3,410.62,411.14,214,10,0,0.1
2026-05-05 20:50:00,411.13,411.23,410.69,410.99,319,9,0,0.09
2026-05-05 20:55:00,410.99,411.22,410.9,411.04,169,10,0,0.1
2026-05-06 15:30:00,405.68,407.27,405.05,406.3,642,13,0,0.13
2026-05-06 15:35:00,406.13,407.16,405.46,406.56,635,12,0,0.12
2026-05-06 15:40:00,406.56,407.52,406.07,407.12,607,9,0,0.09
2026-05-06 15:45:00,407.21,408.07,406.34,407.19,625,9,0,0.09
2026-05-06 15:50:00,407.25,410.55,407.04,409.23,600,10,0,0.1
2026-05-06 15:55:00,409.24,409.77,408.54,409.74,436,11,0,0.11
2026-05-06 16:00:00,409.83,411.01,409.75,410.24,546,9,0,0.09
2026-05-06 16:05:00,410.26,410.93,409.69,410.72,427,10,0,0.1
2026-05-06 16:10:00,410.78,412.37,410.77,411.93,497,10,0,0.1
2026-05-06 16:15:00,411.91,413.19,411.85,413.01,491,11,0,0.11
2026-05-06 16:20:00,413.01,414.34,412.88,413.86,508,10,0,0.1
2026-05-06 16:25:00,413.88,416.23,413.86,415.89,595,10,0,0.1
2026-05-06 16:30:00,415.95,418.22,415.68,417.48,726,11,0,0.11
2026-05-06 16:35:00,417.48,417.91,415.96,416.51,573,10,0,0.1
2026-05-06 16:40:00,416.53,416.81,414.78,416.04,527,11,0,0.11
2026-05-06 16:45:00,415.98,416.13,415.04,415.74,439,12,0,0.12
2026-05-06 16:50:00,415.52,416.09,414.08,414.7,389,10,0,0.1
2026-05-06 16:55:00,414.73,415.07,414.42,414.9,381,11,0,0.11
2026-05-06 17:00:00,414.67,415.21,413.86,414.01,362,11,0,0.11
2026-05-06 17:05:00,414.21,414.91,414.05,414.62,383,11,0,0.11
2026-05-06 17:10:00,414.61,414.81,413.91,414.12,298,11,0,0.11
2026-05-06 17:15:00,414.05,414.6,413.66,413.75,414,11,0,0.11
2026-05-06 17:20:00,413.79,413.97,413.01,413.48,379,10,0,0.1
2026-05-06 17:25:00,413.49,413.63,413.05,413.32,284,9,0,0.09
2026-05-06 17:30:00,413.39,413.92,413.37,413.81,283,10,0,0.1
2026-05-06 17:35:00,413.81,414.67,413.81,414.58,336,10,0,0.1
2026-05-06 17:40:00,414.6,415.01,414.32,414.77,349,11,0,0.11
2026-05-06 17:45:00,414.77,416.17,414.66,415.82,353,10,0,0.1
2026-05-06 17:50:00,415.84,416.16,414.49,414.61,300,10,0,0.1
2026-05-06 17:55:00,414.61,415.18,414.42,415.08,265,11,0,0.11
2026-05-06 18:00:00,415.08,415.21,414.78,415.14,244,9,0,0.09
2026-05-06 18:05:00,415.08,415.6,415.08,415.24,280,10,0,0.1
2026-05-06 18:10:00,415.27,415.43,414.76,414.76,240,10,0,0.1
2026-05-06 18:15:00,414.76,414.98,414.45,414.96,269,10,0,0.1
2026-05-06 18:20:00,414.97,415.01,414.1,414.19,234,10,0,0.1
2026-05-06 18:25:00,414.12,414.33,413.74,414.12,255,10,0,0.1
2026-05-06 18:30:00,414.12,414.2,412.98,413.02,257,11,0,0.11
2026-05-06 18:35:00,413.0,413.11,412.2,412.6,317,9,0,0.09
2026-05-06 18:40:00,412.58,412.88,412.36,412.78,300,10,0,0.1
2026-05-06 18:45:00,412.86,413.07,412.45,412.98,277,9,0,0.09
2026-05-06 18:50:00,412.96,413.19,412.37,412.37,248,10,0,0.1
2026-05-06 18:55:00,412.36,412.76,412.17,412.53,319,11,0,0.11
2026-05-06 19:00:00,412.57,412.9,412.29,412.65,244,10,0,0.1
2026-05-06 19:05:00,412.65,412.98,412.55,412.89,211,9,0,0.09
2026-05-06 19:10:00,412.95,413.46,412.78,413.13,238,10,0,0.1
2026-05-06 19:15:00,413.13,413.35,412.78,413.08,229,11,0,0.11
2026-05-06 19:20:00,413.06,413.37,412.95,413.26,208,10,0,0.1
2026-05-06 19:25:00,413.18,413.43,412.95,413.38,217,9,0,0.09
2026-05-06 19:30:00,413.38,413.52,413.07,413.12,168,9,0,0.09
2026-05-06 19:35:00,413.12,413.12,412.2,412.2,201,9,0,0.09
2026-05-06 19:40:00,412.23,412.87,412.21,412.75,285,10,0,0.1
2026-05-06 19:45:00,412.8,413.17,412.51,413.17,258,10,0,0.1
2026-05-06 19:50:00,413.18,413.18,412.3,412.31,222,10,0,0.1
2026-05-06 19:55:00,412.32,412.79,412.3,412.41,241,9,0,0.09
2026-05-06 20:00:00,412.41,412.62,412.19,412.45,246,9,0,0.09
2026-05-06 20:05:00,412.48,413.28,412.41,413.24,247,9,0,0.09
2026-05-06 20:10:00,413.26,413.74,413.02,413.56,281,10,0,0.1
2026-05-06 20:15:00,413.56,414.0,413.5,413.73,273,9,0,0.09
2026-05-06 20:20:00,413.73,413.9,413.44,413.85,196,10,0,0.1
2026-05-06 20:25:00,413.85,413.97,413.61,413.79,231,10,0,0.1
2026-05-06 20:30:00,413.8,413.81,413.45,413.61,231,10,0,0.1
2026-05-06 20:35:00,413.61,414.03,413.59,413.78,230,9,0,0.09
2026-05-06 20:40:00,413.78,413.94,413.37,413.38,200,10,0,0.1
2026-05-06 20:45:00,413.34,413.73,413.28,413.41,219,10,0,0.1
2026-05-06 20:50:00,413.37,413.55,413.22,413.47,176,10,0,0.1
2026-05-06 20:55:00,413.46,413.58,412.96,413.33,248,9,0,0.09
2026-05-07 15:30:00,420.99,422.83,420.06,421.06,606,9,0,0.09
2026-05-07 15:35:00,421.2,425.34,421.06,424.72,721,10,0,0.1
2026-05-07 15:40:00,424.7,427.84,424.7,426.19,798,9,0,0.09
2026-05-07 15:45:00,426.21,426.38,423.95,424.7,664,11,0,0.11
2026-05-07 15:50:00,424.76,425.5,423.17,423.49,546,10,0,0.1
2026-05-07 15:55:00,423.54,424.31,422.56,423.68,560,12,0,0.12
2026-05-07 16:00:00,424.01,425.04,423.66,424.51,518,11,0,0.11
2026-05-07 16:05:00,424.53,425.26,424.19,424.26,446,11,0,0.11
2026-05-07 16:10:00,424.38,424.76,423.06,424.05,440,10,0,0.1
2026-05-07 16:15:00,423.98,424.09,422.55,423.86,375,11,0,0.11
2026-05-07 16:20:00,423.88,423.94,422.95,423.03,345,11,0,0.11
2026-05-07 16:25:00,423.03,424.53,423.03,424.17,346,9,0,0.09
2026-05-07 16:30:00,424.17,424.43,423.6,423.62,277,10,0,0.1
2026-05-07 16:35:00,423.61,423.73,422.58,423.52,354,10,0,0.1
2026-05-07 16:40:00,423.5,423.79,422.95,423.61,294,9,0,0.09
2026-05-07 16:45:00,423.77,424.79,423.35,424.52,428,10,0,0.1
2026-05-07 16:50:00,424.52,425.52,424.5,424.91,415,10,0,0.1
2026-05-07 16:55:00,424.89,425.79,424.89,425.77,393,10,0,0.1
2026-05-07 17:00:00,425.73,425.74,424.79,425.05,328,11,0,0.11
2026-05-07 17:05:00,425.08,425.55,423.95,425.3,398,10,0,0.1
2026-05-07 17:10:00,425.32,426.08,425.32,425.59,342,11,0,0.11
2026-05-07 17:15:00,425.55,426.13,425.41,426.1,273,11,0,0.11
2026-05-07 17:20:00,426.16,426.45,425.45,425.5,276,10,0,0.1
2026-05-07 17:25:00,425.52,425.55,424.15,424.42,318,11,0,0.11
2026-05-07 17:30:00,424.41,425.96,424.38,425.7,341,11,0,0.11
2026-05-07 17:35:00,425.76,425.76,424.79,424.81,276,11,0,0.11
2026-05-07 17:40:00,424.81,425.58,424.6,425.26,295,10,0,0.1
2026-05-07 17:45:00,425.26,426.33,425.2,426.24,360,9,0,0.09
2026-05-07 17:50:00,426.2,426.46,425.53,425.98,346,11,0,0.11
2026-05-07 17:55:00,425.98,426.38,425.17,425.25,340,10,0,0.1
2026-05-07 18:00:00,425.37,425.38,424.34,424.73,322,11,0,0.11
2026-05-07 18:05:00,424.71,424.84,423.73,424.3,336,10,0,0.1
2026-05-07 18:10:00,424.38,424.38,423.38,423.64,327,12,0,0.12
2026-05-07 18:15:00,423.59,423.72,423.13,423.5,326,12,0,0.12
2026-05-07 18:20:00,423.52,424.27,422.96,423.86,318,12,0,0.12
2026-05-07 18:25:00,423.84,424.91,423.84,424.68,305,11,0,0.11
2026-05-07 18:30:00,424.68,424.68,424.25,424.43,248,9,0,0.09
2026-05-07 18:35:00,424.41,424.59,423.82,423.86,240,10,0,0.1
2026-05-07 18:40:00,423.8,423.87,422.75,422.93,269,11,0,0.11
2026-05-07 18:45:00,422.93,423.01,421.98,422.03,250,11,0,0.11
2026-05-07 18:50:00,422.01,422.05,421.19,421.59,306,10,0,0.1
2026-05-07 18:55:00,421.53,421.53,420.97,421.2,225,11,0,0.11
2026-05-07 19:00:00,421.18,421.5,420.99,421.25,265,10,0,0.1
2026-05-07 19:05:00,421.27,422.42,421.23,422.25,312,10,0,0.1
2026-05-07 19:10:00,422.25,422.73,422.02,422.63,316,11,0,0.11
2026-05-07 19:15:00,422.61,422.66,421.32,421.36,276,10,0,0.1
2026-05-07 19:20:00,421.34,421.97,420.78,421.74,339,11,0,0.11
2026-05-07 19:25:00,421.75,421.81,420.54,420.91,365,10,0,0.1
2026-05-07 19:30:00,421.09,421.16,420.43,420.97,300,11,0,0.11
2026-05-07 19:35:00,420.78,421.61,420.7,421.51,247,10,0,0.1
2026-05-07 19:40:00,421.56,421.91,421.25,421.31,283,10,0,0.1
2026-05-07 19:45:00,421.29,421.53,420.79,421.06,248,9,0,0.09
2026-05-07 19:50:00,421.08,421.37,420.58,420.62,337,11,0,0.11
2026-05-07 19:55:00,420.71,421.89,420.58,421.88,307,11,0,0.11
2026-05-07 20:00:00,421.78,421.9,421.19,421.27,209,10,0,0.1
2026-05-07 20:05:00,421.31,421.92,421.29,421.8,251,10,0,0.1
2026-05-07 20:10:00,421.82,422.2,421.12,421.91,257,12,0,0.12
2026-05-07 20:15:00,421.91,422.68,421.91,422.25,221,12,0,0.12
2026-05-07 20:20:00,422.23,423.23,422.23,422.99,251,11,0,0.11
2026-05-07 20:25:00,422.99,423.52,422.93,423.04,271,11,0,0.11
2026-05-07 20:30:00,423.04,424.18,423.03,424.06,287,10,0,0.1
2026-05-07 20:35:00,424.06,424.22,423.53,424.0,320,11,0,0.11
2026-05-07 20:40:00,424.02,424.02,421.95,421.97,284,10,0,0.1
2026-05-07 20:45:00,421.99,422.44,421.83,422.04,233,11,0,0.11
2026-05-07 20:50:00,421.92,422.84,421.8,422.75,302,11,0,0.11
2026-05-07 20:55:00,422.75,423.18,422.55,422.92,238,9,0,0.09
2026-05-08 15:30:00,415.12,417.47,414.88,417.16,664,13,0,0.13
2026-05-08 15:35:00,417.22,417.54,415.93,416.25,620,12,0,0.12
2026-05-08 15:40:00,416.21,416.65,415.5,416.44,561,11,0,0.11
2026-05-08 15:45:00,416.53,418.53,416.44,418.05,621,11,0,0.11
2026-05-08 15:50:00,418.07,418.38,415.78,415.78,581,10,0,0.1
2026-05-08 15:55:00,415.8,416.65,415.67,416.29,493,9,0,0.09
2026-05-08 16:00:00,416.34,416.74,415.6,416.56,419,11,0,0.11
2026-05-08 16:05:00,416.7,417.14,415.85,416.25,449,11,0,0.11
2026-05-08 16:10:00,416.14,417.42,415.75,416.85,506,10,0,0.1
2026-05-08 16:15:00,416.91,417.44,416.47,416.85,445,10,0,0.1
2026-05-08 16:20:00,416.67,417.57,416.55,416.89,367,9,0,0.09
2026-05-08 16:25:00,416.89,417.05,415.25,415.77,537,9,0,0.09
2026-05-08 16:30:00,415.71,415.72,414.85,415.09,520,9,0,0.09
2026-05-08 16:35:00,415.0,415.39,414.52,414.88,461,9,0,0.09
2026-05-08 16:40:00,414.86,414.98,414.23,414.87,420,10,0,0.1
2026-05-08 16:45:00,414.85,415.36,414.49,415.11,447,10,0,0.1
2026-05-08 16:50:00,415.14,415.68,415.07,415.64,347,11,0,0.11
2026-05-08 16:55:00,415.64,416.51,415.62,416.39,409,10,0,0.1
2026-05-08 17:00:00,416.38,417.12,416.23,416.82,405,9,0,0.09
2026-05-08 17:05:00,416.76,417.01,416.37,416.37,366,10,0,0.1
2026-05-08 17:10:00,416.39,417.12,416.39,416.95,367,10,0,0.1
2026-05-08 17:15:00,416.95,416.97,415.96,416.21,347,11,0,0.11
2026-05-08 17:20:00,416.25,416.27,415.6,415.94,309,10,0,0.1
2026-05-08 17:25:00,415.8,416.82,415.68,416.76,347,10,0,0.1
2026-05-08 17:30:00,416.78,416.9,415.48,415.78,317,10,0,0.1
2026-05-08 17:35:00,415.87,416.86,415.72,416.78,345,10,0,0.1
2026-05-08 17:40:00,416.78,417.05,416.12,416.77,308,11,0,0.11
2026-05-08 17:45:00,416.77,417.03,416.5,416.6,313,10,0,0.1
2026-05-08 17:50:00,416.64,416.75,415.76,415.91,273,9,0,0.09
2026-05-08 17:55:00,415.89,416.07,415.56,415.8,266,10,0,0.1
2026-05-08 18:00:00,415.8,416.02,415.28,415.69,261,10,0,0.1
2026-05-08 18:05:00,415.63,416.29,415.63,416.05,281,12,0,0.12
2026-05-08 18:10:00,416.05,416.53,415.97,416.37,356,11,0,0.11
2026-05-08 18:15:00,416.36,416.45,415.97,416.11,320,10,0,0.1
2026-05-08 18:20:00,416.05,416.21,415.77,416.05,218,11,0,0.11
2026-05-08 18:25:00,415.98,416.06,415.7,415.77,270,9,0,0.09
2026-05-08 18:30:00,415.77,415.87,415.35,415.61,242,10,0,0.1
2026-05-08 18:35:00,415.61,415.78,415.47,415.55,239,11,0,0.11
2026-05-08 18:40:00,415.57,415.78,415.43,415.74,224,10,0,0.1
2026-05-08 18:45:00,415.76,416.75,415.76,416.59,298,10,0,0.1
2026-05-08 18:50:00,416.61,416.85,416.27,416.52,280,10,0,0.1
2026-05-08 18:55:00,416.52,416.56,416.1,416.2,217,9,0,0.09
2026-05-08 19:00:00,416.2,416.25,415.83,416.12,266,10,0,0.1
2026-05-08 19:05:00,416.14,416.44,415.95,416.07,266,9,0,0.09
2026-05-08 19:10:00,416.09,416.58,416.05,416.54,265,11,0,0.11
2026-05-08 19:15:00,416.54,417.06,416.37,417.05,282,10,0,0.1
2026-05-08 19:20:00,417.06,417.08,416.53,416.84,274,10,0,0.1
2026-05-08 19:25:00,416.82,417.31,416.66,417.09,235,10,0,0.1
2026-05-08 19:30:00,417.09,417.26,416.5,416.73,212,9,0,0.09
2026-05-08 19:35:00,416.75,416.91,416.25,416.28,195,9,0,0.09
2026-05-08 19:40:00,416.27,416.54,416.03,416.07,184,10,0,0.1
2026-05-08 19:45:00,416.04,416.07,415.62,415.78,247,9,0,0.09
2026-05-08 19:50:00,415.74,415.86,415.55,415.71,184,10,0,0.1
2026-05-08 19:55:00,415.69,415.89,415.59,415.73,207,11,0,0.11
2026-05-08 20:00:00,415.79,416.32,415.6,416.07,313,10,0,0.1
2026-05-08 20:05:00,416.08,416.19,415.36,415.42,223,10,0,0.1
2026-05-08 20:10:00,415.44,415.72,415.4,415.48,221,10,0,0.1
2026-05-08 20:15:00,415.46,415.78,415.31,415.58,265,9,0,0.09
2026-05-08 20:20:00,415.6,415.72,415.35,415.48,200,10,0,0.1
2026-05-08 20:25:00,415.51,416.05,415.46,415.98,233,9,0,0.09
2026-05-08 20:30:00,415.96,416.07,415.65,415.87,283,10,0,0.1
2026-05-08 20:35:00,415.85,415.9,415.66,415.75,209,9,0,0.09
2026-05-08 20:40:00,415.75,415.8,415.25,415.25,217,9,0,0.09
2026-05-08 20:45:00,415.26,415.54,415.25,415.36,226,9,0,0.09
2026-05-08 20:50:00,415.38,415.46,414.85,414.98,300,9,0,0.09
2026-05-08 20:55:00,414.97,415.0,414.55,414.76,316,9,0,0.09
2026-05-11 15:30:00,407.53,411.25,406.25,410.65,617,11,0,0.11
2026-05-11 15:35:00,410.4,411.46,409.57,410.08,587,11,0,0.11
2026-05-11 15:40:00,410.06,410.81,408.67,409.25,605,14,0,0.14
2026-05-11 15:45:00,409.12,410.32,408.55,409.15,565,11,0,0.11
2026-05-11 15:50:00,409.01,409.21,407.91,408.62,539,10,0,0.1
2026-05-11 15:55:00,408.64,410.27,408.38,410.02,538,10,0,0.1
2026-05-11 16:00:00,410.02,410.22,409.45,409.66,509,10,0,0.1
2026-05-11 16:05:00,409.67,410.39,409.49,409.94,436,11,0,0.11
2026-05-11 16:10:00,409.91,410.63,409.36,409.85,430,10,0,0.1
2026-05-11 16:15:00,409.89,410.44,409.33,409.83,366,11,0,0.11
2026-05-11 16:20:00,409.85,410.87,409.45,410.44,404,12,0,0.12
2026-05-11 16:25:00,410.44,411.39,410.25,410.59,428,10,0,0.1
2026-05-11 16:30:00,410.57,410.81,409.61,409.9,386,11,0,0.11
2026-05-11 16:35:00,409.9,410.63,409.61,410.52,309,10,0,0.1
2026-05-11 16:40:00,410.54,411.0,410.22,410.5,344,10,0,0.1
2026-05-11 16:45:00,410.52,410.53,409.56,409.63,373,9,0,0.09
2026-05-11 16:50:00,409.65,409.69,408.88,409.24,420,9,0,0.09
2026-05-11 16:55:00,409.13,409.48,409.08,409.25,309,10,0,0.1
2026-05-11 17:00:00,409.33,409.56,409.0,409.16,311,10,0,0.1
2026-05-11 17:05:00,409.22,409.92,409.12,409.57,342,10,0,0.1
2026-05-11 17:10:00,409.55,409.56,408.92,409.08,327,9,0,0.09
2026-05-11 17:15:00,409.0,410.07,409.0,409.98,384,9,0,0.09
2026-05-11 17:20:00,409.99,410.21,409.73,410.01,343,9,0,0.09
2026-05-11 17:25:00,410.1,412.13,410.05,411.73,467,9,0,0.09
2026-05-11 17:30:00,411.73,411.73,410.33,410.47,338,10,0,0.1
2026-05-11 17:35:00,410.47,410.77,410.31,410.55,256,9,0,0.09
2026-05-11 17:40:00,410.57,410.84,410.42,410.84,352,9,0,0.09
2026-05-11 17:45:00,410.81,410.85,410.06,410.06,310,10,0,0.1
2026-05-11 17:50:00,410.08,410.51,410.05,410.15,298,10,0,0.1
2026-05-11 17:55:00,410.21,410.79,410.15,410.27,309,9,0,0.09
2026-05-11 18:00:00,410.27,410.59,410.2,410.3,262,10,0,0.1
2026-05-11 18:05:00,410.32,410.71,410.25,410.44,268,9,0,0.09
2026-05-11 18:10:00,410.42,410.7,410.15,410.47,258,9,0,0.09
2026-05-11 18:15:00,410.51,410.84,410.47,410.76,228,10,0,0.1
2026-05-11 18:20:00,410.78,411.01,410.45,410.45,273,10,0,0.1
2026-05-11 18:25:00,410.45,411.08,410.18,410.85,266,10,0,0.1
2026-05-11 18:30:00,410.84,411.15,410.59,410.61,298,9,0,0.09
2026-05-11 18:35:00,410.62,410.74,410.15,410.54,251,9,0,0.09
2026-05-11 18:40:00,410.55,410.76,409.92,410.03,365,11,0,0.11
2026-05-11 18:45:00,410.01,410.51,410.01,410.1,261,10,0,0.1
2026-05-11 18:50:00,410.14,410.35,409.92,409.97,250,10,0,0.1
2026-05-11 18:55:00,409.95,410.17,409.38,409.52,291,9,0,0.09
2026-05-11 19:00:00,409.5,409.61,409.15,409.15,336,9,0,0.09
2026-05-11 19:05:00,409.23,409.24,408.79,409.08,272,9,0,0.09
2026-05-11 19:10:00,409.09,409.43,408.72,408.83,322,9,0,0.09
2026-05-11 19:15:00,408.83,409.06,408.49,409.04,377,9,0,0.09
2026-05-11 19:20:00,409.07,409.29,408.95,409.21,245,9,0,0.09
2026-05-11 19:25:00,409.23,409.58,408.78,409.01,261,10,0,0.1
2026-05-11 19:30:00,409.02,410.11,408.98,410.07,296,10,0,0.1
2026-05-11 19:35:00,410.05,410.34,409.78,410.29,304,10,0,0.1
2026-05-11 19:40:00,410.31,411.08,410.16,411.08,268,10,0,0.1
2026-05-11 19:45:00,411.08,411.35,410.44,410.56,389,10,0,0.1
2026-05-11 19:50:00,410.54,411.35,410.45,411.02,306,9,0,0.09
2026-05-11 19:55:00,410.96,411.37,410.8,410.95,298,10,0,0.1
2026-05-11 20:00:00,410.93,411.62,410.83,411.45,314,10,0,0.1
2026-05-11 20:05:00,411.48,411.88,411.17,411.76,333,9,0,0.09
2026-05-11 20:10:00,411.69,411.77,411.13,411.22,253,9,0,0.09
2026-05-11 20:15:00,411.24,411.69,411.11,411.53,317,10,0,0.1
2026-05-11 20:20:00,411.52,411.77,411.05,411.55,298,10,0,0.1
2026-05-11 20:25:00,411.55,411.62,411.13,411.33,335,9,0,0.09
2026-05-11 20:30:00,411.33,411.33,410.53,410.53,265,10,0,0.1
2026-05-11 20:35:00,410.55,410.63,410.25,410.28,314,9,0,0.09
2026-05-11 20:40:00,410.35,410.73,410.3,410.4,234,9,0,0.09
2026-05-11 20:45:00,410.38,411.06,410.25,410.82,317,10,0,0.1
2026-05-11 20:50:00,410.8,410.95,410.38,410.38,215,9,0,0.09
2026-05-11 20:55:00,410.41,410.58,410.07,410.07,277,9,0,0.09
2026-05-12 15:30:00,413.45,413.59,409.32,409.97,518,11,0,0.11
2026-05-12 15:35:00,409.97,410.31,407.14,407.39,643,11,0,0.11
2026-05-12 15:40:00,407.16,408.99,407.14,408.68,617,11,0,0.11
2026-05-12 15:45:00,408.7,409.04,406.56,407.26,608,9,0,0.09
2026-05-12 15:50:00,407.26,408.08,407.24,407.58,469,11,0,0.11
2026-05-12 15:55:00,407.58,408.3,407.0,408.11,437,10,0,0.1
2026-05-12 16:00:00,408.28,408.85,407.07,408.77,495,10,0,0.1
2026-05-12 16:05:00,408.85,409.12,407.86,408.36,454,10,0,0.1
2026-05-12 16:10:00,408.2,409.41,408.1,408.96,407,11,0,0.11
2026-05-12 16:15:00,408.99,410.52,408.99,409.93,426,9,0,0.09
2026-05-12 16:20:00,409.93,410.08,409.4,409.92,342,11,0,0.11
2026-05-12 16:25:00,409.94,410.03,408.88,408.98,441,10,0,0.1
2026-05-12 16:30:00,408.97,409.1,408.19,408.33,510,10,0,0.1
2026-05-12 16:35:00,408.31,408.61,407.99,408.49,401,10,0,0.1
2026-05-12 16:40:00,408.51,408.97,408.02,408.46,469,10,0,0.1
2026-05-12 16:45:00,408.46,409.18,408.4,408.95,338,9,0,0.09
2026-05-12 16:50:00,408.93,409.53,408.34,408.36,333,10,0,0.1
2026-05-12 16:55:00,408.34,408.72,408.27,408.31,278,10,0,0.1
2026-05-12 17:00:00,408.29,408.47,407.85,407.87,289,10,0,0.1
2026-05-12 17:05:00,407.87,408.64,407.8,408.44,349,11,0,0.11
2026-05-12 17:10:00,408.31,408.76,408.29,408.61,283,9,0,0.09
2026-05-12 17:15:00,408.55,408.75,407.98,408.36,385,10,0,0.1
2026-05-12 17:20:00,408.36,408.56,407.98,408.22,331,9,0,0.09
2026-05-12 17:25:00,408.26,408.37,407.81,408.27,309,9,0,0.09
2026-05-12 17:30:00,408.26,408.4,407.55,407.55,311,10,0,0.1
2026-05-12 17:35:00,407.57,407.82,407.33,407.47,292,10,0,0.1
2026-05-12 17:40:00,407.51,407.82,407.45,407.55,255,10,0,0.1
2026-05-12 17:45:00,407.53,408.06,407.35,407.73,229,10,0,0.1
2026-05-12 17:50:00,407.71,408.36,407.71,408.2,288,12,0,0.12
2026-05-12 17:55:00,408.2,408.77,408.16,408.52,285,9,0,0.09
2026-05-12 18:00:00,408.52,408.92,408.19,408.91,251,11,0,0.11
2026-05-12 18:05:00,408.92,408.97,408.4,408.68,229,10,0,0.1
2026-05-12 18:10:00,408.61,409.32,408.57,409.17,238,10,0,0.1
2026-05-12 18:15:00,409.22,409.83,409.0,409.64,277,10,0,0.1
2026-05-12 18:20:00,409.52,409.67,409.17,409.58,202,10,0,0.1
2026-05-12 18:25:00,409.58,409.84,409.35,409.48,221,9,0,0.09
2026-05-12 18:30:00,409.35,409.48,408.85,409.12,265,10,0,0.1
2026-05-12 18:35:00,409.19,409.76,409.09,409.72,247,10,0,0.1
2026-05-12 18:40:00,409.7,410.36,409.66,410.17,357,9,0,0.09
2026-05-12 18:45:00,410.19,410.26,409.07,409.15,262,11,0,0.11
2026-05-12 18:50:00,409.13,409.31,408.71,409.01,253,11,0,0.11
2026-05-12 18:55:00,408.92,409.01,408.6,408.87,280,11,0,0.11
2026-05-12 19:00:00,408.85,409.19,408.64,408.7,251,12,0,0.12
2026-05-12 19:05:00,408.69,408.74,408.25,408.67,283,9,0,0.09
2026-05-12 19:10:00,408.67,408.71,407.96,408.0,259,9,0,0.09
2026-05-12 19:15:00,408.03,408.6,407.68,408.47,234,9,0,0.09
2026-05-12 19:20:00,408.45,409.02,408.3,409.0,273,9,0,0.09
2026-05-12 19:25:00,409.02,409.31,408.77,408.77,279,11,0,0.11
2026-05-12 19:30:00,408.75,409.57,408.54,409.35,275,10,0,0.1
2026-05-12 19:35:00,409.35,409.37,408.94,409.11,319,9,0,0.09
2026-05-12 19:40:00,409.12,409.26,409.0,409.14,242,9,0,0.09
2026-05-12 19:45:00,409.19,409.26,408.74,408.79,218,9,0,0.09
2026-05-12 19:50:00,408.79,409.27,408.77,408.87,205,10,0,0.1
2026-05-12 19:55:00,408.88,408.88,408.54,408.76,186,10,0,0.1
2026-05-12 20:00:00,408.77,408.84,408.03,408.6,237,10,0,0.1
2026-05-12 20:05:00,408.62,408.64,408.32,408.62,210,10,0,0.1
2026-05-12 20:10:00,408.61,408.97,408.26,408.5,221,10,0,0.1
2026-05-12 20:15:00,408.48,408.58,408.06,408.26,220,10,0,0.1
2026-05-12 20:20:00,408.26,408.41,407.99,408.26,233,10,0,0.1
2026-05-12 20:25:00,408.28,408.66,407.82,408.22,259,10,0,0.1
2026-05-12 20:30:00,408.2,408.37,407.9,408.05,277,10,0,0.1
2026-05-12 20:35:00,408.08,408.42,407.68,407.68,248,10,0,0.1
2026-05-12 20:40:00,407.66,407.88,407.21,407.65,269,10,0,0.1
2026-05-12 20:45:00,407.65,408.63,407.45,408.53,340,11,0,0.11
2026-05-12 20:50:00,408.57,408.62,408.07,408.09,280,9,0,0.09
2026-05-12 20:55:00,408.2,408.55,408.13,408.35,284,10,0,0.1
2026-05-12 21:00:00,408.37,408.5,407.95,408.2,210,10,0,0.1
2026-05-12 21:05:00,408.18,408.31,408.0,408.11,248,9,0,0.09
2026-05-12 21:10:00,408.15,408.51,407.65,408.38,285,10,0,0.1
2026-05-12 21:15:00,408.41,408.56,407.95,407.98,301,9,0,0.09
2026-05-12 21:20:00,408.02,408.57,407.98,408.57,240,9,0,0.09
2026-05-12 21:25:00,408.48,408.95,408.36,408.9,325,9,0,0.09
2026-05-12 21:30:00,408.9,408.92,408.45,408.57,340,9,0,0.09
2026-05-12 21:35:00,408.62,408.62,408.13,408.19,228,10,0,0.1
2026-05-12 21:40:00,408.14,408.15,407.26,407.86,309,9,0,0.09
2026-05-12 21:45:00,407.84,408.45,407.67,408.24,334,9,0,0.09
2026-05-12 21:50:00,408.3,408.44,407.1,407.41,524,9,0,0.09
2026-05-12 21:55:00,407.5,407.73,407.16,407.48,594,9,0,0.09
2026-05-13 15:30:00,402.51,404.65,401.67,403.57,535,13,0,0.13
2026-05-13 15:35:00,403.81,404.03,401.23,401.55,556,12,0,0.12
2026-05-13 15:40:00,401.6,402.79,400.97,402.22,517,11,0,0.11
2026-05-13 15:45:00,402.2,402.26,401.0,401.85,604,11,0,0.11
2026-05-13 15:50:00,401.85,402.73,401.51,402.7,361,10,0,0.1
2026-05-13 15:55:00,402.73,402.84,401.94,402.68,351,11,0,0.11
2026-05-13 16:00:00,402.72,402.89,402.13,402.68,409,11,0,0.11
2026-05-13 16:05:00,402.68,403.8,402.47,403.32,472,9,0,0.09
2026-05-13 16:10:00,403.34,404.37,403.17,404.22,383,10,0,0.1
2026-05-13 16:15:00,404.25,404.38,403.29,403.34,354,9,0,0.09
2026-05-13 16:20:00,403.34,403.91,403.24,403.81,307,10,0,0.1
2026-05-13 16:25:00,403.83,404.3,402.99,403.0,335,10,0,0.1
2026-05-13 16:30:00,403.0,403.14,402.8,403.13,294,9,0,0.09
2026-05-13 16:35:00,403.13,403.15,402.03,402.22,378,10,0,0.1
2026-05-13 16:40:00,402.28,402.67,401.98,402.48,332,9,0,0.09
2026-05-13 16:45:00,402.48,402.69,402.07,402.34,327,9,0,0.09
2026-05-13 16:50:00,402.37,403.09,402.08,402.97,312,9,0,0.09
2026-05-13 16:55:00,402.98,403.27,402.87,402.99,331,9,0,0.09
2026-05-13 17:00:00,402.97,403.79,402.9,403.45,315,11,0,0.11
2026-05-13 17:05:00,403.48,403.52,402.95,403.51,286,10,0,0.1
2026-05-13 17:10:00,403.53,404.15,403.45,403.99,273,10,0,0.1
2026-05-13 17:15:00,404.0,404.08,403.16,403.3,272,10,0,0.1
2026-05-13 17:20:00,403.27,403.49,403.1,403.13,217,10,0,0.1
2026-05-13 17:25:00,403.15,403.51,402.75,403.24,268,10,0,0.1
2026-05-13 17:30:00,403.23,404.25,402.95,404.06,300,9,0,0.09
2026-05-13 17:35:00,404.08,404.57,403.92,404.39,291,10,0,0.1
2026-05-13 17:40:00,404.33,405.08,404.23,405.04,352,10,0,0.1
2026-05-13 17:45:00,405.04,405.07,404.36,404.48,319,10,0,0.1
2026-05-13 17:50:00,404.5,404.61,404.02,404.55,282,10,0,0.1
2026-05-13 17:55:00,404.46,404.82,404.09,404.18,269,11,0,0.11
2026-05-13 18:00:00,404.18,404.89,404.02,404.75,213,10,0,0.1
2026-05-13 18:05:00,404.77,405.04,404.45,404.89,267,10,0,0.1
2026-05-13 18:10:00,404.9,405.25,404.6,405.16,365,11,0,0.11
2026-05-13 18:15:00,405.07,405.4,404.7,404.73,277,9,0,0.09
2026-05-13 18:20:00,404.75,405.69,404.75,405.55,238,10,0,0.1
2026-05-13 18:25:00,405.53,405.8,405.41,405.6,283,9,0,0.09
2026-05-13 18:30:00,405.51,406.09,405.33,405.97,276,10,0,0.1
2026-05-13 18:35:00,405.9,406.09,405.45,405.89,245,10,0,0.1
2026-05-13 18:40:00,405.87,406.08,405.57,405.6,186,10,0,0.1
2026-05-13 18:45:00,405.58,406.23,405.57,405.83,286,9,0,0.09
2026-05-13 18:50:00,405.77,405.84,405.16,405.22,272,10,0,0.1
2026-05-13 18:55:00,405.21,405.95,405.17,405.63,235,9,0,0.09
2026-05-13 19:00:00,405.68,405.86,405.55,405.57,227,11,0,0.11
2026-05-13 19:05:00,405.53,405.76,404.98,405.04,319,10,0,0.1
2026-05-13 19:10:00,405.02,405.3,404.7,404.87,304,10,0,0.1
2026-05-13 19:15:00,404.89,404.95,404.62,404.81,220,10,0,0.1
2026-05-13 19:20:00,404.84,404.84,404.12,404.15,275,10,0,0.1
2026-05-13 19:25:00,404.15,404.33,403.98,404.02,249,9,0,0.09
2026-05-13 19:30:00,404.04,404.09,403.76,403.96,237,10,0,0.1
2026-05-13 19:35:00,403.96,404.05,403.62,403.74,205,9,0,0.09
2026-05-13 19:40:00,403.72,404.26,403.72,404.25,226,10,0,0.1
2026-05-13 19:45:00,404.23,404.36,404.06,404.23,250,10,0,0.1
2026-05-13 19:50:00,404.23,404.4,403.93,403.97,179,10,0,0.1
2026-05-13 19:55:00,404.04,404.09,403.75,403.8,224,9,0,0.09
2026-05-13 20:00:00,403.79,404.05,403.75,403.91,246,9,0,0.09
2026-05-13 20:05:00,403.9,404.3,403.79,404.22,218,10,0,0.1
2026-05-13 20:10:00,404.22,404.54,404.14,404.46,255,9,0,0.09
2026-05-13 20:15:00,404.44,404.92,404.44,404.63,259,9,0,0.09
2026-05-13 20:20:00,404.63,405.12,404.63,404.76,213,10,0,0.1
2026-05-13 20:25:00,404.76,405.27,404.71,405.25,268,9,0,0.09
2026-05-13 20:30:00,405.25,405.46,405.05,405.46,245,10,0,0.1
2026-05-13 20:35:00,405.46,405.71,405.11,405.5,237,10,0,0.1
2026-05-13 20:40:00,405.55,406.07,405.36,405.37,222,10,0,0.1
2026-05-13 20:45:00,405.37,405.71,404.97,405.0,267,10,0,0.1
2026-05-13 20:50:00,405.0,405.36,404.87,405.24,316,10,0,0.1
2026-05-13 20:55:00,405.27,405.57,404.88,404.94,268,9,0,0.09
2026-05-13 21:00:00,404.93,405.18,404.86,405.04,251,9,0,0.09
2026-05-13 21:05:00,405.01,405.36,404.99,405.31,220,10,0,0.1
2026-05-13 21:10:00,405.31,405.37,404.95,405.26,242,9,0,0.09
2026-05-13 21:15:00,405.24,405.52,405.17,405.39,244,10,0,0.1
2026-05-13 21:20:00,405.39,405.4,404.51,404.57,263,9,0,0.09
2026-05-13 21:25:00,404.54,404.83,404.35,404.46,241,9,0,0.09
2026-05-13 21:30:00,404.49,404.61,404.25,404.51,278,9,0,0.09
2026-05-13 21:35:00,404.51,405.32,404.51,405.16,250,9,0,0.09
2026-05-13 21:40:00,405.16,405.83,404.99,405.31,317,10,0,0.1
2026-05-13 21:45:00,405.3,405.43,405.0,405.19,284,10,0,0.1
2026-05-13 21:50:00,405.14,405.21,404.67,404.97,459,9,0,0.09
2026-05-13 21:55:00,404.92,405.19,404.67,405.08,640,9,0,0.09
2026-05-14 15:30:00,404.62,405.29,403.45,403.95,426,12,0,0.12
2026-05-14 15:35:00,404.06,404.06,401.53,401.74,572,10,0,0.1
2026-05-14 15:40:00,401.91,402.8,400.75,402.59,585,12,0,0.12
2026-05-14 15:45:00,402.64,403.06,402.15,402.45,408,11,0,0.11
2026-05-14 15:50:00,402.47,404.22,402.47,403.75,479,11,0,0.11
2026-05-14 15:55:00,403.77,403.77,402.77,402.79,310,12,0,0.12
2026-05-14 16:00:00,402.79,403.95,402.77,403.68,377,11,0,0.11
2026-05-14 16:05:00,403.71,405.25,403.52,405.02,365,10,0,0.1
2026-05-14 16:10:00,405.04,405.16,403.84,404.76,424,9,0,0.09
2026-05-14 16:15:00,404.74,405.86,404.54,405.8,423,10,0,0.1
2026-05-14 16:20:00,405.82,408.28,405.46,408.17,517,11,0,0.11
2026-05-14 16:25:00,408.17,408.87,407.88,408.8,529,11,0,0.11
2026-05-14 16:30:00,408.8,409.28,407.11,407.23,518,11,0,0.11
2026-05-14 16:35:00,407.25,407.81,406.8,407.47,412,11,0,0.11
2026-05-14 16:40:00,407.47,408.47,407.47,408.09,436,11,0,0.11
2026-05-14 16:45:00,408.11,409.5,407.82,409.34,469,9,0,0.09
2026-05-14 16:50:00,409.34,410.22,408.96,410.05,452,10,0,0.1
2026-05-14 16:55:00,410.05,410.1,409.18,409.29,415,10,0,0.1
2026-05-14 17:00:00,409.27,410.17,409.18,410.14,349,11,0,0.11
2026-05-14 17:05:00,410.03,410.65,409.59,410.36,376,9,0,0.09
2026-05-14 17:10:00,410.36,411.17,410.11,410.8,399,10,0,0.1
2026-05-14 17:15:00,410.79,411.56,410.74,411.02,420,9,0,0.09
2026-05-14 17:20:00,411.03,411.1,410.52,410.81,332,10,0,0.1
2026-05-14 17:25:00,410.87,411.33,410.66,411.33,298,10,0,0.1
2026-05-14 17:30:00,411.32,411.78,411.1,411.17,294,10,0,0.1
2026-05-14 17:35:00,411.15,411.17,409.53,409.53,359,9,0,0.09
2026-05-14 17:40:00,409.57,409.62,409.02,409.43,392,10,0,0.1
2026-05-14 17:45:00,409.5,409.57,409.02,409.12,254,10,0,0.1
2026-05-14 17:50:00,409.12,409.25,408.83,409.05,251,10,0,0.1
2026-05-14 17:55:00,409.09,409.35,408.89,408.93,292,10,0,0.1
2026-05-14 18:00:00,408.91,409.41,408.86,408.95,212,10,0,0.1
2026-05-14 18:05:00,408.95,409.34,408.86,408.86,228,10,0,0.1
2026-05-14 18:10:00,408.94,408.96,407.75,407.75,376,10,0,0.1
2026-05-14 18:15:00,407.78,407.83,407.4,407.7,272,11,0,0.11
2026-05-14 18:20:00,407.7,408.18,407.35,407.36,263,11,0,0.11
2026-05-14 18:25:00,407.37,407.68,407.17,407.68,323,11,0,0.11
2026-05-14 18:30:00,407.63,407.76,407.2,407.55,323,12,0,0.12
2026-05-14 18:35:00,407.59,408.57,407.55,408.54,292,10,0,0.1
2026-05-14 18:40:00,408.54,408.59,408.22,408.42,296,11,0,0.11
2026-05-14 18:45:00,408.42,408.63,407.76,408.07,262,10,0,0.1
2026-05-14 18:50:00,408.13,408.24,407.4,407.4,263,12,0,0.12
2026-05-14 18:55:00,407.4,407.96,407.17,407.9,247,11,0,0.11
2026-05-14 19:00:00,407.95,408.3,407.82,408.05,214,9,0,0.09
2026-05-14 19:05:00,408.02,408.3,407.82,408.07,260,10,0,0.1
2026-05-14 19:10:00,408.07,408.57,407.85,408.5,254,9,0,0.09
2026-05-14 19:15:00,408.51,408.52,408.12,408.36,252,12,0,0.12
2026-05-14 19:20:00,408.36,408.88,408.14,408.39,328,10,0,0.1
2026-05-14 19:25:00,408.39,408.96,408.35,408.93,247,12,0,0.12
2026-05-14 19:30:00,408.95,409.24,408.36,408.53,226,10,0,0.1
2026-05-14 19:35:00,408.52,409.32,408.18,409.23,266,11,0,0.11
2026-05-14 19:40:00,409.17,409.41,408.67,408.76,233,10,0,0.1
2026-05-14 19:45:00,408.85,409.18,408.78,409.13,200,11,0,0.11
2026-05-14 19:50:00,409.13,409.37,409.02,409.21,199,10,0,0.1
2026-05-14 19:55:00,409.23,409.77,409.1,409.71,250,11,0,0.11
2026-05-14 20:00:00,409.67,409.73,408.95,409.28,250,11,0,0.11
2026-05-14 20:05:00,409.28,409.7,409.28,409.6,183,9,0,0.09
2026-05-14 20:10:00,409.5,409.72,409.31,409.39,237,11,0,0.11
2026-05-14 20:15:00,409.37,409.6,409.11,409.51,239,9,0,0.09
2026-05-14 20:20:00,409.53,409.87,409.23,409.81,184,10,0,0.1
2026-05-14 20:25:00,409.83,409.84,408.95,409.08,207,11,0,0.11
2026-05-14 20:30:00,409.04,409.41,408.75,408.75,183,9,0,0.09
2026-05-14 20:35:00,408.76,408.94,408.56,408.94,227,10,0,0.1
2026-05-14 20:40:00,408.88,408.98,408.62,408.67,190,10,0,0.1
2026-05-14 20:45:00,408.57,408.8,408.49,408.8,243,10,0,0.1
2026-05-14 20:50:00,408.82,408.88,408.42,408.77,252,10,0,0.1
2026-05-14 20:55:00,408.78,409.12,408.62,408.93,243,10,0,0.1
2026-05-14 21:00:00,408.96,409.55,408.84,409.54,186,10,0,0.1
2026-05-14 21:05:00,409.53,409.62,409.43,409.45,201,10,0,0.1
2026-05-14 21:10:00,409.45,409.72,409.25,409.41,190,10,0,0.1
2026-05-14 21:15:00,409.47,409.69,409.42,409.51,200,9,0,0.09
2026-05-14 21:20:00,409.51,409.73,409.39,409.41,233,9,0,0.09
2026-05-14 21:25:00,409.4,409.53,408.87,408.87,218,9,0,0.09
2026-05-14 21:30:00,408.85,409.31,408.82,409.27,203,9,0,0.09
2026-05-14 21:35:00,409.25,409.62,409.07,409.22,224,9,0,0.09
2026-05-14 21:40:00,409.23,409.46,408.98,409.29,254,9,0,0.09
2026-05-14 21:45:00,409.17,409.38,408.97,409.25,250,10,0,0.1
2026-05-14 21:50:00,409.22,409.48,408.95,409.35,377,10,0,0.1
2026-05-14 21:55:00,409.38,409.55,408.95,409.41,624,9,0,0.09
2026-05-15 15:30:00,414.18,415.86,412.77,415.05,714,12,0,0.12
2026-05-15 15:35:00,414.97,418.07,414.06,417.59,908,11,0,0.11
2026-05-15 15:40:00,417.61,418.14,414.99,415.08,690,11,0,0.11
2026-05-15 15:45:00,414.96,415.56,413.46,414.35,561,12,0,0.12
2026-05-15 15:50:00,414.35,415.94,413.67,415.86,566,12,0,0.12
2026-05-15 15:55:00,416.01,416.38,414.96,415.15,544,12,0,0.12
2026-05-15 16:00:00,415.31,417.17,415.2,416.93,575,10,0,0.1
2026-05-15 16:05:00,416.91,417.89,416.17,417.84,545,11,0,0.11
2026-05-15 16:10:00,417.73,418.1,415.95,416.48,535,11,0,0.11
2026-05-15 16:15:00,416.52,417.26,416.28,416.3,428,11,0,0.11
2026-05-15 16:20:00,416.3,418.88,416.15,418.04,589,9,0,0.09
2026-05-15 16:25:00,418.04,418.9,417.86,418.35,571,10,0,0.1
2026-05-15 16:30:00,418.37,420.72,418.35,420.52,640,9,0,0.09
2026-05-15 16:35:00,420.49,422.71,420.28,421.43,652,10,0,0.1
2026-05-15 16:40:00,421.56,423.92,421.38,423.92,763,9,0,0.09
2026-05-15 16:45:00,423.85,424.07,421.54,422.1,650,11,0,0.11
2026-05-15 16:50:00,422.03,425.64,421.89,425.53,691,10,0,0.1
2026-05-15 16:55:00,425.54,426.16,424.2,424.41,650,11,0,0.11
2026-05-15 17:00:00,424.41,424.54,423.33,424.35,571,10,0,0.1
2026-05-15 17:05:00,424.49,424.85,423.69,424.21,489,10,0,0.1
2026-05-15 17:10:00,424.21,424.89,422.65,423.19,502,12,0,0.12
2026-05-15 17:15:00,423.21,424.06,423.01,424.06,496,9,0,0.09
2026-05-15 17:20:00,424.1,424.6,423.65,423.83,515,9,0,0.09
2026-05-15 17:25:00,423.83,424.36,423.06,423.23,358,10,0,0.1
2026-05-15 17:30:00,423.3,423.61,422.06,422.22,452,11,0,0.11
2026-05-15 17:35:00,422.15,422.84,421.44,421.5,400,11,0,0.11
2026-05-15 17:40:00,421.53,422.28,420.62,420.89,407,9,0,0.09
2026-05-15 17:45:00,420.91,421.36,420.64,420.88,419,10,0,0.1
2026-05-15 17:50:00,420.93,421.0,420.45,420.97,489,10,0,0.1
2026-05-15 17:55:00,420.95,421.74,420.71,421.72,440,10,0,0.1
2026-05-15 18:00:00,421.56,422.65,421.56,422.33,403,9,0,0.09
2026-05-15 18:05:00,422.28,423.23,422.06,423.19,388,10,0,0.1
2026-05-15 18:10:00,423.21,423.9,422.95,423.75,371,9,0,0.09
2026-05-15 18:15:00,423.73,424.25,423.24,424.12,356,10,0,0.1
2026-05-15 18:20:00,424.11,425.91,423.89,425.45,549,9,0,0.09
2026-05-15 18:25:00,425.53,426.36,425.51,425.95,509,9,0,0.09
2026-05-15 18:30:00,425.95,426.25,425.22,425.55,436,10,0,0.1
2026-05-15 18:35:00,425.63,425.89,424.69,424.75,517,10,0,0.1
2026-05-15 18:40:00,424.79,424.82,423.63,423.85,409,10,0,0.1
2026-05-15 18:45:00,423.78,424.99,423.76,424.63,345,9,0,0.09
2026-05-15 18:50:00,424.53,424.82,423.69,423.81,322,11,0,0.11
2026-05-15 18:55:00,423.91,424.92,423.82,424.81,357,11,0,0.11
2026-05-15 19:00:00,424.81,424.81,424.0,424.0,270,12,0,0.12
2026-05-15 19:05:00,424.0,424.53,423.73,424.51,307,10,0,0.1
2026-05-15 19:10:00,424.51,424.9,424.46,424.86,274,10,0,0.1
2026-05-15 19:15:00,424.84,425.03,424.46,425.03,321,10,0,0.1
2026-05-15 19:20:00,425.03,426.03,424.9,426.0,435,10,0,0.1
2026-05-15 19:25:00,426.02,426.28,425.52,425.89,380,10,0,0.1
2026-05-15 19:30:00,425.88,427.56,425.84,427.52,535,9,0,0.09
2026-05-15 19:35:00,427.5,427.68,426.47,426.79,430,9,0,0.09
2026-05-15 19:40:00,426.75,427.38,426.37,427.23,421,11,0,0.11
2026-05-15 19:45:00,427.25,428.06,427.03,427.76,480,9,0,0.09
2026-05-15 19:50:00,427.79,427.97,427.48,427.73,426,10,0,0.1
2026-05-15 19:55:00,427.69,428.08,427.19,427.72,408,10,0,0.1
2026-05-15 20:00:00,427.55,428.06,427.27,427.56,363,10,0,0.1
2026-05-15 20:05:00,427.51,427.65,426.95,426.98,377,9,0,0.09
2026-05-15 20:10:00,427.0,427.24,426.55,427.01,379,9,0,0.09
2026-05-15 20:15:00,427.03,427.13,425.84,425.87,334,9,0,0.09
2026-05-15 20:20:00,425.89,426.43,425.66,426.39,343,9,0,0.09
2026-05-15 20:25:00,426.38,426.57,425.68,425.79,307,9,0,0.09
2026-05-15 20:30:00,425.84,425.98,424.96,425.36,402,10,0,0.1
2026-05-15 20:35:00,425.41,426.07,425.37,426.07,310,10,0,0.1
2026-05-15 20:40:00,426.05,426.33,425.75,426.08,312,9,0,0.09
2026-05-15 20:45:00,426.1,426.15,425.62,425.68,341,9,0,0.09
2026-05-15 20:50:00,425.72,425.81,425.11,425.56,351,10,0,0.1
2026-05-15 20:55:00,425.55,425.62,424.45,424.63,365,9,0,0.09
2026-05-15 21:00:00,424.55,424.95,424.5,424.5,317,9,0,0.09
2026-05-15 21:05:00,424.5,425.06,424.37,424.99,371,9,0,0.09
2026-05-15 21:10:00,424.99,425.03,424.15,424.38,352,9,0,0.09
2026-05-15 21:15:00,424.37,424.39,423.81,423.92,359,9,0,0.09
2026-05-15 21:20:00,423.86,424.52,423.81,424.07,410,9,0,0.09
2026-05-15 21:25:00,424.13,424.4,423.69,423.76,379,10,0,0.1
2026-05-15 21:30:00,423.8,424.28,423.35,423.82,368,9,0,0.09
2026-05-15 21:35:00,423.82,424.73,423.81,424.71,325,9,0,0.09
2026-05-15 21:40:00,424.73,424.8,423.57,423.8,372,9,0,0.09
2026-05-15 21:45:00,423.78,423.94,422.83,422.92,435,9,0,0.09
2026-05-15 21:50:00,422.89,422.89,420.95,421.33,669,9,0,0.09
2026-05-15 21:55:00,421.35,422.02,420.47,421.74,859,9,0,0.09
2026-05-18 15:30:00,416.86,421.15,416.52,416.8,676,11,0,0.11
2026-05-18 15:35:00,416.66,419.62,416.45,418.95,701,11,0,0.11
2026-05-18 15:40:00,418.95,420.29,418.72,419.57,561,12,0,0.12
2026-05-18 15:45:00,419.63,422.05,419.01,421.21,577,12,0,0.12
2026-05-18 15:50:00,421.21,422.9,420.51,422.27,624,9,0,0.09
2026-05-18 15:55:00,422.13,422.8,421.22,422.68,600,12,0,0.12
2026-05-18 16:00:00,422.69,422.85,421.24,422.25,495,11,0,0.11
2026-05-18 16:05:00,422.25,422.63,421.01,421.68,500,12,0,0.12
2026-05-18 16:10:00,421.65,423.61,421.45,422.75,520,11,0,0.11
2026-05-18 16:15:00,422.72,423.9,422.5,423.86,503,11,0,0.11
2026-05-18 16:20:00,423.86,424.06,421.95,422.34,465,12,0,0.12
2026-05-18 16:25:00,422.32,422.55,421.28,421.76,490,11,0,0.11
2026-05-18 16:30:00,421.74,422.04,420.11,420.35,597,12,0,0.12
2026-05-18 16:35:00,420.43,421.23,419.0,421.03,565,11,0,0.11
2026-05-18 16:40:00,421.03,422.18,420.2,422.07,399,12,0,0.12
2026-05-18 16:45:00,422.09,422.2,419.95,420.02,458,11,0,0.11
2026-05-18 16:50:00,420.0,420.35,419.29,419.3,463,11,0,0.11
2026-05-18 16:55:00,419.3,419.63,418.82,419.0,348,11,0,0.11
2026-05-18 17:00:00,418.97,419.27,417.83,418.1,518,11,0,0.11
2026-05-18 17:05:00,418.19,418.79,417.95,418.58,367,11,0,0.11
2026-05-18 17:10:00,418.64,418.68,417.8,417.88,347,11,0,0.11
2026-05-18 17:15:00,417.9,418.13,416.95,417.17,387,11,0,0.11
2026-05-18 17:20:00,417.15,417.91,416.95,417.28,353,12,0,0.12
2026-05-18 17:25:00,417.28,418.1,417.23,417.36,402,11,0,0.11
2026-05-18 17:30:00,417.38,417.84,417.01,417.59,356,11,0,0.11
2026-05-18 17:35:00,417.6,418.19,417.55,417.98,323,13,0,0.13
2026-05-18 17:40:00,417.98,418.26,417.07,417.13,272,11,0,0.11
2026-05-18 17:45:00,417.09,418.15,417.05,417.7,281,10,0,0.1
2026-05-18 17:50:00,417.68,418.5,417.17,418.48,357,11,0,0.11
2026-05-18 17:55:00,418.42,418.61,417.76,418.61,311,10,0,0.1
2026-05-18 18:00:00,418.59,418.96,418.13,418.78,306,11,0,0.11
2026-05-18 18:05:00,418.87,419.3,418.67,419.17,324,11,0,0.11
2026-05-18 18:10:00,419.06,419.47,418.95,419.24,374,10,0,0.1
2026-05-18 18:15:00,419.28,419.55,419.2,419.21,338,10,0,0.1
2026-05-18 18:20:00,419.23,419.65,418.54,418.7,407,10,0,0.1
2026-05-18 18:25:00,418.62,418.76,417.57,417.76,422,11,0,0.11
2026-05-18 18:30:00,417.76,419.77,417.76,419.55,469,9,0,0.09
2026-05-18 18:35:00,419.57,420.11,419.28,419.84,398,10,0,0.1
2026-05-18 18:40:00,419.84,420.04,418.95,418.99,282,11,0,0.11
2026-05-18 18:45:00,418.99,419.99,418.95,419.99,289,12,0,0.12
2026-05-18 18:50:00,420.05,420.4,419.87,420.28,284,11,0,0.11
2026-05-18 18:55:00,420.33,421.11,420.31,420.4,328,9,0,0.09
2026-05-18 19:00:00,420.38,421.2,419.95,420.87,337,12,0,0.12
2026-05-18 19:05:00,420.87,421.76,420.66,421.46,348,10,0,0.1
2026-05-18 19:10:00,421.46,421.86,421.37,421.39,311,9,0,0.09
2026-05-18 19:15:00,421.39,421.98,421.39,421.85,285,9,0,0.09
2026-05-18 19:20:00,421.83,422.03,421.54,421.57,291,9,0,0.09
2026-05-18 19:25:00,421.57,422.96,421.54,422.85,377,11,0,0.11
2026-05-18 19:30:00,422.87,423.12,422.38,422.82,402,11,0,0.11
2026-05-18 19:35:00,422.82,423.66,422.48,423.33,456,11,0,0.11
2026-05-18 19:40:00,423.35,424.23,422.86,424.09,505,11,0,0.11
2026-05-18 19:45:00,424.12,424.52,423.65,424.19,455,9,0,0.09
2026-05-18 19:50:00,424.19,424.99,423.99,424.23,467,10,0,0.1
2026-05-18 19:55:00,424.21,424.6,423.69,424.27,471,10,0,0.1
2026-05-18 20:00:00,424.25,424.57,423.07,423.51,389,11,0,0.11
2026-05-18 20:05:00,423.6,424.0,423.25,423.53,407,10,0,0.1
2026-05-18 20:10:00,423.62,423.83,423.09,423.11,355,11,0,0.11
2026-05-18 20:15:00,423.09,423.52,422.72,423.19,433,11,0,0.11
2026-05-18 20:20:00,423.21,423.92,422.77,423.78,398,9,0,0.09
2026-05-18 20:25:00,423.6,423.88,423.14,423.79,435,11,0,0.11
2026-05-18 20:30:00,423.77,424.06,423.27,423.48,382,9,0,0.09
2026-05-18 20:35:00,423.46,423.69,422.84,422.99,320,10,0,0.1
2026-05-18 20:40:00,422.97,423.15,422.04,422.08,397,10,0,0.1
2026-05-18 20:45:00,422.06,422.8,422.02,422.16,364,11,0,0.11
2026-05-18 20:50:00,422.18,422.37,421.24,421.42,373,10,0,0.1
2026-05-18 20:55:00,421.4,421.43,420.65,420.97,432,10,0,0.1
2026-05-18 21:00:00,420.95,423.6,420.89,422.98,575,11,0,0.11
2026-05-18 21:05:00,422.98,423.27,421.96,422.73,529,11,0,0.11
2026-05-18 21:10:00,422.75,422.95,422.35,422.49,421,10,0,0.1
2026-05-18 21:15:00,422.52,422.59,422.2,422.24,389,9,0,0.09
2026-05-18 21:20:00,422.24,422.62,422.03,422.12,333,10,0,0.1
2026-05-18 21:25:00,422.05,422.41,421.43,422.31,383,9,0,0.09
2026-05-18 21:30:00,422.33,422.84,422.06,422.72,369,10,0,0.1
2026-05-18 21:35:00,422.72,423.32,422.7,423.06,330,9,0,0.09
2026-05-18 21:40:00,423.08,423.36,421.99,422.19,434,11,0,0.11
2026-05-18 21:45:00,422.11,422.84,421.86,422.75,377,11,0,0.11
2026-05-18 21:50:00,422.8,423.37,421.96,422.33,474,10,0,0.1
2026-05-18 21:55:00,422.17,423.56,422.17,423.51,578,9,0,0.09
2026-05-19 15:30:00,430.88,432.53,425.15,425.65,746,13,0,0.13
2026-05-19 15:35:00,425.47,426.3,423.96,425.3,675,11,0,0.11
2026-05-19 15:40:00,425.27,425.64,424.11,425.13,545,10,0,0.1
2026-05-19 15:45:00,425.24,429.26,425.01,429.17,742,12,0,0.12
2026-05-19 15:50:00,429.26,430.83,428.87,430.31,708,9,0,0.09
2026-05-19 15:55:00,430.31,430.53,428.66,429.03,562,11,0,0.11
2026-05-19 16:00:00,428.72,429.64,427.43,428.16,431,11,0,0.11
2026-05-19 16:05:00,428.14,428.16,425.43,427.21,590,13,0,0.13
2026-05-19 16:10:00,427.13,427.33,425.26,425.39,476,14,0,0.14
2026-05-19 16:15:00,425.39,426.66,425.15,425.66,493,9,0,0.09
2026-05-19 16:20:00,425.69,426.42,425.0,425.91,509,11,0,0.11
2026-05-19 16:25:00,425.89,426.03,424.59,424.97,440,11,0,0.11
2026-05-19 16:30:00,425.0,425.88,424.76,425.26,508,12,0,0.12
2026-05-19 16:35:00,425.25,425.7,423.75,423.91,452,11,0,0.11
2026-05-19 16:40:00,423.85,424.97,423.65,423.7,439,10,0,0.1
2026-05-19 16:45:00,423.67,423.85,422.78,423.11,415,10,0,0.1
2026-05-19 16:50:00,423.13,423.29,422.44,422.67,401,9,0,0.09
2026-05-19 16:55:00,422.6,423.64,422.58,423.48,392,10,0,0.1
2026-05-19 17:00:00,423.45,423.78,422.05,422.66,388,12,0,0.12
2026-05-19 17:05:00,422.58,422.69,421.79,422.64,370,10,0,0.1
2026-05-19 17:10:00,422.71,423.77,422.33,423.42,449,11,0,0.11
2026-05-19 17:15:00,423.42,423.52,422.45,422.47,351,10,0,0.1
2026-05-19 17:20:00,422.45,423.07,421.62,421.62,346,12,0,0.12
2026-05-19 17:25:00,421.62,421.82,420.85,420.88,399,9,0,0.09
2026-05-19 17:30:00,420.86,422.02,420.55,420.72,368,10,0,0.1
2026-05-19 17:35:00,420.57,421.55,420.57,420.84,365,9,0,0.09
2026-05-19 17:40:00,420.82,421.18,420.0,420.04,362,10,0,0.1
2026-05-19 17:45:00,420.04,420.15,419.39,420.11,394,9,0,0.09
2026-05-19 17:50:00,420.14,420.26,419.43,419.48,341,11,0,0.11
2026-05-19 17:55:00,419.45,419.54,418.84,419.13,346,11,0,0.11
2026-05-19 18:00:00,419.15,419.98,419.15,419.28,329,10,0,0.1
2026-05-19 18:05:00,419.23,419.47,418.03,418.06,298,12,0,0.12
2026-05-19 18:10:00,418.04,418.84,417.96,418.84,323,12,0,0.12
2026-05-19 18:15:00,418.85,419.66,418.55,419.48,322,11,0,0.11
2026-05-19 18:20:00,419.48,419.49,418.55,418.63,261,10,0,0.1
2026-05-19 18:25:00,418.63,418.96,417.58,417.58,335,9,0,0.09
2026-05-19 18:30:00,417.56,417.65,417.02,417.45,396,9,0,0.09
2026-05-19 18:35:00,417.47,418.15,417.27,417.69,318,11,0,0.11
2026-05-19 18:40:00,417.72,418.23,417.51,417.68,289,9,0,0.09
2026-05-19 18:45:00,417.68,418.28,417.13,418.11,333,10,0,0.1
2026-05-19 18:50:00,418.09,418.98,417.94,418.82,263,10,0,0.1
2026-05-19 18:55:00,418.84,419.03,418.29,418.29,253,9,0,0.09
2026-05-19 19:00:00,418.24,419.37,418.19,419.16,306,9,0,0.09
2026-05-19 19:05:00,419.16,419.26,418.54,418.61,247,11,0,0.11
2026-05-19 19:10:00,418.54,418.7,418.13,418.17,266,11,0,0.11
2026-05-19 19:15:00,418.17,418.37,417.1,417.18,245,10,0,0.1
2026-05-19 19:20:00,417.18,417.99,417.16,417.73,270,10,0,0.1
2026-05-19 19:25:00,417.73,418.88,417.71,418.75,252,10,0,0.1
2026-05-19 19:30:00,418.73,419.56,418.59,418.74,278,11,0,0.11
2026-05-19 19:35:00,418.76,419.45,418.74,419.45,236,12,0,0.12
2026-05-19 19:40:00,419.45,419.77,419.27,419.6,359,10,0,0.1
2026-05-19 19:45:00,419.65,419.65,418.83,419.12,333,11,0,0.11
2026-05-19 19:50:00,419.14,419.29,418.8,419.02,235,11,0,0.11
2026-05-19 19:55:00,418.92,419.22,418.47,419.11,237,10,0,0.1
2026-05-19 20:00:00,418.99,419.14,418.69,418.97,251,10,0,0.1
2026-05-19 20:05:00,418.99,419.12,418.8,418.89,187,11,0,0.11
2026-05-19 20:10:00,418.94,418.94,418.22,418.24,194,9,0,0.09
2026-05-19 20:15:00,418.27,418.94,418.14,418.88,219,10,0,0.1
2026-05-19 20:20:00,418.95,419.5,418.8,419.2,239,9,0,0.09
2026-05-19 20:25:00,419.22,419.38,418.95,419.0,228,10,0,0.1
2026-05-19 20:30:00,418.96,419.61,418.88,419.39,240,9,0,0.09
2026-05-19 20:35:00,419.41,419.75,419.27,419.27,203,10,0,0.1
2026-05-19 20:40:00,419.29,419.38,418.97,419.11,228,10,0,0.1
2026-05-19 20:45:00,419.1,419.14,418.62,418.77,222,10,0,0.1
2026-05-19 20:50:00,418.75,418.84,418.07,418.23,250,9,0,0.09
2026-05-19 20:55:00,418.23,418.71,417.95,418.44,405,10,0,0.1
2026-05-19 21:00:00,418.45,418.72,418.34,418.45,297,10,0,0.1
2026-05-19 21:05:00,418.44,418.69,418.05,418.61,322,10,0,0.1
2026-05-19 21:10:00,418.63,419.04,418.09,418.53,301,10,0,0.1
2026-05-19 21:15:00,418.57,418.79,418.13,418.47,241,10,0,0.1
2026-05-19 21:20:00,418.46,418.64,417.98,417.98,254,10,0,0.1
2026-05-19 21:25:00,417.95,418.21,417.48,418.13,302,10,0,0.1
2026-05-19 21:30:00,418.11,418.36,417.67,418.0,272,10,0,0.1
2026-05-19 21:35:00,418.04,418.08,417.57,417.87,332,9,0,0.09
2026-05-19 21:40:00,417.86,417.98,417.57,417.61,298,10,0,0.1
2026-05-19 21:45:00,417.61,417.76,417.15,417.38,359,11,0,0.11
2026-05-19 21:50:00,417.38,417.65,416.84,417.17,555,9,0,0.09
2026-05-19 21:55:00,417.09,417.71,416.43,417.57,743,10,0,0.1
2026-05-20 15:30:00,414.12,415.97,413.24,413.57,616,9,0,0.09
2026-05-20 15:35:00,413.56,414.9,411.77,412.59,602,10,0,0.1
2026-05-20 15:40:00,412.59,413.31,411.25,412.13,537,11,0,0.11
2026-05-20 15:45:00,412.15,414.7,412.12,413.58,605,12,0,0.12
2026-05-20 15:50:00,413.56,413.95,412.49,412.96,472,12,0,0.12
2026-05-20 15:55:00,413.02,413.27,412.24,412.83,525,10,0,0.1
2026-05-20 16:00:00,412.8,413.39,412.27,413.29,474,12,0,0.12
2026-05-20 16:05:00,413.33,413.38,411.52,411.63,412,13,0,0.13
2026-05-20 16:10:00,411.65,413.76,411.49,413.08,483,11,0,0.11
2026-05-20 16:15:00,413.1,414.98,412.83,414.26,596,13,0,0.13
2026-05-20 16:20:00,414.14,414.28,411.95,411.97,443,11,0,0.11
2026-05-20 16:25:00,411.95,413.82,411.76,413.73,385,10,0,0.1
2026-05-20 16:30:00,413.75,414.55,413.73,414.06,380,12,0,0.12
2026-05-20 16:35:00,414.06,414.61,413.66,414.09,343,11,0,0.11
2026-05-20 16:40:00,414.07,414.32,413.9,414.01,318,11,0,0.11
2026-05-20 16:45:00,414.04,414.52,413.98,414.52,330,11,0,0.11
2026-05-20 16:50:00,414.52,415.87,414.52,415.69,379,10,0,0.1
2026-05-20 16:55:00,415.69,416.42,415.69,416.0,394,10,0,0.1
2026-05-20 17:00:00,416.0,416.07,415.34,415.46,373,11,0,0.11
2026-05-20 17:05:00,415.51,416.05,415.13,415.68,389,10,0,0.1
2026-05-20 17:10:00,415.7,416.43,415.68,416.36,318,10,0,0.1
2026-05-20 17:15:00,416.36,417.87,416.2,417.09,621,9,0,0.09
2026-05-20 17:20:00,417.16,417.43,416.56,416.7,398,10,0,0.1
2026-05-20 17:25:00,416.72,417.03,416.19,416.39,357,9,0,0.09
2026-05-20 17:30:00,416.4,416.89,416.37,416.86,317,9,0,0.09
2026-05-20 17:35:00,416.91,417.0,416.45,416.61,303,11,0,0.11
2026-05-20 17:40:00,416.66,417.2,416.44,417.13,353,9,0,0.09
2026-05-20 17:45:00,417.15,417.36,417.0,417.28,294,9,0,0.09
2026-05-20 17:50:00,417.3,417.47,416.95,417.12,363,10,0,0.1
2026-05-20 17:55:00,417.11,417.23,416.44,417.17,288,11,0,0.11
2026-05-20 18:00:00,417.15,417.83,417.09,417.74,314,10,0,0.1
2026-05-20 18:05:00,417.74,418.06,417.55,417.74,238,9,0,0.09
2026-05-20 18:10:00,417.62,417.95,417.45,417.5,234,9,0,0.09
2026-05-20 18:15:00,417.59,417.65,417.09,417.38,278,9,0,0.09
2026-05-20 18:20:00,417.44,419.19,416.89,418.24,529,9,0,0.09
2026-05-20 18:25:00,418.23,418.95,417.52,418.35,443,9,0,0.09
2026-05-20 18:30:00,418.33,418.36,417.52,417.53,363,9,0,0.09
2026-05-20 18:35:00,417.54,417.55,416.96,417.33,307,9,0,0.09
2026-05-20 18:40:00,417.4,417.91,417.11,417.79,359,10,0,0.1
2026-05-20 18:45:00,417.77,418.3,416.99,417.11,381,11,0,0.11
2026-05-20 18:50:00,417.21,417.63,416.82,416.82,335,10,0,0.1
2026-05-20 18:55:00,416.84,417.85,416.83,417.76,387,11,0,0.11
2026-05-20 19:00:00,417.78,418.6,417.66,418.56,397,10,0,0.1
2026-05-20 19:05:00,418.58,419.15,418.34,418.88,331,11,0,0.11
2026-05-20 19:10:00,418.88,419.44,418.45,419.4,297,12,0,0.12
2026-05-20 19:15:00,419.42,419.63,419.1,419.34,272,10,0,0.1
2026-05-20 19:20:00,419.33,419.38,418.64,418.78,231,11,0,0.11
2026-05-20 19:25:00,418.78,419.43,418.68,419.19,290,10,0,0.1
2026-05-20 19:30:00,419.25,419.55,418.55,419.41,299,9,0,0.09
2026-05-20 19:35:00,419.41,420.33,419.38,420.27,361,9,0,0.09
2026-05-20 19:40:00,420.25,421.09,420.08,420.87,365,9,0,0.09
2026-05-20 19:45:00,420.89,421.09,420.61,420.64,341,10,0,0.1
2026-05-20 19:50:00,420.64,420.88,420.32,420.62,268,10,0,0.1
2026-05-20 19:55:00,420.61,420.77,419.95,420.11,238,10,0,0.1
2026-05-20 20:00:00,420.13,420.13,419.6,419.83,295,11,0,0.11
2026-05-20 20:05:00,419.85,419.86,418.86,419.06,282,9,0,0.09
2026-05-20 20:10:00,419.07,419.59,418.66,419.59,307,9,0,0.09
2026-05-20 20:15:00,419.59,420.13,419.57,419.97,318,9,0,0.09
2026-05-20 20:20:00,419.99,420.41,419.94,420.17,336,9,0,0.09
2026-05-20 20:25:00,420.09,420.53,419.86,420.4,251,9,0,0.09
2026-05-20 20:30:00,420.39,420.61,419.75,420.19,296,10,0,0.1
2026-05-20 20:35:00,420.2,420.52,420.1,420.35,243,9,0,0.09
2026-05-20 20:40:00,420.37,420.37,419.84,419.85,284,9,0,0.09
2026-05-20 20:45:00,419.89,420.16,419.71,420.09,246,9,0,0.09
2026-05-20 20:50:00,420.02,420.21,419.49,419.84,250,9,0,0.09
2026-05-20 20:55:00,419.77,419.89,419.63,419.8,266,10,0,0.1
2026-05-20 21:00:00,419.8,419.99,419.5,419.7,230,9,0,0.09
2026-05-20 21:05:00,419.72,419.82,419.1,419.25,305,10,0,0.1
2026-05-20 21:10:00,419.25,419.82,419.23,419.77,235,10,0,0.1
2026-05-20 21:15:00,419.77,420.08,419.71,419.71,250,9,0,0.09
2026-05-20 21:20:00,419.69,420.26,419.61,420.03,265,9,0,0.09
2026-05-20 21:25:00,420.06,420.43,420.04,420.4,253,9,0,0.09
2026-05-20 21:30:00,420.43,420.56,420.15,420.23,255,9,0,0.09
2026-05-20 21:35:00,420.3,420.7,420.2,420.68,294,9,0,0.09
2026-05-20 21:40:00,420.7,421.32,420.65,421.31,354,9,0,0.09
2026-05-20 21:45:00,421.27,421.52,420.85,421.13,322,9,0,0.09
2026-05-20 21:50:00,421.11,421.94,420.91,421.37,552,9,0,0.09
2026-05-20 21:55:00,421.35,421.38,420.43,420.99,610,9,0,0.09
2026-05-21 15:30:00,425.25,426.06,421.99,423.42,565,16,0,0.16
2026-05-21 15:35:00,423.5,423.61,419.72,419.97,626,10,0,0.1
2026-05-21 15:40:00,420.01,420.62,419.37,420.02,515,11,0,0.11
2026-05-21 15:45:00,420.18,421.27,418.53,418.69,521,10,0,0.1
2026-05-21 15:50:00,418.6,419.82,418.58,419.31,464,11,0,0.11
2026-05-21 15:55:00,419.14,419.71,417.95,418.46,523,11,0,0.11
2026-05-21 16:00:00,418.46,418.8,417.55,417.62,477,10,0,0.1
2026-05-21 16:05:00,417.7,419.1,417.47,418.95,415,11,0,0.11
2026-05-21 16:10:00,418.95,419.17,417.65,417.78,453,8,0,0.08
2026-05-21 16:15:00,417.72,417.91,415.78,415.87,662,9,0,0.09
2026-05-21 16:20:00,415.78,417.59,415.66,417.15,464,11,0,0.11
2026-05-21 16:25:00,417.14,417.74,416.97,417.15,389,11,0,0.11
2026-05-21 16:30:00,417.17,417.55,416.47,416.69,361,11,0,0.11
2026-05-21 16:35:00,416.58,416.93,416.46,416.53,325,11,0,0.11
2026-05-21 16:40:00,416.53,417.2,416.22,417.2,403,11,0,0.11
2026-05-21 16:45:00,417.12,417.29,416.74,417.21,381,11,0,0.11
2026-05-21 16:50:00,417.21,418.45,416.95,418.25,414,10,0,0.1
2026-05-21 16:55:00,418.3,418.84,418.04,418.6,361,11,0,0.11
2026-05-21 17:00:00,418.67,418.78,418.06,418.25,350,11,0,0.11
2026-05-21 17:05:00,418.22,418.25,417.13,417.43,355,11,0,0.11
2026-05-21 17:10:00,417.43,417.96,417.05,417.78,320,12,0,0.12
2026-05-21 17:15:00,417.77,418.39,417.77,418.27,364,10,0,0.1
2026-05-21 17:20:00,418.27,418.92,417.83,418.3,420,9,0,0.09
2026-05-21 17:25:00,418.42,418.9,418.24,418.72,353,10,0,0.1
2026-05-21 17:30:00,418.67,418.96,418.0,418.15,404,9,0,0.09
2026-05-21 17:35:00,418.15,418.36,417.88,418.12,266,11,0,0.11
2026-05-21 17:40:00,418.1,418.6,417.96,418.17,300,9,0,0.09
2026-05-21 17:45:00,418.21,418.43,417.97,418.42,292,9,0,0.09
2026-05-21 17:50:00,418.43,418.47,417.96,418.09,327,9,0,0.09
2026-05-21 17:55:00,418.09,418.41,417.98,418.11,345,9,0,0.09
2026-05-21 18:00:00,418.08,418.44,417.73,417.82,346,9,0,0.09
2026-05-21 18:05:00,417.84,417.86,417.05,417.6,296,9,0,0.09
2026-05-21 18:10:00,417.63,417.65,416.85,417.36,355,9,0,0.09
2026-05-21 18:15:00,417.39,417.76,417.35,417.73,293,9,0,0.09
2026-05-21 18:20:00,417.68,417.83,416.95,417.2,297,11,0,0.11
2026-05-21 18:25:00,417.19,417.29,416.95,417.04,207,10,0,0.1
2026-05-21 18:30:00,417.05,417.1,416.74,416.84,280,11,0,0.11
2026-05-21 18:35:00,416.8,417.32,416.76,417.21,310,9,0,0.09
2026-05-21 18:40:00,417.31,417.46,416.65,416.65,243,9,0,0.09
2026-05-21 18:45:00,416.68,416.97,416.25,416.35,290,10,0,0.1
2026-05-21 18:50:00,416.35,416.81,416.25,416.49,228,10,0,0.1
2026-05-21 18:55:00,416.47,416.74,416.17,416.2,218,9,0,0.09
2026-05-21 19:00:00,416.19,416.44,415.95,416.18,298,10,0,0.1
2026-05-21 19:05:00,416.22,416.42,416.0,416.06,301,10,0,0.1
2026-05-21 19:10:00,416.07,417.44,416.06,417.11,610,10,0,0.1
2026-05-21 19:15:00,417.12,417.98,416.81,417.16,449,11,0,0.11
2026-05-21 19:20:00,417.16,417.72,416.56,417.23,330,12,0,0.12
2026-05-21 19:25:00,417.28,417.54,417.13,417.34,318,9,0,0.09
2026-05-21 19:30:00,417.34,417.65,417.22,417.49,341,10,0,0.1
2026-05-21 19:35:00,417.52,418.07,417.44,417.97,273,10,0,0.1
2026-05-21 19:40:00,417.98,418.84,417.98,418.26,334,10,0,0.1
2026-05-21 19:45:00,418.26,418.59,418.01,418.59,261,10,0,0.1
2026-05-21 19:50:00,418.6,419.85,418.46,419.8,366,10,0,0.1
2026-05-21 19:55:00,419.79,420.21,419.03,419.08,352,9,0,0.09
2026-05-21 20:00:00,418.97,419.24,418.1,418.34,368,10,0,0.1
2026-05-21 20:05:00,418.32,418.48,417.97,418.3,256,11,0,0.11
2026-05-21 20:10:00,418.3,418.62,417.95,417.99,290,10,0,0.1
2026-05-21 20:15:00,418.0,418.1,417.65,417.73,293,10,0,0.1
2026-05-21 20:20:00,417.74,418.4,417.47,418.18,320,10,0,0.1
2026-05-21 20:25:00,418.22,418.89,418.12,418.85,221,12,0,0.12
2026-05-21 20:30:00,418.85,419.06,418.45,418.95,256,10,0,0.1
2026-05-21 20:35:00,418.87,419.03,418.57,419.01,285,10,0,0.1
2026-05-21 20:40:00,419.03,419.67,418.9,419.57,255,10,0,0.1
2026-05-21 20:45:00,419.58,419.72,419.03,419.16,342,10,0,0.1
2026-05-21 20:50:00,419.18,419.56,417.95,418.09,382,10,0,0.1
2026-05-21 20:55:00,417.95,418.6,417.95,418.53,287,10,0,0.1
2026-05-21 21:00:00,418.51,419.09,418.47,419.05,237,10,0,0.1
2026-05-21 21:05:00,419.04,419.04,417.95,418.96,319,11,0,0.11
2026-05-21 21:10:00,418.96,419.1,418.35,418.89,280,10,0,0.1
2026-05-21 21:15:00,418.89,419.33,418.81,419.19,265,9,0,0.09
2026-05-21 21:20:00,419.19,419.35,418.85,418.91,278,9,0,0.09
2026-05-21 21:25:00,418.92,419.04,418.63,418.82,337,10,0,0.1
2026-05-21 21:30:00,418.84,418.98,418.5,418.51,374,10,0,0.1
2026-05-21 21:35:00,418.46,418.91,418.46,418.83,331,9,0,0.09
2026-05-21 21:40:00,418.84,419.23,418.62,418.97,353,10,0,0.1
2026-05-21 21:45:00,418.99,419.19,418.62,418.76,321,10,0,0.1
2026-05-21 21:50:00,418.83,419.77,417.45,417.53,614,9,0,0.09
2026-05-21 21:55:00,417.95,419.53,417.95,419.02,775,9,0,0.09
2026-05-22 15:30:00,420.51,421.72,419.17,421.43,544,10,0,0.1
2026-05-22 15:35:00,421.43,424.28,420.88,423.83,782,10,0,0.1
2026-05-22 15:40:00,423.83,423.83,421.62,421.9,553,12,0,0.12
2026-05-22 15:45:00,421.88,424.17,421.88,422.28,567,11,0,0.11
2026-05-22 15:50:00,422.28,422.77,420.89,421.04,490,11,0,0.11
2026-05-22 15:55:00,421.05,421.31,419.8,420.21,525,11,0,0.11
2026-05-22 16:00:00,420.05,420.29,419.53,419.86,477,9,0,0.09
2026-05-22 16:05:00,419.71,419.78,418.38,418.49,390,9,0,0.09
2026-05-22 16:10:00,418.47,419.08,418.12,418.69,454,9,0,0.09
2026-05-22 16:15:00,418.67,419.35,417.8,417.8,384,9,0,0.09
2026-05-22 16:20:00,417.83,418.01,416.94,417.03,363,9,0,0.09
2026-05-22 16:25:00,417.03,417.13,416.19,416.57,419,9,0,0.09
2026-05-22 16:30:00,416.62,417.09,416.39,416.51,412,10,0,0.1
2026-05-22 16:35:00,416.55,417.77,416.49,417.28,373,10,0,0.1
2026-05-22 16:40:00,417.33,418.12,417.28,417.89,316,11,0,0.11
2026-05-22 16:45:00,417.91,418.34,417.65,418.18,317,9,0,0.09
2026-05-22 16:50:00,418.17,418.38,417.68,417.74,292,9,0,0.09
2026-05-22 16:55:00,417.74,417.93,417.26,417.51,301,10,0,0.1
2026-05-22 17:00:00,417.49,418.32,417.34,418.16,318,9,0,0.09
2026-05-22 17:05:00,418.15,418.73,418.12,418.72,320,9,0,0.09
2026-05-22 17:10:00,418.72,418.77,418.21,418.55,220,9,0,0.09
2026-05-22 17:15:00,418.57,419.19,418.46,419.15,402,9,0,0.09
2026-05-22 17:20:00,419.14,419.44,418.79,418.93,329,9,0,0.09
2026-05-22 17:25:00,418.94,419.33,418.27,419.31,319,9,0,0.09
2026-05-22 17:30:00,419.26,419.51,418.98,419.03,240,9,0,0.09
2026-05-22 17:35:00,419.04,419.39,418.6,418.71,251,9,0,0.09
2026-05-22 17:40:00,418.71,418.85,418.19,418.74,228,9,0,0.09
2026-05-22 17:45:00,418.67,418.93,418.42,418.78,333,9,0,0.09
2026-05-22 17:50:00,418.8,419.41,418.58,419.28,240,9,0,0.09
2026-05-22 17:55:00,419.26,419.87,419.17,419.84,312,9,0,0.09
2026-05-22 18:00:00,419.75,420.33,419.5,420.23,295,9,0,0.09
2026-05-22 18:05:00,420.28,420.42,419.81,419.93,292,9,0,0.09
2026-05-22 18:10:00,419.91,419.96,419.57,419.7,265,9,0,0.09
2026-05-22 18:15:00,419.69,419.78,419.32,419.39,245,9,0,0.09
2026-05-22 18:20:00,419.33,420.0,419.31,419.8,249,9,0,0.09
2026-05-22 18:25:00,419.75,419.89,419.25,419.57,276,10,0,0.1
2026-05-22 18:30:00,419.55,419.89,419.48,419.51,269,11,0,0.11
2026-05-22 18:35:00,419.52,419.58,419.05,419.09,250,10,0,0.1
2026-05-22 18:40:00,419.07,419.43,418.97,419.22,211,10,0,0.1
2026-05-22 18:45:00,419.23,419.35,418.95,419.07,198,10,0,0.1
2026-05-22 18:50:00,419.07,419.12,418.29,419.12,258,11,0,0.11
2026-05-22 18:55:00,419.11,419.13,418.57,418.6,228,10,0,0.1
2026-05-22 19:00:00,418.6,418.96,418.55,418.72,213,10,0,0.1
2026-05-22 19:05:00,418.74,418.84,418.47,418.57,215,10,0,0.1
2026-05-22 19:10:00,418.63,418.75,418.47,418.75,166,9,0,0.09
2026-05-22 19:15:00,418.72,418.94,418.29,418.31,293,9,0,0.09
2026-05-22 19:20:00,418.29,418.62,418.12,418.23,256,9,0,0.09
2026-05-22 19:25:00,418.23,418.78,418.13,418.78,323,9,0,0.09
2026-05-22 19:30:00,418.8,419.09,418.45,418.74,232,10,0,0.1
2026-05-22 19:35:00,418.72,419.14,418.5,418.96,260,9,0,0.09
2026-05-22 19:40:00,419.05,419.29,418.88,418.9,222,10,0,0.1
2026-05-22 19:45:00,418.91,418.98,418.68,418.81,191,10,0,0.1
2026-05-22 19:50:00,418.82,418.82,418.12,418.15,257,9,0,0.09
2026-05-22 19:55:00,418.15,418.22,417.53,417.6,288,9,0,0.09
2026-05-22 20:00:00,417.6,417.75,417.16,417.48,304,10,0,0.1
2026-05-22 20:05:00,417.5,417.86,417.45,417.63,201,10,0,0.1
2026-05-22 20:10:00,417.62,417.9,417.54,417.9,225,9,0,0.09
2026-05-22 20:15:00,417.86,418.26,417.75,418.24,212,9,0,0.09
2026-05-22 20:20:00,418.2,418.89,418.18,418.85,234,10,0,0.1
2026-05-22 20:25:00,418.86,418.97,418.72,418.76,237,10,0,0.1
2026-05-22 20:30:00,418.75,419.32,418.74,419.15,309,9,0,0.09
2026-05-22 20:35:00,419.15,419.68,418.97,419.47,317,10,0,0.1
2026-05-22 20:40:00,419.51,419.59,419.02,419.19,211,10,0,0.1
2026-05-22 20:45:00,419.22,419.34,418.34,418.42,248,10,0,0.1
2026-05-22 20:50:00,418.39,418.84,418.34,418.82,208,10,0,0.1
2026-05-22 20:55:00,418.79,418.92,418.62,418.84,194,10,0,0.1
2026-05-22 21:00:00,418.84,419.07,418.46,418.8,253,10,0,0.1
2026-05-22 21:05:00,418.87,419.0,418.66,418.85,252,9,0,0.09
2026-05-22 21:10:00,418.85,419.05,418.68,419.03,316,9,0,0.09
2026-05-22 21:15:00,419.05,419.11,418.65,418.78,247,9,0,0.09
2026-05-22 21:20:00,418.82,418.89,418.52,418.69,279,9,0,0.09
2026-05-22 21:25:00,418.7,418.84,418.25,418.25,252,9,0,0.09
2026-05-22 21:30:00,418.24,418.47,417.95,418.31,271,9,0,0.09
2026-05-22 21:35:00,418.33,418.51,418.12,418.31,199,9,0,0.09
2026-05-22 21:40:00,418.27,418.49,418.04,418.45,244,9,0,0.09
2026-05-22 21:45:00,418.43,418.71,418.35,418.56,287,9,0,0.09
2026-05-22 21:50:00,418.47,418.71,418.11,418.51,389,9,0,0.09
2026-05-22 21:55:00,418.51,418.9,418.35,418.44,682,9,0,0.09
2026-05-26 15:30:00,414.78,416.89,414.51,416.17,679,13,0,0.13
2026-05-26 15:35:00,416.17,416.55,414.94,415.31,656,9,0,0.09
2026-05-26 15:40:00,415.33,416.36,414.97,415.47,466,10,0,0.1
2026-05-26 15:45:00,415.5,416.91,415.38,416.53,575,10,0,0.1
2026-05-26 15:50:00,416.55,416.66,415.11,415.31,474,9,0,0.09
2026-05-26 15:55:00,415.32,417.54,415.15,417.4,530,9,0,0.09
2026-05-26 16:00:00,417.4,418.41,417.01,418.31,488,10,0,0.1
2026-05-26 16:05:00,418.28,418.66,417.6,418.09,450,11,0,0.11
2026-05-26 16:10:00,418.02,418.04,417.0,417.9,350,11,0,0.11
2026-05-26 16:15:00,417.9,418.34,417.49,418.2,353,9,0,0.09
2026-05-26 16:20:00,418.19,419.64,418.17,419.4,452,9,0,0.09
2026-05-26 16:25:00,419.41,419.66,418.65,418.9,406,10,0,0.1
2026-05-26 16:30:00,418.9,419.09,417.77,417.86,376,9,0,0.09
2026-05-26 16:35:00,417.89,418.32,417.21,417.39,357,10,0,0.1
2026-05-26 16:40:00,417.42,417.92,417.15,417.28,352,11,0,0.11
2026-05-26 16:45:00,417.26,417.26,415.35,415.35,421,9,0,0.09
2026-05-26 16:50:00,415.37,416.07,415.27,415.7,422,9,0,0.09
2026-05-26 16:55:00,415.71,416.09,415.05,415.21,348,10,0,0.1
2026-05-26 17:00:00,415.13,415.17,414.4,414.67,378,10,0,0.1
2026-05-26 17:05:00,414.61,414.83,414.15,414.63,397,9,0,0.09
2026-05-26 17:10:00,414.52,414.69,414.19,414.28,329,11,0,0.11
2026-05-26 17:15:00,414.28,415.07,414.08,414.96,365,10,0,0.1
2026-05-26 17:20:00,414.9,416.19,414.85,415.82,338,10,0,0.1
2026-05-26 17:25:00,415.82,416.02,415.09,415.11,319,9,0,0.09
2026-05-26 17:30:00,415.14,415.84,414.65,415.84,333,11,0,0.11
2026-05-26 17:35:00,415.84,415.99,415.76,415.98,206,10,0,0.1
2026-05-26 17:40:00,416.06,416.33,415.52,415.54,281,11,0,0.11
2026-05-26 17:45:00,415.52,415.88,415.29,415.54,237,9,0,0.09
2026-05-26 17:50:00,415.6,415.65,414.85,414.98,275,11,0,0.11
2026-05-26 17:55:00,414.95,415.13,414.39,414.95,299,11,0,0.11
2026-05-26 18:00:00,415.01,415.18,414.85,415.02,227,10,0,0.1
2026-05-26 18:05:00,414.97,415.44,414.95,415.19,235,10,0,0.1
2026-05-26 18:10:00,415.13,415.19,414.5,414.57,205,9,0,0.09
2026-05-26 18:15:00,414.55,415.03,414.55,414.99,195,10,0,0.1
2026-05-26 18:20:00,415.02,415.82,415.0,415.7,230,9,0,0.09
2026-05-26 18:25:00,415.68,415.93,415.63,415.85,233,9,0,0.09
2026-05-26 18:30:00,415.85,416.07,415.76,415.88,210,10,0,0.1
2026-05-26 18:35:00,415.9,416.15,415.37,415.37,229,10,0,0.1
2026-05-26 18:40:00,415.37,415.5,415.2,415.24,196,10,0,0.1
2026-05-26 18:45:00,415.22,415.22,414.82,414.82,228,10,0,0.1
2026-05-26 18:50:00,414.83,415.0,414.55,414.74,181,10,0,0.1
2026-05-26 18:55:00,414.73,414.75,414.32,414.39,229,9,0,0.09
2026-05-26 19:00:00,414.39,414.46,413.85,413.91,251,10,0,0.1
2026-05-26 19:05:00,413.96,414.24,413.73,413.95,245,9,0,0.09
2026-05-26 19:10:00,413.97,414.22,413.74,413.87,176,10,0,0.1
2026-05-26 19:15:00,413.83,414.19,413.75,413.93,217,10,0,0.1
2026-05-26 19:20:00,413.92,413.94,413.25,413.38,263,9,0,0.09
2026-05-26 19:25:00,413.36,413.65,413.34,413.56,222,9,0,0.09
2026-05-26 19:30:00,413.54,413.7,413.37,413.55,175,9,0,0.09
2026-05-26 19:35:00,413.55,413.7,412.98,413.03,230,9,0,0.09
2026-05-26 19:40:00,413.04,413.63,412.99,413.3,205,9,0,0.09
2026-05-26 19:45:00,413.33,413.38,413.15,413.38,165,9,0,0.09
2026-05-26 19:50:00,413.38,414.13,413.38,413.97,207,10,0,0.1
2026-05-26 19:55:00,413.87,413.88,413.49,413.7,200,10,0,0.1
2026-05-26 20:00:00,413.67,414.17,413.59,414.16,184,9,0,0.09
2026-05-26 20:05:00,414.17,414.8,414.08,414.8,179,9,0,0.09
2026-05-26 20:10:00,414.78,414.93,414.61,414.68,252,9,0,0.09
2026-05-26 20:15:00,414.69,415.37,414.69,415.35,204,9,0,0.09
2026-05-26 20:20:00,415.37,415.76,415.34,415.35,218,10,0,0.1
2026-05-26 20:25:00,415.36,415.38,414.98,415.03,186,10,0,0.1
2026-05-26 20:30:00,415.1,415.5,415.04,415.47,151,9,0,0.09
2026-05-26 20:35:00,415.47,415.62,415.09,415.6,150,10,0,0.1
2026-05-26 20:40:00,415.59,415.6,414.98,414.98,161,10,0,0.1
2026-05-26 20:45:00,415.05,415.33,414.99,415.18,156,9,0,0.09
2026-05-26 20:50:00,415.18,415.3,415.08,415.17,235,9,0,0.09
2026-05-26 20:55:00,415.21,415.32,414.75,414.75,238,9,0,0.09
2026-05-26 21:00:00,414.75,414.86,414.51,414.78,179,10,0,0.1
2026-05-26 21:05:00,414.8,415.31,414.74,415.17,216,10,0,0.1
2026-05-26 21:10:00,415.17,415.2,414.75,415.06,216,10,0,0.1
2026-05-26 21:15:00,415.06,415.51,415.0,415.36,309,9,0,0.09
2026-05-26 21:20:00,415.39,415.76,415.35,415.74,278,9,0,0.09
2026-05-26 21:25:00,415.76,415.81,415.55,415.67,258,9,0,0.09
2026-05-26 21:30:00,415.69,415.84,415.4,415.54,304,9,0,0.09
2026-05-26 21:35:00,415.52,415.71,415.44,415.57,274,9,0,0.09
2026-05-26 21:40:00,415.56,415.84,415.42,415.62,248,9,0,0.09
2026-05-26 21:45:00,415.59,415.9,415.25,415.32,260,9,0,0.09
2026-05-26 21:50:00,415.3,416.03,415.22,415.97,324,9,0,0.09
2026-05-26 21:55:00,415.65,416.27,415.65,415.9,551,9,0,0.09
2026-05-27 15:30:00,409.83,412.3,409.45,412.01,564,10,0,0.1
2026-05-27 15:35:00,412.03,413.16,411.45,411.94,560,11,0,0.11
2026-05-27 15:40:00,411.89,412.95,410.96,412.51,519,10,0,0.1
2026-05-27 15:45:00,412.52,413.7,411.36,411.42,559,12,0,0.12
2026-05-27 15:50:00,411.5,411.92,410.77,411.75,465,9,0,0.09
2026-05-27 15:55:00,411.7,412.07,411.22,411.36,420,9,0,0.09
2026-05-27 16:00:00,411.34,412.92,411.28,412.11,418,10,0,0.1
2026-05-27 16:05:00,412.13,412.94,411.77,412.73,419,11,0,0.11
2026-05-27 16:10:00,412.87,413.58,412.53,413.44,412,10,0,0.1
2026-05-27 16:15:00,413.44,413.82,412.98,413.05,397,10,0,0.1
2026-05-27 16:20:00,413.05,414.17,412.95,414.02,429,12,0,0.12
2026-05-27 16:25:00,413.99,415.79,413.97,414.97,560,11,0,0.11
2026-05-27 16:30:00,415.01,415.19,414.35,414.82,374,12,0,0.12
2026-05-27 16:35:00,414.82,415.62,414.35,415.54,346,9,0,0.09
2026-05-27 16:40:00,415.43,415.53,414.79,414.97,338,9,0,0.09
2026-05-27 16:45:00,414.97,415.45,414.83,415.24,337,10,0,0.1
2026-05-27 16:50:00,415.26,415.28,414.03,414.25,275,10,0,0.1
2026-05-27 16:55:00,414.21,414.83,414.04,414.49,259,9,0,0.09
2026-05-27 17:00:00,414.51,415.48,414.26,415.36,368,9,0,0.09
2026-05-27 17:05:00,415.37,415.37,414.06,414.29,282,9,0,0.09
2026-05-27 17:10:00,414.27,414.44,413.65,413.66,274,9,0,0.09
2026-05-27 17:15:00,413.67,414.08,412.8,412.88,254,9,0,0.09
2026-05-27 17:20:00,412.86,413.6,412.56,413.28,277,10,0,0.1
2026-05-27 17:25:00,413.27,413.38,412.47,412.73,258,9,0,0.09
2026-05-27 17:30:00,412.74,413.32,412.63,412.98,260,9,0,0.09
2026-05-27 17:35:00,412.95,413.22,412.77,413.2,259,9,0,0.09
2026-05-27 17:40:00,413.18,413.24,412.54,412.54,165,10,0,0.1
2026-05-27 17:45:00,412.52,412.79,412.5,412.68,201,10,0,0.1
2026-05-27 17:50:00,412.68,413.1,412.55,412.7,224,10,0,0.1
2026-05-27 17:55:00,412.72,412.96,412.55,412.82,188,9,0,0.09
2026-05-27 18:00:00,412.83,413.2,412.69,412.88,195,10,0,0.1
2026-05-27 18:05:00,412.88,413.33,412.7,413.19,230,9,0,0.09
2026-05-27 18:10:00,413.24,413.28,412.63,412.68,220,10,0,0.1
2026-05-27 18:15:00,412.65,412.97,412.54,412.84,203,10,0,0.1
2026-05-27 18:20:00,412.84,413.06,412.59,412.77,180,10,0,0.1
2026-05-27 18:25:00,412.8,412.89,412.34,412.7,256,9,0,0.09
2026-05-27 18:30:00,412.68,412.82,412.51,412.71,175,10,0,0.1
2026-05-27 18:35:00,412.79,413.34,412.55,413.3,216,10,0,0.1
2026-05-27 18:40:00,413.31,413.57,413.21,413.51,263,10,0,0.1
2026-05-27 18:45:00,413.51,413.71,412.95,413.57,274,9,0,0.09
2026-05-27 18:50:00,413.61,413.97,413.48,413.87,263,11,0,0.11
2026-05-27 18:55:00,413.74,413.91,413.64,413.78,207,10,0,0.1
2026-05-27 19:00:00,413.76,413.83,413.29,413.61,236,9,0,0.09
2026-05-27 19:05:00,413.59,413.61,412.57,412.57,267,10,0,0.1
2026-05-27 19:10:00,412.59,412.65,412.16,412.34,215,10,0,0.1
2026-05-27 19:15:00,412.34,412.34,411.63,411.86,239,9,0,0.09
2026-05-27 19:20:00,411.86,411.86,411.23,411.33,233,9,0,0.09
2026-05-27 19:25:00,411.35,411.5,411.16,411.35,202,9,0,0.09
2026-05-27 19:30:00,411.37,411.65,411.33,411.49,208,10,0,0.1
2026-05-27 19:35:00,411.62,411.93,411.53,411.67,236,9,0,0.09
2026-05-27 19:40:00,411.67,411.79,411.45,411.47,208,9,0,0.09
2026-05-27 19:45:00,411.45,411.98,411.45,411.55,232,10,0,0.1
2026-05-27 19:50:00,411.61,411.75,411.45,411.63,143,9,0,0.09
2026-05-27 19:55:00,411.61,411.66,411.45,411.55,230,9,0,0.09
2026-05-27 20:00:00,411.55,412.34,411.53,412.18,239,10,0,0.1
2026-05-27 20:05:00,412.24,412.57,412.1,412.36,234,9,0,0.09
2026-05-27 20:10:00,412.33,412.4,411.95,412.35,180,10,0,0.1
2026-05-27 20:15:00,412.38,412.57,412.15,412.49,189,9,0,0.09
2026-05-27 20:20:00,412.49,412.73,412.26,412.68,189,9,0,0.09
2026-05-27 20:25:00,412.65,412.69,412.18,412.64,238,10,0,0.1
2026-05-27 20:30:00,412.63,412.88,412.35,412.54,204,10,0,0.1
2026-05-27 20:35:00,412.56,412.59,411.95,412.31,219,9,0,0.09
2026-05-27 20:40:00,412.33,412.73,412.2,412.3,225,10,0,0.1
2026-05-27 20:45:00,412.32,412.71,412.32,412.67,190,9,0,0.09
2026-05-27 20:50:00,412.69,412.96,412.51,412.58,196,10,0,0.1
2026-05-27 20:55:00,412.53,412.72,412.2,412.35,213,9,0,0.09
2026-05-27 21:00:00,412.39,412.58,411.69,411.74,243,9,0,0.09
2026-05-27 21:05:00,411.74,411.78,411.31,411.69,261,9,0,0.09
2026-05-27 21:10:00,411.67,412.66,411.55,412.59,312,9,0,0.09
2026-05-27 21:15:00,412.59,413.32,412.43,413.04,281,10,0,0.1
2026-05-27 21:20:00,413.04,413.23,412.95,413.09,254,9,0,0.09
2026-05-27 21:25:00,413.11,413.37,413.01,413.33,333,9,0,0.09
2026-05-27 21:30:00,413.33,413.37,412.5,412.68,283,10,0,0.1
2026-05-27 21:35:00,412.6,413.18,412.35,413.15,279,9,0,0.09
2026-05-27 21:40:00,413.12,413.18,412.78,413.13,280,9,0,0.09
2026-05-27 21:45:00,413.12,413.44,412.96,413.38,270,9,0,0.09
2026-05-27 21:50:00,412.85,413.24,412.36,412.36,365,9,0,0.09
2026-05-27 21:55:00,412.26,412.7,411.88,412.55,617,9,0,0.09
2026-05-28 15:30:00,413.96,417.61,413.21,415.03,676,11,0,0.11
2026-05-28 15:35:00,414.88,416.45,413.92,415.31,523,11,0,0.11
2026-05-28 15:40:00,415.35,418.81,415.11,418.68,616,11,0,0.11
2026-05-28 15:45:00,418.72,421.71,418.45,421.59,683,9,0,0.09
2026-05-28 15:50:00,421.66,423.14,420.95,422.66,651,10,0,0.1
2026-05-28 15:55:00,422.68,424.55,421.61,424.4,660,11,0,0.11
2026-05-28 16:00:00,424.4,427.47,424.33,427.4,901,11,0,0.11
2026-05-28 16:05:00,427.33,428.01,425.01,425.48,711,9,0,0.09
2026-05-28 16:10:00,425.48,426.76,424.67,426.37,689,12,0,0.12
2026-05-28 16:15:00,426.38,429.37,425.83,428.23,645,12,0,0.12
2026-05-28 16:20:00,428.21,428.67,426.2,426.32,526,11,0,0.11
2026-05-28 16:25:00,426.28,426.6,425.19,425.21,506,10,0,0.1
2026-05-28 16:30:00,425.14,425.56,423.38,423.38,493,10,0,0.1
2026-05-28 16:35:00,423.42,423.54,422.15,422.15,490,9,0,0.09
2026-05-28 16:40:00,422.15,425.75,422.15,425.51,554,10,0,0.1
2026-05-28 16:45:00,425.46,425.78,424.37,424.91,403,11,0,0.11
2026-05-28 16:50:00,424.96,425.54,424.71,425.01,346,11,0,0.11
2026-05-28 16:55:00,425.01,425.09,423.95,424.22,354,11,0,0.11
2026-05-28 17:00:00,424.21,425.3,424.12,425.1,391,10,0,0.1
2026-05-28 17:05:00,425.24,425.28,423.46,423.46,350,10,0,0.1
2026-05-28 17:10:00,423.53,424.18,423.47,423.54,286,10,0,0.1
2026-05-28 17:15:00,423.56,424.32,423.45,424.32,292,11,0,0.11
2026-05-28 17:20:00,424.3,424.83,423.99,424.67,260,10,0,0.1
2026-05-28 17:25:00,424.68,425.37,424.64,424.64,341,9,0,0.09
2026-05-28 17:30:00,424.69,424.86,424.04,424.14,319,11,0,0.11
2026-05-28 17:35:00,424.17,425.14,424.05,424.41,336,9,0,0.09
2026-05-28 17:40:00,424.45,425.02,424.18,425.01,264,10,0,0.1
2026-05-28 17:45:00,424.94,425.1,424.66,424.97,259,9,0,0.09
2026-05-28 17:50:00,424.91,425.04,424.24,424.55,259,9,0,0.09
2026-05-28 17:55:00,424.58,425.04,424.53,424.92,261,11,0,0.11
2026-05-28 18:00:00,424.93,424.93,424.36,424.62,219,10,0,0.1
2026-05-28 18:05:00,424.62,424.97,424.48,424.54,197,9,0,0.09
2026-05-28 18:10:00,424.61,424.61,423.86,424.1,240,9,0,0.09
2026-05-28 18:15:00,424.14,425.61,424.08,425.21,267,10,0,0.1
2026-05-28 18:20:00,425.28,425.77,425.11,425.71,277,9,0,0.09
2026-05-28 18:25:00,425.67,426.3,425.45,425.7,257,9,0,0.09
2026-05-28 18:30:00,425.79,426.07,425.58,425.68,247,9,0,0.09
2026-05-28 18:35:00,425.68,426.27,425.68,426.12,226,9,0,0.09
2026-05-28 18:40:00,426.05,426.41,425.5,425.83,315,10,0,0.1
2026-05-28 18:45:00,425.86,425.95,423.99,423.99,225,11,0,0.11
2026-05-28 18:50:00,423.96,424.01,422.65,423.51,325,9,0,0.09
2026-05-28 18:55:00,423.41,424.53,423.25,424.39,338,9,0,0.09
2026-05-28 19:00:00,424.42,425.0,424.37,424.84,367,9,0,0.09
2026-05-28 19:05:00,424.93,425.44,424.7,425.24,362,10,0,0.1
2026-05-28 19:10:00,425.24,425.4,424.53,424.55,343,10,0,0.1
2026-05-28 19:15:00,424.56,425.31,424.53,424.98,339,10,0,0.1
2026-05-28 19:20:00,424.9,425.92,424.9,425.76,352,9,0,0.09
2026-05-28 19:25:00,425.77,425.86,425.34,425.69,313,9,0,0.09
2026-05-28 19:30:00,425.72,426.3,425.72,426.2,301,9,0,0.09
2026-05-28 19:35:00,426.22,426.41,425.84,426.41,253,9,0,0.09
2026-05-28 19:40:00,426.39,426.97,426.29,426.68,317,9,0,0.09
2026-05-28 19:45:00,426.65,427.23,426.42,427.13,251,10,0,0.1
2026-05-28 19:50:00,427.13,427.33,426.97,427.16,218,10,0,0.1
2026-05-28 19:55:00,427.18,427.54,427.12,427.43,249,10,0,0.1
2026-05-28 20:00:00,427.43,428.52,427.29,428.37,312,9,0,0.09
2026-05-28 20:05:00,428.25,428.39,427.86,427.88,255,10,0,0.1
2026-05-28 20:10:00,427.89,428.97,427.76,427.84,337,10,0,0.1
2026-05-28 20:15:00,427.75,427.88,426.85,426.86,309,9,0,0.09
2026-05-28 20:20:00,426.86,426.99,426.01,426.23,268,10,0,0.1
2026-05-28 20:25:00,426.19,426.5,426.04,426.44,233,9,0,0.09
2026-05-28 20:30:00,426.38,426.69,426.35,426.66,285,9,0,0.09
2026-05-28 20:35:00,426.65,426.67,425.96,426.24,254,9,0,0.09
2026-05-28 20:40:00,426.26,426.56,425.97,426.56,260,9,0,0.09
2026-05-28 20:45:00,426.56,427.16,426.52,426.83,282,9,0,0.09
2026-05-28 20:50:00,426.81,426.85,426.46,426.61,235,9,0,0.09
2026-05-28 20:55:00,426.55,426.62,425.95,425.97,266,9,0,0.09
2026-05-28 21:00:00,426.01,426.75,425.95,426.59,250,10,0,0.1
2026-05-28 21:05:00,426.63,426.91,426.19,426.35,219,9,0,0.09
2026-05-28 21:10:00,426.28,426.59,426.2,426.47,193,9,0,0.09
2026-05-28 21:15:00,426.41,426.71,426.11,426.21,262,9,0,0.09
2026-05-28 21:20:00,426.21,426.29,425.95,425.99,210,10,0,0.1
2026-05-28 21:25:00,426.01,426.06,425.55,425.97,286,9,0,0.09
2026-05-28 21:30:00,425.98,426.7,425.81,426.49,281,9,0,0.09
2026-05-28 21:35:00,426.51,426.53,426.2,426.42,215,9,0,0.09
2026-05-28 21:40:00,426.44,426.57,426.13,426.13,337,9,0,0.09
2026-05-28 21:45:00,426.13,426.58,425.96,425.96,322,9,0,0.09
2026-05-28 21:50:00,425.96,425.97,424.95,425.83,457,10,0,0.1
2026-05-28 21:55:00,425.82,426.91,425.74,426.59,604,9,0,0.09
2026-05-29 15:30:00,435.0,438.72,434.95,438.07,721,11,0,0.11
2026-05-29 15:35:00,438.07,440.8,437.6,439.27,850,9,0,0.09
2026-05-29 15:40:00,439.19,441.66,438.06,440.64,818,10,0,0.1
2026-05-29 15:45:00,440.62,440.9,438.06,438.33,688,9,0,0.09
2026-05-29 15:50:00,438.32,440.23,438.21,439.72,592,10,0,0.1
2026-05-29 15:55:00,439.8,440.92,439.61,440.92,603,10,0,0.1
2026-05-29 16:00:00,440.92,441.85,440.41,441.49,608,9,0,0.09
2026-05-29 16:05:00,441.5,443.33,441.09,441.57,713,9,0,0.09
2026-05-29 16:10:00,441.59,441.8,439.95,440.05,497,10,0,0.1
2026-05-29 16:15:00,440.09,440.12,437.85,438.34,520,10,0,0.1
2026-05-29 16:20:00,438.32,438.99,437.84,438.5,476,10,0,0.1
2026-05-29 16:25:00,438.61,439.89,438.02,439.89,506,9,0,0.09
2026-05-29 16:30:00,439.77,441.61,439.67,441.37,529,9,0,0.09
2026-05-29 16:35:00,441.35,442.77,441.19,441.59,576,10,0,0.1
2026-05-29 16:40:00,441.61,443.12,441.54,442.01,469,10,0,0.1
2026-05-29 16:45:00,441.98,442.03,440.55,441.47,497,11,0,0.11
2026-05-29 16:50:00,441.48,443.95,441.35,443.27,587,11,0,0.11
2026-05-29 16:55:00,443.27,444.83,442.69,444.38,487,9,0,0.09
2026-05-29 17:00:00,444.4,444.9,443.95,444.54,454,11,0,0.11
2026-05-29 17:05:00,444.53,445.04,443.91,444.65,423,11,0,0.11
2026-05-29 17:10:00,444.65,445.43,444.61,444.83,460,10,0,0.1
2026-05-29 17:15:00,444.81,445.56,443.95,444.58,491,9,0,0.09
2026-05-29 17:20:00,444.56,444.95,443.55,443.57,462,11,0,0.11
2026-05-29 17:25:00,443.57,443.95,443.14,443.52,399,10,0,0.1
2026-05-29 17:30:00,443.47,444.47,443.47,444.09,345,11,0,0.11
2026-05-29 17:35:00,444.11,444.19,443.35,443.49,309,10,0,0.1
2026-05-29 17:40:00,443.52,443.71,442.71,442.78,370,10,0,0.1
2026-05-29 17:45:00,442.78,444.14,442.66,444.05,339,9,0,0.09
2026-05-29 17:50:00,444.04,444.04,442.78,442.93,340,10,0,0.1
2026-05-29 17:55:00,442.9,443.01,442.45,442.59,280,9,0,0.09
2026-05-29 18:00:00,442.66,443.25,442.36,443.18,350,10,0,0.1
2026-05-29 18:05:00,443.2,443.53,442.87,443.35,292,9,0,0.09
2026-05-29 18:10:00,443.37,443.41,442.83,442.87,286,9,0,0.09
2026-05-29 18:15:00,442.85,442.87,442.06,442.16,264,10,0,0.1
2026-05-29 18:20:00,442.14,442.78,442.05,442.65,303,10,0,0.1
2026-05-29 18:25:00,442.68,442.68,442.24,442.58,293,9,0,0.09
2026-05-29 18:30:00,442.58,443.92,442.48,443.78,366,10,0,0.1
2026-05-29 18:35:00,443.78,444.83,443.77,444.72,393,9,0,0.09
2026-05-29 18:40:00,444.71,444.88,444.33,444.63,297,10,0,0.1
2026-05-29 18:45:00,444.63,444.74,443.96,444.15,319,9,0,0.09
2026-05-29 18:50:00,444.12,444.26,443.62,444.07,284,10,0,0.1
2026-05-29 18:55:00,444.08,444.25,442.76,442.84,261,9,0,0.09
2026-05-29 19:00:00,442.84,443.41,442.73,443.22,257,10,0,0.1
2026-05-29 19:05:00,443.2,443.78,442.98,443.74,215,10,0,0.1
2026-05-29 19:10:00,443.74,443.98,443.49,443.65,250,9,0,0.09
2026-05-29 19:15:00,443.68,444.05,443.49,443.9,242,9,0,0.09
2026-05-29 19:20:00,443.9,443.9,442.62,443.39,284,9,0,0.09
2026-05-29 19:25:00,443.41,443.6,443.03,443.58,222,9,0,0.09
2026-05-29 19:30:00,443.56,443.7,443.07,443.23,208,10,0,0.1
2026-05-29 19:35:00,443.22,443.3,442.55,443.3,203,11,0,0.11
2026-05-29 19:40:00,443.28,443.7,443.23,443.61,198,9,0,0.09
2026-05-29 19:45:00,443.61,443.81,443.24,443.75,272,10,0,0.1
2026-05-29 19:50:00,443.74,444.01,443.02,443.09,278,9,0,0.09
2026-05-29 19:55:00,443.11,443.17,442.39,442.48,269,10,0,0.1
2026-05-29 20:00:00,442.41,442.96,442.13,442.77,276,10,0,0.1
2026-05-29 20:05:00,442.78,443.33,442.45,442.68,261,10,0,0.1
2026-05-29 20:10:00,442.67,442.86,442.2,442.23,206,9,0,0.09
2026-05-29 20:15:00,442.23,442.35,441.7,442.35,276,9,0,0.09
2026-05-29 20:20:00,442.36,442.85,442.31,442.48,269,9,0,0.09
2026-05-29 20:25:00,442.49,442.72,442.43,442.66,221,9,0,0.09
2026-05-29 20:30:00,442.65,443.28,442.65,443.18,233,9,0,0.09
2026-05-29 20:35:00,443.15,443.7,443.05,443.31,291,9,0,0.09
2026-05-29 20:40:00,443.28,443.31,442.15,442.25,306,9,0,0.09
2026-05-29 20:45:00,442.25,442.55,441.69,442.49,305,9,0,0.09
2026-05-29 20:50:00,442.51,442.52,441.45,441.76,276,10,0,0.1
2026-05-29 20:55:00,441.75,441.84,441.29,441.53,288,10,0,0.1
2026-05-29 21:00:00,441.51,442.08,441.31,441.57,321,10,0,0.1
2026-05-29 21:05:00,441.64,442.3,441.59,442.13,252,10,0,0.1
2026-05-29 21:10:00,442.15,442.86,441.97,442.85,222,10,0,0.1
2026-05-29 21:15:00,442.79,442.82,442.45,442.69,268,10,0,0.1
2026-05-29 21:20:00,442.69,443.17,442.61,442.98,302,9,0,0.09
2026-05-29 21:25:00,443.0,443.48,442.9,443.47,310,9,0,0.09
2026-05-29 21:30:00,443.47,443.74,443.0,443.0,362,9,0,0.09
2026-05-29 21:35:00,443.0,443.22,442.75,443.03,353,9,0,0.09
2026-05-29 21:40:00,443.05,443.08,442.69,442.83,333,9,0,0.09
2026-05-29 21:45:00,442.74,443.21,442.45,443.07,319,9,0,0.09
2026-05-29 21:50:00,443.14,448.0,443.1,447.87,697,9,0,0.09
2026-05-29 21:55:00,447.96,449.93,447.69,449.86,961,9,0,0.09
2026-06-01 15:30:00,464.95,465.63,458.83,460.57,835,10,0,0.1
2026-06-01 15:35:00,460.39,464.34,459.64,462.17,943,13,0,0.13
2026-06-01 15:40:00,462.19,463.68,460.66,462.92,805,9,0,0.09
2026-06-01 15:45:00,462.9,464.2,460.9,461.0,626,10,0,0.1
2026-06-01 15:50:00,461.04,465.33,460.87,463.54,771,11,0,0.11
2026-06-01 15:55:00,463.54,465.36,463.29,464.53,683,10,0,0.1
2026-06-01 16:00:00,464.53,466.26,462.19,462.81,619,9,0,0.09
2026-06-01 16:05:00,462.73,463.14,460.95,462.05,536,10,0,0.1
2026-06-01 16:10:00,462.07,462.1,459.99,460.69,607,10,0,0.1
2026-06-01 16:15:00,460.71,462.34,460.65,460.96,597,12,0,0.12
2026-06-01 16:20:00,460.92,462.55,460.07,461.36,540,12,0,0.12
2026-06-01 16:25:00,461.36,461.84,460.59,461.58,450,12,0,0.12
2026-06-01 16:30:00,461.63,461.7,459.73,460.04,460,10,0,0.1
2026-06-01 16:35:00,460.03,460.37,459.07,459.4,526,11,0,0.11
2026-06-01 16:40:00,459.42,461.6,459.14,461.45,562,9,0,0.09
2026-06-01 16:45:00,461.48,462.48,460.79,461.48,459,10,0,0.1
2026-06-01 16:50:00,461.58,461.78,460.05,460.41,427,11,0,0.11
2026-06-01 16:55:00,460.41,463.15,460.38,463.01,465,10,0,0.1
2026-06-01 17:00:00,463.14,463.38,461.3,461.3,476,10,0,0.1
2026-06-01 17:05:00,461.2,461.57,459.95,460.02,423,11,0,0.11
2026-06-01 17:10:00,459.99,461.59,459.11,461.07,497,9,0,0.09
2026-06-01 17:15:00,461.12,461.94,461.01,461.53,388,9,0,0.09
2026-06-01 17:20:00,461.53,462.12,460.58,460.67,327,9,0,0.09
2026-06-01 17:25:00,460.66,460.91,460.16,460.51,409,10,0,0.1
2026-06-01 17:30:00,460.51,462.26,460.38,462.07,516,10,0,0.1
2026-06-01 17:35:00,462.15,463.79,462.07,462.84,532,10,0,0.1
2026-06-01 17:40:00,462.83,462.88,460.95,461.24,440,10,0,0.1
2026-06-01 17:45:00,461.26,461.73,460.5,461.36,358,10,0,0.1
2026-06-01 17:50:00,461.35,461.51,460.26,461.08,347,10,0,0.1
2026-06-01 17:55:00,461.08,461.08,460.26,460.38,378,10,0,0.1
2026-06-01 18:00:00,460.4,461.06,460.3,460.48,388,10,0,0.1
2026-06-01 18:05:00,460.53,460.59,459.11,459.4,387,10,0,0.1
2026-06-01 18:10:00,459.4,460.65,459.27,460.47,365,10,0,0.1
2026-06-01 18:15:00,460.49,460.49,459.21,459.84,368,10,0,0.1
2026-06-01 18:20:00,459.88,460.94,459.32,460.77,371,9,0,0.09
2026-06-01 18:25:00,460.71,461.71,460.37,461.56,373,10,0,0.1
2026-06-01 18:30:00,461.66,462.37,461.66,462.19,388,9,0,0.09
2026-06-01 18:35:00,462.14,462.17,461.37,461.88,369,10,0,0.1
2026-06-01 18:40:00,461.89,462.28,461.68,462.02,325,9,0,0.09
2026-06-01 18:45:00,462.02,462.16,461.61,461.79,316,9,0,0.09
2026-06-01 18:50:00,461.71,462.34,461.7,461.78,315,10,0,0.1
2026-06-01 18:55:00,461.84,462.17,461.49,461.85,324,11,0,0.11
2026-06-01 19:00:00,461.87,462.13,460.95,461.08,359,10,0,0.1
2026-06-01 19:05:00,461.08,461.3,460.58,460.81,304,11,0,0.11
2026-06-01 19:10:00,460.81,460.88,460.56,460.65,277,9,0,0.09
2026-06-01 19:15:00,460.65,460.65,459.5,459.55,325,9,0,0.09
2026-06-01 19:20:00,459.53,460.88,459.53,460.71,358,9,0,0.09
2026-06-01 19:25:00,460.73,461.02,460.0,460.15,312,10,0,0.1
2026-06-01 19:30:00,460.24,460.5,459.54,459.57,357,10,0,0.1
2026-06-01 19:35:00,459.56,459.57,458.57,458.58,348,10,0,0.1
2026-06-01 19:40:00,458.57,459.62,458.56,458.97,434,10,0,0.1
2026-06-01 19:45:00,458.95,459.99,458.57,459.06,378,11,0,0.11
2026-06-01 19:50:00,459.06,459.12,458.18,458.96,332,11,0,0.11
2026-06-01 19:55:00,458.94,460.04,458.77,459.89,368,9,0,0.09
2026-06-01 20:00:00,459.88,460.16,459.57,460.16,294,9,0,0.09
2026-06-01 20:05:00,460.11,460.91,460.09,460.75,370,9,0,0.09
2026-06-01 20:10:00,460.78,461.59,460.54,461.05,321,10,0,0.1
2026-06-01 20:15:00,461.05,461.28,460.75,460.75,294,9,0,0.09
2026-06-01 20:20:00,460.77,460.83,460.23,460.55,266,9,0,0.09
2026-06-01 20:25:00,460.6,461.29,460.58,460.78,309,9,0,0.09
2026-06-01 20:30:00,460.79,461.14,460.48,460.48,289,9,0,0.09
2026-06-01 20:35:00,460.48,460.85,460.41,460.71,231,10,0,0.1
2026-06-01 20:40:00,460.71,460.99,460.47,460.98,251,10,0,0.1
2026-06-01 20:45:00,460.98,461.14,460.87,461.08,234,9,0,0.09
2026-06-01 20:50:00,461.07,461.21,460.56,460.89,277,9,0,0.09
2026-06-01 20:55:00,460.82,460.96,460.01,460.91,282,10,0,0.1
2026-06-01 21:00:00,460.85,461.92,460.67,461.64,338,10,0,0.1
2026-06-01 21:05:00,461.69,462.04,461.14,461.35,276,10,0,0.1
2026-06-01 21:10:00,461.35,462.33,461.33,462.23,291,9,0,0.09
2026-06-01 21:15:00,462.24,463.21,462.2,462.98,286,9,0,0.09
2026-06-01 21:20:00,462.98,463.64,462.57,463.44,350,10,0,0.1
2026-06-01 21:25:00,463.47,463.99,463.34,463.72,316,10,0,0.1
2026-06-01 21:30:00,463.7,463.91,462.84,463.74,350,9,0,0.09
2026-06-01 21:35:00,463.76,464.08,463.27,463.27,295,10,0,0.1
2026-06-01 21:40:00,463.24,463.32,462.23,462.31,342,10,0,0.1
2026-06-01 21:45:00,462.17,462.42,461.23,461.23,353,9,0,0.09
2026-06-01 21:50:00,461.26,461.87,459.96,461.32,565,10,0,0.1
2026-06-01 21:55:00,461.27,461.92,460.33,460.35,700,9,0,0.09
2026-06-02 15:30:00,449.16,453.33,447.53,448.22,796,12,0,0.12
2026-06-02 15:35:00,448.3,449.68,446.27,446.27,653,12,0,0.12
2026-06-02 15:40:00,446.27,446.27,443.96,445.91,777,9,0,0.09
2026-06-02 15:45:00,445.83,446.65,444.25,446.46,807,11,0,0.11
2026-06-02 15:50:00,446.45,446.92,444.84,444.95,539,12,0,0.12
2026-06-02 15:55:00,444.97,445.09,443.45,445.01,533,9,0,0.09
2026-06-02 16:00:00,445.01,445.71,444.34,445.12,549,11,0,0.11
2026-06-02 16:05:00,445.12,446.4,444.54,445.67,394,9,0,0.09
2026-06-02 16:10:00,445.67,447.25,445.49,446.8,423,10,0,0.1
2026-06-02 16:15:00,446.76,447.82,446.76,447.24,406,13,0,0.13
2026-06-02 16:20:00,447.17,447.52,445.46,445.81,447,11,0,0.11
2026-06-02 16:25:00,445.79,445.81,443.66,444.09,453,9,0,0.09
2026-06-02 16:30:00,444.13,444.59,443.39,443.54,479,10,0,0.1
2026-06-02 16:35:00,443.58,445.09,443.56,443.87,457,10,0,0.1
2026-06-02 16:40:00,443.84,444.01,442.71,443.02,500,10,0,0.1
2026-06-02 16:45:00,443.01,444.0,442.99,443.82,440,11,0,0.11
2026-06-02 16:50:00,443.79,443.81,442.8,443.11,332,10,0,0.1
2026-06-02 16:55:00,443.11,443.84,442.89,443.59,333,10,0,0.1
2026-06-02 17:00:00,443.63,444.16,443.46,443.46,466,9,0,0.09
2026-06-02 17:05:00,443.46,443.6,442.73,442.78,368,9,0,0.09
2026-06-02 17:10:00,442.8,442.92,442.2,442.65,346,10,0,0.1
2026-06-02 17:15:00,442.71,443.61,442.33,443.37,371,9,0,0.09
2026-06-02 17:20:00,443.35,443.82,442.63,443.47,341,9,0,0.09
2026-06-02 17:25:00,443.48,443.56,442.81,443.48,395,10,0,0.1
2026-06-02 17:30:00,443.48,444.01,443.14,443.99,334,9,0,0.09
2026-06-02 17:35:00,443.99,444.33,443.61,444.12,303,9,0,0.09
2026-06-02 17:40:00,444.24,444.53,443.96,444.21,292,10,0,0.1
2026-06-02 17:45:00,444.2,444.59,443.87,444.12,309,9,0,0.09
2026-06-02 17:50:00,444.12,444.17,443.46,443.61,281,10,0,0.1
2026-06-02 17:55:00,443.62,443.85,442.95,443.72,305,9,0,0.09
2026-06-02 18:00:00,443.7,443.96,443.24,443.94,270,10,0,0.1
2026-06-02 18:05:00,443.94,444.59,443.66,444.06,319,9,0,0.09
2026-06-02 18:10:00,444.01,444.31,443.72,444.14,213,9,0,0.09
2026-06-02 18:15:00,444.14,445.18,443.95,445.07,302,10,0,0.1
2026-06-02 18:20:00,445.0,445.82,444.51,445.74,260,9,0,0.09
2026-06-02 18:25:00,445.72,446.11,445.59,445.73,299,10,0,0.1
2026-06-02 18:30:00,445.71,445.77,443.85,443.86,317,9,0,0.09
2026-06-02 18:35:00,443.85,444.31,443.24,444.13,347,9,0,0.09
2026-06-02 18:40:00,444.12,444.18,442.7,442.73,363,10,0,0.1
2026-06-02 18:45:00,442.68,443.17,442.33,443.05,270,11,0,0.11
2026-06-02 18:50:00,443.07,443.38,442.97,443.3,198,10,0,0.1
2026-06-02 18:55:00,443.32,443.82,443.26,443.65,240,10,0,0.1
2026-06-02 19:00:00,443.61,444.28,443.45,444.12,215,9,0,0.09
2026-06-02 19:05:00,444.12,444.7,444.09,444.48,203,9,0,0.09
2026-06-02 19:10:00,444.46,445.28,444.29,445.25,226,10,0,0.1
2026-06-02 19:15:00,445.25,445.41,443.95,444.5,292,9,0,0.09
2026-06-02 19:20:00,444.52,444.79,444.03,444.24,241,10,0,0.1
2026-06-02 19:25:00,444.26,444.42,443.56,444.39,236,9,0,0.09
2026-06-02 19:30:00,444.4,444.49,443.57,443.63,252,11,0,0.11
2026-06-02 19:35:00,443.69,444.37,443.63,444.06,284,9,0,0.09
2026-06-02 19:40:00,444.06,444.43,443.84,444.21,252,10,0,0.1
2026-06-02 19:45:00,444.17,444.17,443.72,443.84,273,9,0,0.09
2026-06-02 19:50:00,443.85,444.11,443.64,443.76,186,10,0,0.1
2026-06-02 19:55:00,443.78,443.87,442.64,442.66,262,9,0,0.09
2026-06-02 20:00:00,442.64,442.75,441.95,442.51,351,10,0,0.1
2026-06-02 20:05:00,442.53,442.87,442.5,442.75,198,11,0,0.11
2026-06-02 20:10:00,442.73,442.77,442.05,442.12,253,9,0,0.09
2026-06-02 20:15:00,442.14,442.94,441.87,442.26,309,9,0,0.09
2026-06-02 20:20:00,442.29,443.07,442.27,442.54,256,10,0,0.1
2026-06-02 20:25:00,442.54,442.78,441.36,441.99,304,10,0,0.1
2026-06-02 20:30:00,441.99,442.74,441.74,442.56,279,9,0,0.09
2026-06-02 20:35:00,442.56,442.72,442.15,442.27,223,11,0,0.11
2026-06-02 20:40:00,442.18,442.37,441.47,441.86,286,10,0,0.1
2026-06-02 20:45:00,441.84,442.03,441.6,441.67,264,9,0,0.09
2026-06-02 20:50:00,441.69,441.71,440.77,440.83,267,9,0,0.09
2026-06-02 20:55:00,440.86,440.93,440.35,440.57,321,10,0,0.1
2026-06-02 21:00:00,440.55,441.77,440.52,441.77,335,9,0,0.09
2026-06-02 21:05:00,441.68,441.98,441.43,441.44,321,9,0,0.09
2026-06-02 21:10:00,441.44,442.0,441.39,441.97,275,9,0,0.09
2026-06-02 21:15:00,441.97,441.98,441.56,441.83,220,9,0,0.09
2026-06-02 21:20:00,441.82,441.98,441.4,441.56,290,9,0,0.09
2026-06-02 21:25:00,441.5,441.77,441.32,441.58,289,9,0,0.09
2026-06-02 21:30:00,441.58,441.98,441.58,441.87,299,9,0,0.09
2026-06-02 21:35:00,441.89,441.93,441.57,441.78,320,9,0,0.09
2026-06-02 21:40:00,441.8,441.81,441.56,441.65,331,9,0,0.09
2026-06-02 21:45:00,441.65,441.78,441.46,441.53,425,9,0,0.09
2026-06-02 21:50:00,441.46,441.97,440.65,440.73,574,9,0,0.09
2026-06-02 21:55:00,440.65,441.56,440.65,441.31,638,9,0,0.09
2026-06-03 15:30:00,437.09,440.13,435.85,436.01,551,10,0,0.1
2026-06-03 15:35:00,435.98,436.48,434.7,434.77,573,10,0,0.1
2026-06-03 15:40:00,434.85,434.85,431.67,432.08,625,9,0,0.09
2026-06-03 15:45:00,432.06,433.85,431.24,432.47,587,12,0,0.12
2026-06-03 15:50:00,432.35,432.54,431.21,432.26,558,12,0,0.12
2026-06-03 15:55:00,432.18,432.42,431.15,431.22,472,9,0,0.09
2026-06-03 16:00:00,431.22,432.18,430.72,431.88,439,11,0,0.11
2026-06-03 16:05:00,431.97,432.27,431.42,431.76,423,12,0,0.12
2026-06-03 16:10:00,431.78,432.43,431.25,432.28,363,10,0,0.1
2026-06-03 16:15:00,432.26,433.04,431.85,432.45,435,10,0,0.1
2026-06-03 16:20:00,432.4,433.14,430.98,431.04,392,11,0,0.11
2026-06-03 16:25:00,431.03,431.5,430.47,430.51,422,11,0,0.11
2026-06-03 16:30:00,430.53,431.27,429.33,429.36,473,10,0,0.1
2026-06-03 16:35:00,429.48,429.48,427.95,428.45,538,10,0,0.1
2026-06-03 16:40:00,428.43,428.71,427.97,428.16,462,9,0,0.09
2026-06-03 16:45:00,428.16,428.47,427.26,427.43,488,10,0,0.1
2026-06-03 16:50:00,427.43,427.45,426.78,427.01,400,10,0,0.1
2026-06-03 16:55:00,427.03,427.68,426.78,427.31,414,9,0,0.09
2026-06-03 17:00:00,427.31,427.97,426.74,426.83,358,9,0,0.09
2026-06-03 17:05:00,426.78,426.94,426.01,426.5,419,9,0,0.09
2026-06-03 17:10:00,426.47,427.08,425.78,425.78,419,9,0,0.09
2026-06-03 17:15:00,425.79,427.33,425.76,427.24,406,9,0,0.09
2026-06-03 17:20:00,427.27,427.46,426.53,426.77,339,9,0,0.09
2026-06-03 17:25:00,426.75,427.91,426.75,427.63,347,9,0,0.09
2026-06-03 17:30:00,427.61,427.7,426.15,426.28,313,11,0,0.11
2026-06-03 17:35:00,426.28,427.03,426.15,426.39,338,9,0,0.09
2026-06-03 17:40:00,426.42,426.82,426.16,426.54,317,10,0,0.1
2026-06-03 17:45:00,426.44,426.59,426.06,426.31,351,11,0,0.11
2026-06-03 17:50:00,426.29,426.96,426.25,426.88,313,9,0,0.09
2026-06-03 17:55:00,426.78,427.07,426.45,426.9,258,10,0,0.1
2026-06-03 18:00:00,426.92,427.12,426.57,426.58,262,10,0,0.1
2026-06-03 18:05:00,426.6,426.79,426.23,426.42,292,9,0,0.09
2026-06-03 18:10:00,426.4,426.6,425.82,425.97,301,10,0,0.1
2026-06-03 18:15:00,425.97,425.97,425.3,425.77,263,10,0,0.1
2026-06-03 18:20:00,425.77,425.9,425.17,425.51,278,9,0,0.09
2026-06-03 18:25:00,425.47,425.68,425.07,425.35,362,9,0,0.09
2026-06-03 18:30:00,425.31,425.75,425.1,425.1,331,10,0,0.1
2026-06-03 18:35:00,425.11,425.2,424.17,424.31,344,9,0,0.09
2026-06-03 18:40:00,424.27,424.87,424.2,424.85,331,9,0,0.09
2026-06-03 18:45:00,424.85,425.11,424.55,424.59,369,9,0,0.09
2026-06-03 18:50:00,424.69,424.84,424.26,424.58,277,9,0,0.09
2026-06-03 18:55:00,424.58,424.69,424.4,424.6,279,9,0,0.09
2026-06-03 19:00:00,424.61,424.89,424.44,424.77,270,9,0,0.09
2026-06-03 19:05:00,424.77,425.12,424.65,424.85,236,9,0,0.09
2026-06-03 19:10:00,424.92,424.97,424.31,424.35,295,9,0,0.09
2026-06-03 19:15:00,424.37,424.67,424.23,424.59,238,9,0,0.09
2026-06-03 19:20:00,424.62,425.06,424.61,425.03,246,9,0,0.09
2026-06-03 19:25:00,425.05,425.43,425.0,425.38,221,9,0,0.09
2026-06-03 19:30:00,425.38,425.76,424.99,425.7,246,9,0,0.09
2026-06-03 19:35:00,425.71,426.38,425.54,426.19,292,10,0,0.1
2026-06-03 19:40:00,426.19,426.85,425.87,426.44,294,9,0,0.09
2026-06-03 19:45:00,426.46,426.87,426.14,426.69,248,9,0,0.09
2026-06-03 19:50:00,426.71,426.85,426.18,426.29,207,10,0,0.1
2026-06-03 19:55:00,426.29,426.84,426.25,426.55,203,10,0,0.1
2026-06-03 20:00:00,426.54,427.19,426.37,426.88,221,9,0,0.09
2026-06-03 20:05:00,426.86,427.01,426.6,426.65,250,10,0,0.1
2026-06-03 20:10:00,426.6,427.37,426.33,427.37,275,9,0,0.09
2026-06-03 20:15:00,427.34,427.37,426.99,427.22,215,9,0,0.09
2026-06-03 20:20:00,427.24,427.99,426.85,427.98,241,9,0,0.09
2026-06-03 20:25:00,427.98,428.18,427.78,428.08,234,9,0,0.09
2026-06-03 20:30:00,428.15,428.38,427.9,428.3,259,9,0,0.09
2026-06-03 20:35:00,428.29,428.72,428.26,428.55,237,9,0,0.09
2026-06-03 20:40:00,428.53,428.58,427.95,428.55,247,9,0,0.09
2026-06-03 20:45:00,428.55,428.57,428.16,428.22,240,9,0,0.09
2026-06-03 20:50:00,428.2,428.38,427.74,427.83,220,9,0,0.09
2026-06-03 20:55:00,427.84,428.2,427.63,428.2,211,9,0,0.09
2026-06-03 21:00:00,428.18,428.33,427.46,427.66,258,10,0,0.1
2026-06-03 21:05:00,427.63,427.92,427.45,427.74,197,9,0,0.09
2026-06-03 21:10:00,427.76,428.04,427.31,427.99,290,9,0,0.09
2026-06-03 21:15:00,427.99,428.88,427.97,428.3,378,9,0,0.09
2026-06-03 21:20:00,428.33,428.34,427.72,427.76,262,9,0,0.09
2026-06-03 21:25:00,427.78,427.92,427.42,427.76,330,10,0,0.1
2026-06-03 21:30:00,427.78,427.87,427.28,427.84,306,9,0,0.09
2026-06-03 21:35:00,427.87,428.22,427.69,428.14,291,9,0,0.09
2026-06-03 21:40:00,428.12,428.18,427.55,427.81,307,10,0,0.1
2026-06-03 21:45:00,427.81,428.57,427.75,428.35,370,9,0,0.09
2026-06-03 21:50:00,428.39,428.65,426.17,427.56,464,9,0,0.09
2026-06-03 21:55:00,427.28,427.93,426.55,427.14,833,9,0,0.09
2026-06-04 15:30:00,431.06,432.39,428.95,429.67,585,13,0,0.13
2026-06-04 15:35:00,429.54,432.48,428.62,432.36,591,12,0,0.12
2026-06-04 15:40:00,432.38,432.44,431.16,431.77,505,9,0,0.09
2026-06-04 15:45:00,431.77,431.77,429.64,429.7,516,13,0,0.13
2026-06-04 15:50:00,429.64,430.98,429.53,429.99,468,12,0,0.12
2026-06-04 15:55:00,429.83,432.79,429.67,432.4,480,10,0,0.1
2026-06-04 16:00:00,432.35,433.79,431.67,433.67,486,9,0,0.09
2026-06-04 16:05:00,433.72,434.04,432.13,432.13,484,10,0,0.1
2026-06-04 16:10:00,432.13,432.88,431.05,431.4,438,11,0,0.11
2026-06-04 16:15:00,431.35,431.42,429.98,430.16,383,10,0,0.1
2026-06-04 16:20:00,430.16,430.31,428.77,429.71,361,9,0,0.09
2026-06-04 16:25:00,429.71,430.38,429.34,429.75,315,12,0,0.12
2026-06-04 16:30:00,429.8,430.39,429.54,430.37,316,10,0,0.1
2026-06-04 16:35:00,430.37,430.37,429.35,429.66,273,12,0,0.12
2026-06-04 16:40:00,429.72,431.35,429.52,431.15,275,11,0,0.11
2026-06-04 16:45:00,431.13,431.42,430.26,430.31,289,10,0,0.1
2026-06-04 16:50:00,430.36,430.79,429.14,429.71,308,12,0,0.12
2026-06-04 16:55:00,429.73,429.82,428.95,429.67,268,11,0,0.11
2026-06-04 17:00:00,429.67,430.4,429.37,430.01,274,12,0,0.12
2026-06-04 17:05:00,430.06,430.55,429.7,429.72,229,13,0,0.13
2026-06-04 17:10:00,429.7,430.64,429.7,430.45,241,12,0,0.12
2026-06-04 17:15:00,430.5,431.11,430.41,430.92,225,11,0,0.11
2026-06-04 17:20:00,430.93,430.99,430.17,430.42,208,11,0,0.11
2026-06-04 17:25:00,430.47,430.91,430.24,430.26,203,10,0,0.1
2026-06-04 17:30:00,430.28,430.69,429.7,429.84,268,10,0,0.1
2026-06-04 17:35:00,429.87,430.24,429.78,429.94,274,11,0,0.11
2026-06-04 17:40:00,429.96,430.07,429.49,429.55,214,10,0,0.1
2026-06-04 17:45:00,429.66,429.99,429.37,429.47,256,12,0,0.12
2026-06-04 17:50:00,429.45,429.74,429.03,429.3,214,10,0,0.1
2026-06-04 17:55:00,429.26,429.54,428.87,428.98,201,12,0,0.12
2026-06-04 18:00:00,428.96,429.4,428.87,429.08,202,11,0,0.11
2026-06-04 18:05:00,429.1,429.65,428.99,429.23,182,11,0,0.11
2026-06-04 18:10:00,429.27,429.88,429.14,429.52,159,12,0,0.12
2026-06-04 18:15:00,429.6,429.6,429.06,429.08,162,10,0,0.1
2026-06-04 18:20:00,429.06,429.06,428.31,428.34,216,9,0,0.09
2026-06-04 18:25:00,428.33,428.34,427.65,427.69,235,9,0,0.09
2026-06-04 18:30:00,427.71,427.83,427.55,427.61,253,9,0,0.09
2026-06-04 18:35:00,427.63,428.53,427.34,428.3,231,11,0,0.11
2026-06-04 18:40:00,428.3,428.76,428.22,428.74,155,10,0,0.1
2026-06-04 18:45:00,428.79,428.83,427.96,428.09,181,11,0,0.11
2026-06-04 18:50:00,428.0,428.11,427.61,427.81,166,11,0,0.11
2026-06-04 18:55:00,427.82,427.83,426.7,426.74,253,9,0,0.09
2026-06-04 19:00:00,426.72,426.92,426.51,426.69,199,9,0,0.09
2026-06-04 19:05:00,426.71,426.97,426.37,426.53,195,10,0,0.1
2026-06-04 19:10:00,426.51,427.05,426.44,426.47,193,10,0,0.1
2026-06-04 19:15:00,426.5,426.97,426.39,426.89,150,10,0,0.1
2026-06-04 19:20:00,426.83,427.02,426.49,426.75,182,11,0,0.11
2026-06-04 19:25:00,426.76,427.15,426.7,426.8,177,9,0,0.09
2026-06-04 19:30:00,426.78,427.09,426.62,426.72,197,10,0,0.1
2026-06-04 19:35:00,426.73,427.03,426.61,426.7,182,10,0,0.1
2026-06-04 19:40:00,426.68,427.25,426.62,426.9,151,11,0,0.11
2026-06-04 19:45:00,426.89,427.31,426.79,427.07,167,11,0,0.11
2026-06-04 19:50:00,426.95,427.27,426.67,427.06,141,10,0,0.1
2026-06-04 19:55:00,427.06,427.77,426.96,427.7,166,10,0,0.1
2026-06-04 20:00:00,427.64,428.35,427.62,428.35,204,9,0,0.09
2026-06-04 20:05:00,428.36,428.4,427.78,427.88,187,10,0,0.1
2026-06-04 20:10:00,427.93,428.07,427.7,427.85,145,9,0,0.09
2026-06-04 20:15:00,427.86,428.36,427.72,427.95,167,10,0,0.1
2026-06-04 20:20:00,427.97,428.19,427.92,428.07,133,10,0,0.1
2026-06-04 20:25:00,428.09,428.09,427.45,427.62,191,9,0,0.09
2026-06-04 20:30:00,427.53,428.51,427.53,428.37,186,10,0,0.1
2026-06-04 20:35:00,428.41,428.88,428.36,428.52,192,9,0,0.09
2026-06-04 20:40:00,428.46,428.63,427.89,427.93,155,9,0,0.09
2026-06-04 20:45:00,427.95,428.23,427.62,427.71,140,10,0,0.1
2026-06-04 20:50:00,427.71,427.73,427.11,427.11,175,11,0,0.11
2026-06-04 20:55:00,427.13,427.56,426.88,427.42,227,10,0,0.1
2026-06-04 21:00:00,427.4,427.4,427.0,427.06,172,9,0,0.09
2026-06-04 21:05:00,427.04,427.55,426.89,427.52,210,9,0,0.09
2026-06-04 21:10:00,427.52,428.23,427.31,428.03,192,10,0,0.1
2026-06-04 21:15:00,428.04,428.4,427.98,428.38,177,10,0,0.1
2026-06-04 21:20:00,428.38,428.53,427.49,427.63,240,10,0,0.1
2026-06-04 21:25:00,427.63,427.67,427.31,427.54,156,9,0,0.09
2026-06-04 21:30:00,427.6,427.62,426.95,427.14,200,9,0,0.09
2026-06-04 21:35:00,427.15,427.33,426.95,427.05,211,9,0,0.09
2026-06-04 21:40:00,426.99,427.78,426.94,427.73,254,9,0,0.09
2026-06-04 21:45:00,427.72,428.1,427.68,427.7,297,9,0,0.09
2026-06-04 21:50:00,427.83,428.07,427.46,428.0,355,9,0,0.09
2026-06-04 21:55:00,427.75,428.38,427.75,428.01,641,9,0,0.09
2026-06-05 15:30:00,428.98,429.13,426.47,428.22,538,14,0,0.14
2026-06-05 15:35:00,428.32,428.68,426.85,427.55,633,12,0,0.12
2026-06-05 15:40:00,427.55,428.14,425.58,426.01,512,11,0,0.11
2026-06-05 15:45:00,426.07,427.3,425.41,426.81,480,15,0,0.15
2026-06-05 15:50:00,426.81,427.09,425.02,425.37,466,10,0,0.1
2026-06-05 15:55:00,425.37,425.93,424.46,424.66,487,12,0,0.12
2026-06-05 16:00:00,424.68,425.07,422.46,422.59,557,10,0,0.1
2026-06-05 16:05:00,422.72,423.31,422.16,422.88,450,11,0,0.11
2026-06-05 16:10:00,422.94,423.38,422.38,422.77,356,11,0,0.11
2026-06-05 16:15:00,422.73,423.5,422.47,422.92,423,11,0,0.11
2026-06-05 16:20:00,422.92,423.51,421.99,421.99,427,11,0,0.11
2026-06-05 16:25:00,421.99,422.95,421.63,422.95,390,9,0,0.09
2026-06-05 16:30:00,422.89,423.03,422.03,422.51,358,11,0,0.11
2026-06-05 16:35:00,422.46,422.8,421.76,421.77,289,12,0,0.12
2026-06-05 16:40:00,421.77,421.92,420.97,421.38,329,9,0,0.09
2026-06-05 16:45:00,421.44,421.57,420.68,420.84,344,11,0,0.11
2026-06-05 16:50:00,420.84,421.62,420.69,420.84,384,10,0,0.1
2026-06-05 16:55:00,420.84,421.63,420.63,421.28,309,11,0,0.11
2026-06-05 17:00:00,421.33,422.29,421.33,422.24,342,10,0,0.1
2026-06-05 17:05:00,422.24,422.31,421.46,421.66,286,9,0,0.09
2026-06-05 17:10:00,421.66,422.09,421.57,421.87,304,11,0,0.11
2026-06-05 17:15:00,421.87,422.49,421.7,422.14,335,10,0,0.1
2026-06-05 17:20:00,422.16,422.39,421.38,421.53,374,9,0,0.09
2026-06-05 17:25:00,421.43,422.48,421.15,421.76,365,12,0,0.12
2026-06-05 17:30:00,421.78,422.25,421.3,421.36,324,9,0,0.09
2026-06-05 17:35:00,421.24,421.66,420.98,421.26,358,11,0,0.11
2026-06-05 17:40:00,421.26,421.58,420.83,420.92,341,11,0,0.11
2026-06-05 17:45:00,420.94,421.2,420.39,421.1,311,12,0,0.12
2026-06-05 17:50:00,421.08,421.42,420.84,421.3,289,11,0,0.11
2026-06-05 17:55:00,421.33,421.46,420.61,420.61,265,11,0,0.11
2026-06-05 18:00:00,420.61,420.91,420.29,420.59,294,11,0,0.11
2026-06-05 18:05:00,420.61,420.61,418.85,419.25,448,10,0,0.1
2026-06-05 18:10:00,419.27,420.31,419.24,420.07,383,10,0,0.1
2026-06-05 18:15:00,420.09,420.17,419.71,419.95,342,10,0,0.1
2026-06-05 18:20:00,419.81,420.3,419.71,420.26,339,10,0,0.1
2026-06-05 18:25:00,420.26,420.3,419.56,419.71,321,10,0,0.1
2026-06-05 18:30:00,419.72,419.8,418.5,418.65,405,9,0,0.09
2026-06-05 18:35:00,418.64,419.77,418.4,419.47,391,10,0,0.1
2026-06-05 18:40:00,419.49,419.68,419.06,419.47,468,10,0,0.1
2026-06-05 18:45:00,419.47,419.66,418.85,419.19,470,11,0,0.11
2026-06-05 18:50:00,419.17,419.79,418.69,419.53,376,11,0,0.11
2026-06-05 18:55:00,419.53,420.09,419.37,419.95,332,9,0,0.09
2026-06-05 19:00:00,419.93,420.24,419.63,420.13,290,10,0,0.1
2026-06-05 19:05:00,420.11,420.65,419.84,420.02,391,12,0,0.12
2026-06-05 19:10:00,420.05,420.2,419.77,419.96,340,10,0,0.1
2026-06-05 19:15:00,419.99,420.09,419.44,419.51,326,11,0,0.11
2026-06-05 19:20:00,419.49,419.79,419.37,419.73,308,10,0,0.1
2026-06-05 19:25:00,419.76,419.79,419.14,419.56,315,10,0,0.1
2026-06-05 19:30:00,419.54,420.23,419.45,420.02,252,10,0,0.1
2026-06-05 19:35:00,420.07,420.59,419.75,420.47,231,11,0,0.11
2026-06-05 19:40:00,420.49,420.83,420.27,420.48,239,11,0,0.11
2026-06-05 19:45:00,420.54,421.42,420.45,421.21,275,10,0,0.1
2026-06-05 19:50:00,421.19,421.28,420.57,420.7,231,10,0,0.1
2026-06-05 19:55:00,420.68,420.84,420.24,420.59,222,10,0,0.1
2026-06-05 20:00:00,420.55,420.87,420.34,420.7,273,11,0,0.11
2026-06-05 20:05:00,420.74,420.93,420.11,420.57,229,10,0,0.1
2026-06-05 20:10:00,420.55,420.87,419.67,419.67,366,9,0,0.09
2026-06-05 20:15:00,419.7,419.7,417.71,418.03,473,11,0,0.11
2026-06-05 20:20:00,418.1,418.86,418.03,418.61,352,12,0,0.12
2026-06-05 20:25:00,418.59,418.75,418.07,418.19,335,10,0,0.1
2026-06-05 20:30:00,418.2,418.28,417.2,417.72,437,10,0,0.1
2026-06-05 20:35:00,417.65,417.77,417.18,417.46,441,9,0,0.09
2026-06-05 20:40:00,417.48,417.97,416.95,416.97,407,11,0,0.11
2026-06-05 20:45:00,416.95,417.1,416.4,417.1,380,11,0,0.11
2026-06-05 20:50:00,417.1,417.31,416.79,416.84,325,10,0,0.1
2026-06-05 20:55:00,416.89,417.59,416.74,416.96,365,10,0,0.1
2026-06-05 21:00:00,416.98,417.33,416.5,416.55,319,11,0,0.11
2026-06-05 21:05:00,416.57,416.74,415.86,416.22,419,10,0,0.1
2026-06-05 21:10:00,416.24,416.36,415.49,415.56,429,9,0,0.09
2026-06-05 21:15:00,415.51,415.58,414.3,414.57,521,9,0,0.09
2026-06-05 21:20:00,414.64,415.37,414.36,415.01,424,10,0,0.1
2026-06-05 21:25:00,414.99,416.4,414.99,416.3,370,10,0,0.1
2026-06-05 21:30:00,416.29,416.69,415.97,416.6,423,9,0,0.09
2026-06-05 21:35:00,416.56,417.15,416.21,417.07,439,9,0,0.09
2026-06-05 21:40:00,416.97,417.25,416.05,416.48,388,9,0,0.09
2026-06-05 21:45:00,416.25,417.09,416.02,416.91,451,9,0,0.09
2026-06-05 21:50:00,416.58,417.43,416.16,417.4,549,9,0,0.09
2026-06-05 21:55:00,417.23,417.36,416.29,416.62,785,9,0,0.09
2026-06-08 15:30:00,416.42,416.9,411.24,411.42,553,10,0,0.1
2026-06-08 15:35:00,411.45,413.44,411.25,412.28,591,10,0,0.1
2026-06-08 15:40:00,412.26,413.12,411.96,412.94,487,11,0,0.11
2026-06-08 15:45:00,412.94,413.74,412.0,412.11,536,11,0,0.11
2026-06-08 15:50:00,412.11,413.37,412.11,413.13,407,11,0,0.11
2026-06-08 15:55:00,413.12,413.16,411.69,412.34,481,9,0,0.09
2026-06-08 16:00:00,412.36,412.53,411.67,412.3,534,10,0,0.1
2026-06-08 16:05:00,412.3,412.62,411.25,412.19,431,11,0,0.11
2026-06-08 16:10:00,412.2,412.5,411.41,412.16,441,9,0,0.09
2026-06-08 16:15:00,412.15,412.85,411.97,412.12,376,10,0,0.1
2026-06-08 16:20:00,412.1,413.12,411.96,412.64,391,10,0,0.1
2026-06-08 16:25:00,412.5,413.25,411.92,412.56,306,11,0,0.11
2026-06-08 16:30:00,412.56,413.39,412.54,412.69,335,10,0,0.1
2026-06-08 16:35:00,412.65,413.45,412.46,412.75,322,11,0,0.11
2026-06-08 16:40:00,412.75,413.04,411.81,412.18,322,9,0,0.09
2026-06-08 16:45:00,412.21,413.35,412.2,412.32,344,10,0,0.1
2026-06-08 16:50:00,412.32,412.78,411.75,412.16,270,11,0,0.11
2026-06-08 16:55:00,412.27,412.9,412.13,412.47,259,10,0,0.1
2026-06-08 17:00:00,412.5,413.44,412.25,412.8,296,10,0,0.1
2026-06-08 17:05:00,412.76,413.14,412.47,412.8,304,9,0,0.09
2026-06-08 17:10:00,412.8,412.88,412.47,412.79,273,10,0,0.1
2026-06-08 17:15:00,412.82,412.98,412.07,412.27,288,9,0,0.09
2026-06-08 17:20:00,412.28,412.57,412.1,412.39,263,9,0,0.09
2026-06-08 17:25:00,412.37,412.42,411.27,411.29,326,10,0,0.1
2026-06-08 17:30:00,411.31,411.36,410.17,410.41,435,10,0,0.1
2026-06-08 17:35:00,410.33,411.35,410.33,411.33,307,10,0,0.1
2026-06-08 17:40:00,411.33,411.51,410.95,411.15,268,10,0,0.1
2026-06-08 17:45:00,411.15,411.31,410.67,410.82,310,10,0,0.1
2026-06-08 17:50:00,410.85,411.29,410.73,410.98,290,10,0,0.1
2026-06-08 17:55:00,410.99,410.99,410.25,410.33,335,9,0,0.09
2026-06-08 18:00:00,410.31,410.41,409.86,410.02,299,10,0,0.1
2026-06-08 18:05:00,410.02,410.39,409.7,410.05,307,9,0,0.09
2026-06-08 18:10:00,410.06,410.4,409.95,410.15,244,10,0,0.1
2026-06-08 18:15:00,410.18,410.9,410.15,410.83,283,9,0,0.09
2026-06-08 18:20:00,410.79,410.9,410.2,410.39,272,10,0,0.1
2026-06-08 18:25:00,410.41,411.07,410.35,410.39,297,10,0,0.1
2026-06-08 18:30:00,410.46,410.69,409.76,409.81,271,9,0,0.09
2026-06-08 18:35:00,409.83,410.23,409.65,409.84,336,10,0,0.1
2026-06-08 18:40:00,409.87,410.12,409.59,409.83,277,11,0,0.11
2026-06-08 18:45:00,409.83,410.31,409.83,410.01,255,10,0,0.1
2026-06-08 18:50:00,410.01,410.07,409.6,409.87,252,10,0,0.1
2026-06-08 18:55:00,409.89,409.93,409.41,409.41,234,9,0,0.09
2026-06-08 19:00:00,409.41,409.42,408.62,408.86,371,9,0,0.09
2026-06-08 19:05:00,408.84,409.29,408.77,408.86,279,10,0,0.1
2026-06-08 19:10:00,408.89,409.17,408.51,409.13,262,10,0,0.1
2026-06-08 19:15:00,409.15,409.24,408.78,409.11,242,10,0,0.1
2026-06-08 19:20:00,409.0,409.14,408.61,408.85,206,10,0,0.1
2026-06-08 19:25:00,408.83,409.98,408.73,409.88,281,9,0,0.09
2026-06-08 19:30:00,409.92,410.2,409.51,410.01,310,9,0,0.09
2026-06-08 19:35:00,410.01,410.17,409.53,410.07,252,10,0,0.1
2026-06-08 19:40:00,410.12,410.58,410.06,410.08,250,10,0,0.1
2026-06-08 19:45:00,410.13,411.06,409.83,411.06,239,10,0,0.1
2026-06-08 19:50:00,411.08,411.57,410.99,411.44,254,10,0,0.1
2026-06-08 19:55:00,411.49,411.73,410.99,411.07,229,9,0,0.09
2026-06-08 20:00:00,411.18,411.86,411.03,411.82,233,9,0,0.09
2026-06-08 20:05:00,411.8,412.67,411.8,412.56,289,10,0,0.1
2026-06-08 20:10:00,412.54,412.67,412.15,412.22,262,10,0,0.1
2026-06-08 20:15:00,412.24,412.47,412.0,412.06,219,10,0,0.1
2026-06-08 20:20:00,412.1,412.41,412.02,412.23,202,10,0,0.1
2026-06-08 20:25:00,412.23,412.52,412.14,412.19,239,10,0,0.1
2026-06-08 20:30:00,412.17,412.33,411.78,411.87,249,10,0,0.1
2026-06-08 20:35:00,411.87,412.41,411.84,411.84,190,10,0,0.1
2026-06-08 20:40:00,411.86,412.53,411.77,412.3,160,10,0,0.1
2026-06-08 20:45:00,412.3,412.48,412.17,412.38,163,10,0,0.1
2026-06-08 20:50:00,412.38,412.91,412.36,412.89,194,10,0,0.1
2026-06-08 20:55:00,412.93,412.94,412.6,412.7,217,9,0,0.09
2026-06-08 21:00:00,412.72,412.72,412.4,412.42,206,10,0,0.1
2026-06-08 21:05:00,412.46,412.66,412.29,412.31,193,9,0,0.09
2026-06-08 21:10:00,412.29,412.31,411.83,411.94,243,10,0,0.1
2026-06-08 21:15:00,411.88,412.0,411.63,411.87,243,9,0,0.09
2026-06-08 21:20:00,411.88,412.29,411.75,411.85,251,10,0,0.1
2026-06-08 21:25:00,411.83,412.22,411.56,412.21,246,9,0,0.09
2026-06-08 21:30:00,412.2,412.6,412.11,412.34,246,10,0,0.1
2026-06-08 21:35:00,412.32,412.47,412.14,412.31,219,10,0,0.1
2026-06-08 21:40:00,412.34,412.75,412.14,412.67,265,10,0,0.1
2026-06-08 21:45:00,412.69,413.1,412.64,412.8,309,10,0,0.1
2026-06-08 21:50:00,412.81,413.04,411.46,411.48,380,9,0,0.09
2026-06-08 21:55:00,411.48,411.94,411.06,411.74,593,9,0,0.09
2026-06-09 15:30:00,407.58,409.1,407.28,408.73,563,12,0,0.12
2026-06-09 15:35:00,408.73,410.4,408.14,408.56,654,12,0,0.12
2026-06-09 15:40:00,408.47,410.5,408.15,409.48,596,11,0,0.11
2026-06-09 15:45:00,409.7,410.81,409.42,410.56,507,12,0,0.12
2026-06-09 15:50:00,410.54,411.85,410.47,410.58,589,10,0,0.1
2026-06-09 15:55:00,410.58,411.51,410.24,410.87,451,11,0,0.11
2026-06-09 16:00:00,410.84,411.18,410.37,411.09,401,10,0,0.1
2026-06-09 16:05:00,411.23,411.81,410.56,411.47,369,12,0,0.12
2026-06-09 16:10:00,411.48,411.67,409.45,409.79,434,10,0,0.1
2026-06-09 16:15:00,409.81,410.15,408.65,409.24,444,10,0,0.1
2026-06-09 16:20:00,409.18,409.94,408.87,409.69,395,10,0,0.1
2026-06-09 16:25:00,409.56,410.28,409.02,409.4,413,10,0,0.1
2026-06-09 16:30:00,409.42,409.86,409.13,409.42,352,10,0,0.1
2026-06-09 16:35:00,409.35,409.52,408.96,409.29,373,12,0,0.12
2026-06-09 16:40:00,409.29,409.54,408.31,408.37,321,10,0,0.1
2026-06-09 16:45:00,408.4,408.4,405.96,406.09,498,9,0,0.09
2026-06-09 16:50:00,406.05,406.85,405.79,406.78,463,10,0,0.1
2026-06-09 16:55:00,406.79,407.8,406.66,407.61,394,11,0,0.11
2026-06-09 17:00:00,407.61,407.96,406.78,406.78,355,11,0,0.11
2026-06-09 17:05:00,406.89,407.33,406.45,407.33,365,10,0,0.1
2026-06-09 17:10:00,407.11,407.64,406.49,406.62,311,10,0,0.1
2026-06-09 17:15:00,406.62,406.68,406.08,406.26,317,10,0,0.1
2026-06-09 17:20:00,406.2,406.36,405.31,405.35,299,9,0,0.09
2026-06-09 17:25:00,405.37,405.55,403.45,403.63,480,9,0,0.09
2026-06-09 17:30:00,403.65,403.78,402.94,403.08,391,11,0,0.11
2026-06-09 17:35:00,403.16,403.25,402.61,403.01,381,10,0,0.1
2026-06-09 17:40:00,403.01,403.35,402.73,402.82,362,10,0,0.1
2026-06-09 17:45:00,402.82,403.11,402.6,402.87,350,10,0,0.1
2026-06-09 17:50:00,402.85,403.43,402.59,402.59,345,11,0,0.11
2026-06-09 17:55:00,402.61,402.7,401.61,401.7,431,9,0,0.09
2026-06-09 18:00:00,401.72,402.61,401.7,402.16,333,9,0,0.09
2026-06-09 18:05:00,402.16,402.26,401.55,401.8,492,10,0,0.1
2026-06-09 18:10:00,401.79,402.83,401.55,402.52,395,11,0,0.11
2026-06-09 18:15:00,402.45,402.51,400.58,400.88,443,12,0,0.12
2026-06-09 18:20:00,400.88,401.45,400.28,401.29,467,11,0,0.11
2026-06-09 18:25:00,401.29,401.72,400.85,401.0,396,10,0,0.1
2026-06-09 18:30:00,401.0,401.76,400.5,401.25,383,12,0,0.12
2026-06-09 18:35:00,401.27,401.4,398.45,398.81,526,10,0,0.1
2026-06-09 18:40:00,398.86,399.44,398.35,399.3,525,11,0,0.11
2026-06-09 18:45:00,399.32,399.91,398.83,399.27,474,9,0,0.09
2026-06-09 18:50:00,399.23,399.49,398.68,398.83,438,12,0,0.12
2026-06-09 18:55:00,398.83,400.13,398.75,400.04,463,9,0,0.09
2026-06-09 19:00:00,400.15,401.11,399.95,401.03,454,10,0,0.1
2026-06-09 19:05:00,401.06,401.06,400.16,400.74,345,11,0,0.11
2026-06-09 19:10:00,400.75,401.53,400.25,401.28,386,11,0,0.11
2026-06-09 19:15:00,401.27,401.83,400.71,401.51,359,10,0,0.1
2026-06-09 19:20:00,401.53,402.02,400.97,401.4,368,9,0,0.09
2026-06-09 19:25:00,401.4,401.76,401.19,401.6,289,10,0,0.1
2026-06-09 19:30:00,401.58,402.51,401.46,402.47,363,10,0,0.1
2026-06-09 19:35:00,402.49,402.85,402.18,402.61,346,11,0,0.11
2026-06-09 19:40:00,402.67,403.1,402.29,402.55,341,10,0,0.1
2026-06-09 19:45:00,402.63,402.75,402.14,402.26,395,9,0,0.09
2026-06-09 19:50:00,402.17,403.09,402.17,403.09,372,10,0,0.1
2026-06-09 19:55:00,403.1,403.24,402.71,402.73,281,9,0,0.09
2026-06-09 20:00:00,402.78,403.55,402.7,403.33,385,9,0,0.09
2026-06-09 20:05:00,403.35,403.75,403.14,403.56,324,9,0,0.09
2026-06-09 20:10:00,403.54,403.54,402.86,403.16,308,9,0,0.09
2026-06-09 20:15:00,403.1,403.66,402.71,403.53,300,9,0,0.09
2026-06-09 20:20:00,403.53,403.88,403.14,403.69,268,10,0,0.1
2026-06-09 20:25:00,403.71,403.71,403.14,403.54,290,10,0,0.1
2026-06-09 20:30:00,403.56,404.13,403.23,403.61,317,9,0,0.09
2026-06-09 20:35:00,403.61,404.03,403.42,403.83,268,10,0,0.1
2026-06-09 20:40:00,403.81,403.81,402.81,402.83,303,9,0,0.09
2026-06-09 20:45:00,402.84,403.71,402.82,403.58,274,10,0,0.1
2026-06-09 20:50:00,403.56,403.96,403.56,403.74,251,10,0,0.1
2026-06-09 20:55:00,403.73,404.29,403.71,403.84,335,10,0,0.1
2026-06-09 21:00:00,403.82,404.18,403.41,404.1,328,9,0,0.09
2026-06-09 21:05:00,404.08,404.39,403.72,403.77,326,9,0,0.09
2026-06-09 21:10:00,403.79,404.0,403.45,403.52,304,9,0,0.09
2026-06-09 21:15:00,403.57,403.68,402.91,403.37,388,11,0,0.11
2026-06-09 21:20:00,403.34,403.58,402.95,403.21,347,10,0,0.1
2026-06-09 21:25:00,403.23,403.31,402.33,402.64,319,9,0,0.09
2026-06-09 21:30:00,402.69,402.69,401.95,402.33,296,9,0,0.09
2026-06-09 21:35:00,402.38,402.58,401.97,402.03,289,9,0,0.09
2026-06-09 21:40:00,402.05,402.54,401.7,402.15,392,9,0,0.09
2026-06-09 21:45:00,402.11,402.37,401.4,401.4,397,9,0,0.09
2026-06-09 21:50:00,401.47,404.12,401.47,403.47,566,9,0,0.09
2026-06-09 21:55:00,403.45,403.95,403.16,403.24,738,9,0,0.09
2026-06-10 15:30:00,400.38,400.83,397.16,397.99,605,12,0,0.12
2026-06-10 15:35:00,398.01,400.97,397.91,400.92,607,13,0,0.13
2026-06-10 15:40:00,400.81,402.75,400.65,402.18,625,12,0,0.12
2026-06-10 15:45:00,402.19,404.39,401.28,404.0,579,10,0,0.1
2026-06-10 15:50:00,404.0,404.0,402.21,403.21,598,11,0,0.11
2026-06-10 15:55:00,403.21,404.8,403.01,404.61,630,11,0,0.11
2026-06-10 16:00:00,404.64,404.91,403.35,403.67,563,10,0,0.1
2026-06-10 16:05:00,403.64,403.64,402.22,403.16,512,11,0,0.11
2026-06-10 16:10:00,403.16,403.54,402.39,402.59,511,9,0,0.09
2026-06-10 16:15:00,402.59,403.19,402.15,402.47,452,10,0,0.1
2026-06-10 16:20:00,402.49,403.49,402.45,403.45,462,10,0,0.1
2026-06-10 16:25:00,403.46,403.58,402.35,402.85,435,10,0,0.1
2026-06-10 16:30:00,402.83,403.46,402.58,403.14,384,10,0,0.1
2026-06-10 16:35:00,403.15,403.16,401.76,402.1,384,9,0,0.09
2026-06-10 16:40:00,402.1,402.89,401.95,401.95,334,10,0,0.1
2026-06-10 16:45:00,401.97,402.99,401.7,402.22,440,10,0,0.1
2026-06-10 16:50:00,402.22,402.75,401.95,402.52,462,9,0,0.09
2026-06-10 16:55:00,402.65,402.71,401.5,402.36,480,9,0,0.09
2026-06-10 17:00:00,402.57,403.38,401.65,402.89,380,11,0,0.11
2026-06-10 17:05:00,402.91,402.91,402.13,402.64,392,10,0,0.1
2026-06-10 17:10:00,402.66,402.78,401.65,401.81,407,11,0,0.11
2026-06-10 17:15:00,401.79,402.0,401.31,401.84,382,11,0,0.11
2026-06-10 17:20:00,401.77,402.49,401.68,401.95,368,11,0,0.11
2026-06-10 17:25:00,401.97,402.2,401.37,401.56,405,10,0,0.1
2026-06-10 17:30:00,401.56,402.13,401.17,401.55,411,10,0,0.1
2026-06-10 17:35:00,401.55,402.0,400.99,401.61,377,10,0,0.1
2026-06-10 17:40:00,401.65,403.23,401.47,403.11,329,11,0,0.11
2026-06-10 17:45:00,403.05,403.66,401.02,401.83,594,9,0,0.09
2026-06-10 17:50:00,401.83,402.66,401.26,402.3,549,9,0,0.09
2026-06-10 17:55:00,402.28,403.01,401.85,402.58,363,12,0,0.12
2026-06-10 18:00:00,402.42,403.17,401.98,402.22,359,10,0,0.1
2026-06-10 18:05:00,402.17,402.6,401.95,402.21,334,11,0,0.11
2026-06-10 18:10:00,402.23,402.23,401.46,401.73,344,10,0,0.1
2026-06-10 18:15:00,401.73,402.61,401.61,402.58,351,11,0,0.11
2026-06-10 18:20:00,402.63,402.91,402.47,402.53,329,11,0,0.11
2026-06-10 18:25:00,402.53,402.93,402.47,402.59,304,10,0,0.1
2026-06-10 18:30:00,402.57,402.93,402.28,402.87,319,10,0,0.1
2026-06-10 18:35:00,402.9,403.54,402.71,403.46,391,11,0,0.11
2026-06-10 18:40:00,403.44,403.75,402.68,403.21,383,9,0,0.09
2026-06-10 18:45:00,403.21,403.21,402.37,402.75,344,10,0,0.1
2026-06-10 18:50:00,402.74,403.35,402.56,403.13,284,10,0,0.1
2026-06-10 18:55:00,403.11,403.11,402.55,402.96,290,11,0,0.11
2026-06-10 19:00:00,402.96,403.55,402.81,403.35,291,10,0,0.1
2026-06-10 19:05:00,403.35,403.37,402.65,402.73,326,10,0,0.1
2026-06-10 19:10:00,402.71,402.85,402.19,402.53,271,10,0,0.1
2026-06-10 19:15:00,402.53,402.67,401.83,401.89,260,11,0,0.11
2026-06-10 19:20:00,401.91,402.12,401.71,401.84,254,11,0,0.11
2026-06-10 19:25:00,401.82,402.05,401.47,401.66,268,10,0,0.1
2026-06-10 19:30:00,401.67,401.67,400.64,400.64,384,10,0,0.1
2026-06-10 19:35:00,400.7,400.75,400.26,400.34,309,10,0,0.1
2026-06-10 19:40:00,400.34,400.69,400.32,400.53,269,10,0,0.1
2026-06-10 19:45:00,400.52,401.7,400.42,401.63,394,11,0,0.11
2026-06-10 19:50:00,401.56,401.67,400.83,401.54,325,11,0,0.11
2026-06-10 19:55:00,401.54,401.89,401.31,401.67,262,11,0,0.11
2026-06-10 20:00:00,401.68,401.94,401.46,401.79,298,12,0,0.12
2026-06-10 20:05:00,401.94,402.09,401.65,401.67,279,11,0,0.11
2026-06-10 20:10:00,401.65,401.86,401.45,401.53,220,11,0,0.11
2026-06-10 20:15:00,401.49,401.74,400.79,401.21,264,11,0,0.11
2026-06-10 20:20:00,401.22,401.44,401.02,401.17,287,10,0,0.1
2026-06-10 20:25:00,401.2,401.36,400.95,401.08,326,10,0,0.1
2026-06-10 20:30:00,401.02,401.02,400.57,400.62,299,9,0,0.09
2026-06-10 20:35:00,400.62,400.62,400.1,400.35,343,9,0,0.09
2026-06-10 20:40:00,400.33,400.67,400.27,400.64,304,10,0,0.1
2026-06-10 20:45:00,400.51,400.67,400.27,400.46,246,10,0,0.1
2026-06-10 20:50:00,400.39,400.62,399.95,400.45,333,10,0,0.1
2026-06-10 20:55:00,400.37,400.37,399.69,399.98,344,9,0,0.09
2026-06-10 21:00:00,399.97,400.07,399.61,399.72,367,9,0,0.09
2026-06-10 21:05:00,399.71,400.18,399.53,400.0,350,10,0,0.1
2026-06-10 21:10:00,400.0,400.15,399.61,399.68,302,10,0,0.1
2026-06-10 21:15:00,399.67,399.78,399.34,399.36,351,10,0,0.1
2026-06-10 21:20:00,399.36,399.5,398.98,398.98,362,10,0,0.1
2026-06-10 21:25:00,399.0,399.12,398.16,398.25,296,9,0,0.09
2026-06-10 21:30:00,398.25,398.85,398.03,398.85,367,9,0,0.09
2026-06-10 21:35:00,398.85,399.23,398.67,399.1,324,9,0,0.09
2026-06-10 21:40:00,399.12,399.23,398.5,399.02,395,9,0,0.09
2026-06-10 21:45:00,398.79,398.91,397.88,398.19,465,9,0,0.09
2026-06-10 21:50:00,398.11,398.26,397.25,398.21,546,10,0,0.1
2026-06-10 21:55:00,398.17,398.88,397.33,397.38,720,9,0,0.09
2026-06-11 15:30:00,395.12,395.12,390.53,391.14,763,12,0,0.12
2026-06-11 15:35:00,391.16,393.09,389.3,389.36,713,10,0,0.1
2026-06-11 15:40:00,389.4,389.97,388.35,389.48,736,9,0,0.09
2026-06-11 15:45:00,389.48,390.78,389.17,390.48,691,11,0,0.11
2026-06-11 15:50:00,390.46,392.93,390.37,392.37,649,12,0,0.12
2026-06-11 15:55:00,392.37,392.73,391.18,391.43,605,12,0,0.12
2026-06-11 16:00:00,391.22,393.38,391.22,392.87,519,9,0,0.09
2026-06-11 16:05:00,392.92,393.04,391.45,391.47,422,9,0,0.09
2026-06-11 16:10:00,391.54,391.6,389.15,389.19,618,10,0,0.1
2026-06-11 16:15:00,389.22,389.78,388.19,388.58,551,9,0,0.09
2026-06-11 16:20:00,388.43,389.79,388.43,389.69,517,11,0,0.11
2026-06-11 16:25:00,389.69,389.89,388.65,389.61,513,9,0,0.09
2026-06-11 16:30:00,389.67,390.1,389.16,389.83,448,10,0,0.1
2026-06-11 16:35:00,389.81,391.22,389.81,390.42,484,10,0,0.1
2026-06-11 16:40:00,390.4,391.01,390.15,390.28,429,11,0,0.11
2026-06-11 16:45:00,390.28,390.49,388.83,388.83,426,9,0,0.09
2026-06-11 16:50:00,388.85,388.85,387.62,387.83,499,10,0,0.1
2026-06-11 16:55:00,387.83,387.89,386.57,387.04,518,9,0,0.09
2026-06-11 17:00:00,387.02,387.82,386.05,387.68,497,9,0,0.09
2026-06-11 17:05:00,387.74,388.85,387.45,388.41,451,11,0,0.11
2026-06-11 17:10:00,388.41,388.87,387.09,387.47,447,10,0,0.1
2026-06-11 17:15:00,387.39,388.85,387.3,388.51,453,11,0,0.11
2026-06-11 17:20:00,388.51,389.16,388.21,388.71,425,10,0,0.1
2026-06-11 17:25:00,388.7,388.76,387.82,387.82,402,9,0,0.09
2026-06-11 17:30:00,387.86,388.09,387.5,387.93,425,10,0,0.1
2026-06-11 17:35:00,387.92,388.3,387.58,388.0,394,11,0,0.11
2026-06-11 17:40:00,387.97,388.23,386.45,386.64,403,10,0,0.1
2026-06-11 17:45:00,386.69,387.21,386.06,386.49,440,11,0,0.11
2026-06-11 17:50:00,386.5,386.62,386.06,386.28,420,10,0,0.1
2026-06-11 17:55:00,386.3,386.69,386.1,386.35,479,10,0,0.1
2026-06-11 18:00:00,386.37,386.96,386.2,386.65,449,9,0,0.09
2026-06-11 18:05:00,386.69,388.08,386.69,387.76,367,11,0,0.11
2026-06-11 18:10:00,387.76,389.21,387.76,389.08,449,9,0,0.09
2026-06-11 18:15:00,389.01,389.07,388.2,388.32,385,9,0,0.09
2026-06-11 18:20:00,388.3,388.73,387.55,387.9,399,10,0,0.1
2026-06-11 18:25:00,387.93,388.24,387.59,387.81,329,10,0,0.1
2026-06-11 18:30:00,387.81,388.52,387.33,388.41,477,10,0,0.1
2026-06-11 18:35:00,388.42,388.59,387.95,388.18,328,11,0,0.11
2026-06-11 18:40:00,388.18,388.24,387.4,387.52,295,9,0,0.09
2026-06-11 18:45:00,387.54,387.71,386.76,386.83,336,9,0,0.09
2026-06-11 18:50:00,386.86,386.91,386.18,386.23,403,9,0,0.09
2026-06-11 18:55:00,386.21,386.29,385.95,386.15,431,9,0,0.09
2026-06-11 19:00:00,386.15,386.23,385.16,385.22,434,9,0,0.09
2026-06-11 19:05:00,385.19,385.59,384.75,385.1,437,10,0,0.1
2026-06-11 19:10:00,385.18,385.37,384.54,385.04,364,10,0,0.1
2026-06-11 19:15:00,385.07,385.23,384.2,384.32,413,9,0,0.09
2026-06-11 19:20:00,384.35,384.75,383.95,384.52,431,10,0,0.1
2026-06-11 19:25:00,384.54,387.55,384.49,387.21,504,10,0,0.1
2026-06-11 19:30:00,387.58,389.11,387.01,388.36,690,11,0,0.11
2026-06-11 19:35:00,388.36,388.74,387.58,388.2,454,11,0,0.11
2026-06-11 19:40:00,388.4,389.68,388.09,389.42,508,11,0,0.11
2026-06-11 19:45:00,389.38,389.51,387.3,387.4,461,11,0,0.11
2026-06-11 19:50:00,387.36,387.71,386.76,387.42,445,10,0,0.1
2026-06-11 19:55:00,387.38,388.7,387.14,388.69,413,10,0,0.1
2026-06-11 20:00:00,388.67,388.94,387.45,387.75,444,9,0,0.09
2026-06-11 20:05:00,387.7,388.63,387.48,388.19,459,9,0,0.09
2026-06-11 20:10:00,388.21,388.67,387.95,388.16,396,10,0,0.1
2026-06-11 20:15:00,388.05,389.14,387.98,388.91,338,9,0,0.09
2026-06-11 20:20:00,388.84,389.01,388.11,388.3,469,11,0,0.11
2026-06-11 20:25:00,388.29,388.87,388.23,388.73,378,11,0,0.11
2026-06-11 20:30:00,388.79,389.06,388.2,388.36,343,9,0,0.09
2026-06-11 20:35:00,388.37,388.5,387.46,387.58,375,10,0,0.1
2026-06-11 20:40:00,387.54,387.86,387.45,387.67,378,10,0,0.1
2026-06-11 20:45:00,387.67,388.27,387.64,387.92,320,10,0,0.1
2026-06-11 20:50:00,387.95,388.1,387.5,387.74,330,9,0,0.09
2026-06-11 20:55:00,387.68,387.76,387.05,387.27,378,9,0,0.09
2026-06-11 21:00:00,387.27,387.46,386.96,387.19,368,9,0,0.09
2026-06-11 21:05:00,387.17,387.27,386.52,386.75,348,9,0,0.09
2026-06-11 21:10:00,386.81,387.6,386.79,387.31,371,10,0,0.1
2026-06-11 21:15:00,387.29,387.44,387.09,387.34,374,9,0,0.09
2026-06-11 21:20:00,387.31,387.4,387.03,387.2,371,9,0,0.09
2026-06-11 21:25:00,387.19,387.65,387.05,387.17,371,9,0,0.09
2026-06-11 21:30:00,387.2,388.7,386.99,388.62,498,10,0,0.1
2026-06-11 21:35:00,388.62,389.04,387.44,388.35,493,10,0,0.1
2026-06-11 21:40:00,388.27,389.82,388.14,389.77,471,9,0,0.09
2026-06-11 21:45:00,389.76,390.01,389.03,389.4,508,9,0,0.09
2026-06-11 21:50:00,389.4,391.22,389.39,390.47,682,9,0,0.09
2026-06-11 21:55:00,390.47,390.74,389.76,390.22,1033,9,0,0.09
2026-06-12 15:30:00,387.35,388.54,383.24,383.3,739,10,0,0.1
2026-06-12 15:35:00,383.32,384.94,382.99,384.44,918,11,0,0.11
2026-06-12 15:40:00,384.42,384.54,382.45,382.49,838,11,0,0.11
2026-06-12 15:45:00,382.45,384.39,382.43,383.22,768,11,0,0.11
2026-06-12 15:50:00,383.23,383.46,382.16,382.85,664,10,0,0.1
2026-06-12 15:55:00,382.93,383.81,382.87,383.49,598,12,0,0.12
2026-06-12 16:00:00,383.49,383.59,382.58,382.63,644,9,0,0.09
2026-06-12 16:05:00,382.63,384.23,382.29,384.23,682,9,0,0.09
2026-06-12 16:10:00,384.25,384.89,383.84,384.04,564,9,0,0.09
2026-06-12 16:15:00,384.04,385.2,383.97,384.03,543,10,0,0.1
2026-06-12 16:20:00,384.03,384.6,383.38,383.79,503,11,0,0.11
2026-06-12 16:25:00,383.95,384.57,383.72,384.04,455,10,0,0.1
2026-06-12 16:30:00,384.04,384.94,384.03,384.33,507,10,0,0.1
2026-06-12 16:35:00,384.24,385.82,384.11,385.73,551,9,0,0.09
2026-06-12 16:40:00,385.73,385.9,384.02,384.04,444,10,0,0.1
2026-06-12 16:45:00,384.04,385.04,383.94,384.25,464,10,0,0.1
2026-06-12 16:50:00,384.25,386.96,384.07,386.84,647,10,0,0.1
2026-06-12 16:55:00,386.95,388.71,386.76,388.71,617,10,0,0.1
2026-06-12 17:00:00,388.78,389.08,388.1,388.34,498,9,0,0.09
2026-06-12 17:05:00,388.32,389.17,388.04,389.04,521,11,0,0.11
2026-06-12 17:10:00,389.04,389.9,389.02,389.6,492,10,0,0.1
2026-06-12 17:15:00,389.59,389.74,389.14,389.45,402,10,0,0.1
2026-06-12 17:20:00,389.41,389.83,389.26,389.42,428,10,0,0.1
2026-06-12 17:25:00,389.35,389.81,388.76,388.78,433,11,0,0.11
2026-06-12 17:30:00,388.83,389.0,387.46,387.57,420,9,0,0.09
2026-06-12 17:35:00,387.69,388.19,386.75,387.24,593,11,0,0.11
2026-06-12 17:40:00,387.24,387.56,386.97,387.09,395,10,0,0.1
2026-06-12 17:45:00,387.11,387.51,386.69,386.69,435,11,0,0.11
2026-06-12 17:50:00,386.69,387.72,386.55,387.54,470,9,0,0.09
2026-06-12 17:55:00,387.66,387.74,386.97,387.11,456,10,0,0.1
2026-06-12 18:00:00,387.13,387.37,386.62,386.87,566,10,0,0.1
2026-06-12 18:05:00,386.79,387.63,386.49,387.44,407,11,0,0.11
2026-06-12 18:10:00,387.44,388.22,386.67,387.54,491,11,0,0.11
2026-06-12 18:15:00,387.53,388.2,387.33,387.38,415,10,0,0.1
2026-06-12 18:20:00,387.41,387.91,387.15,387.9,464,9,0,0.09
2026-06-12 18:25:00,387.9,388.41,387.82,387.82,373,10,0,0.1
2026-06-12 18:30:00,387.82,387.92,387.38,387.63,368,10,0,0.1
2026-06-12 18:35:00,387.61,387.82,387.16,387.47,369,9,0,0.09
2026-06-12 18:40:00,387.49,388.3,387.35,387.45,350,10,0,0.1
2026-06-12 18:45:00,387.52,387.79,387.3,387.3,344,10,0,0.1
2026-06-12 18:50:00,387.32,387.44,386.91,387.17,307,11,0,0.11
2026-06-12 18:55:00,387.2,387.81,387.05,387.74,299,10,0,0.1
2026-06-12 19:00:00,387.76,388.3,387.68,388.21,356,10,0,0.1
2026-06-12 19:05:00,388.22,388.76,388.03,388.15,437,9,0,0.09
2026-06-12 19:10:00,388.1,388.24,387.52,388.0,313,9,0,0.09
2026-06-12 19:15:00,387.98,388.24,387.86,387.93,292,9,0,0.09
2026-06-12 19:20:00,387.93,388.34,387.78,387.8,259,9,0,0.09
2026-06-12 19:25:00,387.8,388.22,387.7,388.1,280,9,0,0.09
2026-06-12 19:30:00,388.15,388.19,387.33,387.44,242,9,0,0.09
2026-06-12 19:35:00,387.46,387.74,387.09,387.1,312,10,0,0.1
2026-06-12 19:40:00,387.06,387.21,386.46,386.68,326,9,0,0.09
2026-06-12 19:45:00,386.62,387.04,386.62,386.78,266,9,0,0.09
2026-06-12 19:50:00,386.78,387.19,386.73,387.0,246,10,0,0.1
2026-06-12 19:55:00,387.02,387.08,386.62,386.69,288,9,0,0.09
2026-06-12 20:00:00,386.69,387.2,386.58,387.03,252,9,0,0.09
2026-06-12 20:05:00,387.07,387.33,386.75,387.21,273,9,0,0.09
2026-06-12 20:10:00,387.12,387.71,386.82,387.1,327,10,0,0.1
2026-06-12 20:15:00,387.13,387.37,386.95,387.2,253,10,0,0.1
2026-06-12 20:20:00,387.22,387.31,386.95,387.31,271,9,0,0.09
2026-06-12 20:25:00,387.2,387.59,387.2,387.47,258,10,0,0.1
2026-06-12 20:30:00,387.45,388.13,387.32,387.77,334,10,0,0.1
2026-06-12 20:35:00,387.77,388.2,387.65,387.85,276,9,0,0.09
2026-06-12 20:40:00,387.87,388.72,387.85,388.72,260,9,0,0.09
2026-06-12 20:45:00,388.68,388.78,388.38,388.55,272,9,0,0.09
2026-06-12 20:50:00,388.55,388.72,387.95,388.61,245,9,0,0.09
2026-06-12 20:55:00,388.65,389.07,388.45,388.58,299,10,0,0.1
2026-06-12 21:00:00,388.52,388.81,387.95,388.75,256,10,0,0.1
2026-06-12 21:05:00,388.72,389.09,388.57,388.88,247,9,0,0.09
2026-06-12 21:10:00,388.91,389.19,388.75,389.17,228,9,0,0.09
2026-06-12 21:15:00,389.21,389.3,388.62,389.17,288,9,0,0.09
2026-06-12 21:20:00,389.17,389.55,389.15,389.35,272,10,0,0.1
2026-06-12 21:25:00,389.35,389.66,389.25,389.34,307,9,0,0.09
2026-06-12 21:30:00,389.34,389.54,388.97,389.12,330,9,0,0.09
2026-06-12 21:35:00,389.04,389.66,388.96,389.46,384,9,0,0.09
2026-06-12 21:40:00,389.52,389.94,389.35,389.83,358,9,0,0.09
2026-06-12 21:45:00,389.79,390.39,389.59,390.23,361,9,0,0.09
2026-06-12 21:50:00,390.27,390.41,389.2,389.78,444,9,0,0.09
2026-06-12 21:55:00,389.76,390.88,389.76,390.54,666,9,0,0.09
2026-06-15 15:30:00,394.41,395.92,391.96,395.82,570,13,0,0.13
2026-06-15 15:35:00,395.83,397.02,394.81,396.9,561,11,0,0.11
2026-06-15 15:40:00,396.88,397.43,395.95,396.23,593,10,0,0.1
2026-06-15 15:45:00,396.23,397.38,395.68,397.19,577,10,0,0.1
2026-06-15 15:50:00,397.2,397.68,396.25,397.18,511,9,0,0.09
2026-06-15 15:55:00,397.18,398.52,396.54,398.1,514,9,0,0.09
2026-06-15 16:00:00,398.24,398.75,397.96,398.68,555,10,0,0.1
2026-06-15 16:05:00,398.6,399.51,398.38,399.18,521,9,0,0.09
2026-06-15 16:10:00,399.22,399.3,397.48,397.68,580,10,0,0.1
2026-06-15 16:15:00,397.62,398.97,397.46,398.77,501,9,0,0.09
2026-06-15 16:20:00,398.78,398.78,397.65,397.81,440,10,0,0.1
2026-06-15 16:25:00,397.78,398.34,397.29,398.19,435,9,0,0.09
2026-06-15 16:30:00,398.17,398.32,397.31,397.59,393,9,0,0.09
2026-06-15 16:35:00,397.58,397.93,397.34,397.64,367,9,0,0.09
2026-06-15 16:40:00,397.64,397.95,397.25,397.43,307,9,0,0.09
2026-06-15 16:45:00,397.43,398.14,397.24,397.45,343,9,0,0.09
2026-06-15 16:50:00,397.45,397.92,397.2,397.84,342,10,0,0.1
2026-06-15 16:55:00,397.86,398.17,397.53,397.97,338,10,0,0.1
2026-06-15 17:00:00,397.97,398.19,397.29,397.76,362,9,0,0.09
2026-06-15 17:05:00,397.7,398.95,397.57,398.4,314,10,0,0.1
2026-06-15 17:10:00,398.4,399.01,398.25,398.38,289,9,0,0.09
2026-06-15 17:15:00,398.41,398.88,398.39,398.68,245,9,0,0.09
2026-06-15 17:20:00,398.66,399.0,397.95,398.0,296,9,0,0.09
2026-06-15 17:25:00,398.02,398.66,397.72,398.36,341,9,0,0.09
2026-06-15 17:30:00,398.33,399.08,398.05,398.58,318,9,0,0.09
2026-06-15 17:35:00,398.55,398.94,398.02,398.21,304,10,0,0.1
2026-06-15 17:40:00,398.21,398.98,398.14,398.92,280,10,0,0.1
2026-06-15 17:45:00,398.9,400.28,398.78,400.2,351,9,0,0.09
2026-06-15 17:50:00,400.18,400.42,399.93,400.41,343,9,0,0.09
2026-06-15 17:55:00,400.43,400.85,399.95,400.71,369,9,0,0.09
2026-06-15 18:00:00,400.71,401.52,400.69,401.35,357,9,0,0.09
2026-06-15 18:05:00,401.33,401.34,400.78,400.93,297,10,0,0.1
2026-06-15 18:10:00,400.91,401.09,400.45,400.64,261,9,0,0.09
2026-06-15 18:15:00,400.65,400.79,400.18,400.54,233,10,0,0.1
2026-06-15 18:20:00,400.45,401.22,400.43,401.17,347,10,0,0.1
2026-06-15 18:25:00,401.18,401.54,401.07,401.5,250,9,0,0.09
2026-06-15 18:30:00,401.51,401.68,400.82,400.93,266,9,0,0.09
2026-06-15 18:35:00,400.93,400.94,400.39,400.51,254,9,0,0.09
2026-06-15 18:40:00,400.54,400.62,400.08,400.17,276,9,0,0.09
2026-06-15 18:45:00,400.15,400.25,399.72,400.09,302,10,0,0.1
2026-06-15 18:50:00,400.09,400.3,399.66,399.7,229,10,0,0.1
2026-06-15 18:55:00,399.7,399.7,398.57,399.13,368,9,0,0.09
2026-06-15 19:00:00,399.13,399.63,398.75,399.6,312,10,0,0.1
2026-06-15 19:05:00,399.6,399.91,398.95,399.34,288,9,0,0.09
2026-06-15 19:10:00,399.34,399.58,399.2,399.43,209,9,0,0.09
2026-06-15 19:15:00,399.43,399.88,399.37,399.6,231,9,0,0.09
2026-06-15 19:20:00,399.62,399.85,399.47,399.71,197,9,0,0.09
2026-06-15 19:25:00,399.72,399.73,399.41,399.44,226,9,0,0.09
2026-06-15 19:30:00,399.42,399.61,399.42,399.51,194,9,0,0.09
2026-06-15 19:35:00,399.44,399.88,399.44,399.67,197,9,0,0.09
2026-06-15 19:40:00,399.68,399.87,399.55,399.72,192,9,0,0.09
2026-06-15 19:45:00,399.7,399.71,399.35,399.7,248,9,0,0.09
2026-06-15 19:50:00,399.69,399.78,399.45,399.53,220,9,0,0.09
2026-06-15 19:55:00,399.53,399.62,399.12,399.25,217,9,0,0.09
2026-06-15 20:00:00,399.25,399.45,398.8,398.99,240,10,0,0.1
2026-06-15 20:05:00,398.99,399.3,398.95,399.18,214,9,0,0.09
2026-06-15 20:10:00,399.18,399.31,399.07,399.26,189,9,0,0.09
2026-06-15 20:15:00,399.26,399.5,399.24,399.33,198,9,0,0.09
2026-06-15 20:20:00,399.31,399.34,398.95,399.07,180,9,0,0.09
2026-06-15 20:25:00,398.99,399.06,398.85,398.85,197,9,0,0.09
2026-06-15 20:30:00,398.93,398.96,398.44,398.47,234,9,0,0.09
2026-06-15 20:35:00,398.45,398.82,398.17,398.48,259,9,0,0.09
2026-06-15 20:40:00,398.46,398.75,398.31,398.55,184,9,0,0.09
2026-06-15 20:45:00,398.57,398.68,398.37,398.41,230,10,0,0.1
2026-06-15 20:50:00,398.37,398.58,398.19,398.56,211,9,0,0.09
2026-06-15 20:55:00,398.52,398.68,398.44,398.56,179,9,0,0.09
2026-06-15 21:00:00,398.56,399.22,398.45,399.22,262,9,0,0.09
2026-06-15 21:05:00,399.22,399.73,398.6,398.62,286,9,0,0.09
2026-06-15 21:10:00,398.6,399.15,398.6,399.07,244,9,0,0.09
2026-06-15 21:15:00,399.07,399.36,398.74,398.91,233,9,0,0.09
2026-06-15 21:20:00,398.91,398.91,398.43,398.45,242,9,0,0.09
2026-06-15 21:25:00,398.47,398.67,398.35,398.42,216,10,0,0.1
2026-06-15 21:30:00,398.39,399.07,398.17,398.99,270,9,0,0.09
2026-06-15 21:35:00,399.01,399.57,398.95,399.55,293,9,0,0.09
2026-06-15 21:40:00,399.57,400.13,399.55,400.02,294,9,0,0.09
2026-06-15 21:45:00,400.01,400.51,400.01,400.29,304,9,0,0.09
2026-06-15 21:50:00,400.27,400.27,398.58,398.82,469,9,0,0.09
2026-06-15 21:55:00,398.92,399.69,398.83,399.69,628,9,0,0.09
2026-06-16 15:30:00,395.24,395.26,390.79,391.87,528,12,0,0.12
2026-06-16 15:35:00,391.85,393.98,391.78,392.3,802,10,0,0.1
2026-06-16 15:40:00,392.3,394.17,392.15,393.92,845,10,0,0.1
2026-06-16 15:45:00,394.07,394.73,392.87,394.09,750,10,0,0.1
2026-06-16 15:50:00,394.18,395.11,393.89,393.96,643,9,0,0.09
2026-06-16 15:55:00,393.96,395.47,393.96,394.59,702,11,0,0.11
2026-06-16 16:00:00,394.68,395.29,394.0,394.44,647,11,0,0.11
2026-06-16 16:05:00,394.48,394.51,393.47,394.01,626,9,0,0.09
2026-06-16 16:10:00,394.02,394.52,393.25,393.42,510,10,0,0.1
2026-06-16 16:15:00,393.46,393.66,392.28,392.54,589,10,0,0.1
2026-06-16 16:20:00,392.52,393.32,391.96,392.01,609,10,0,0.1
2026-06-16 16:25:00,391.98,393.07,391.86,392.97,584,10,0,0.1
2026-06-16 16:30:00,393.0,393.55,392.52,392.65,560,10,0,0.1
2026-06-16 16:35:00,392.65,393.28,392.45,393.15,503,10,0,0.1
2026-06-16 16:40:00,393.02,393.09,392.41,392.51,461,10,0,0.1
2026-06-16 16:45:00,392.51,393.92,392.41,393.77,423,9,0,0.09
2026-06-16 16:50:00,393.66,393.82,393.09,393.59,483,10,0,0.1
2026-06-16 16:55:00,393.59,394.25,393.35,393.56,440,10,0,0.1
2026-06-16 17:00:00,393.58,394.3,393.4,393.57,374,9,0,0.09
2026-06-16 17:05:00,393.61,394.03,393.39,393.72,300,10,0,0.1
2026-06-16 17:10:00,393.65,393.8,393.24,393.69,290,10,0,0.1
2026-06-16 17:15:00,393.69,393.83,393.51,393.65,336,9,0,0.09
2026-06-16 17:20:00,393.58,394.03,393.5,393.7,398,10,0,0.1
2026-06-16 17:25:00,393.72,393.91,393.35,393.37,408,10,0,0.1
2026-06-16 17:30:00,393.36,393.47,392.69,393.3,343,10,0,0.1
2026-06-16 17:35:00,393.29,393.73,393.11,393.66,344,9,0,0.09
2026-06-16 17:40:00,393.68,393.84,393.01,393.06,372,10,0,0.1
2026-06-16 17:45:00,393.08,393.53,392.84,393.38,423,11,0,0.11
2026-06-16 17:50:00,393.43,393.54,393.06,393.21,303,10,0,0.1
2026-06-16 17:55:00,393.15,393.32,392.79,392.79,317,9,0,0.09
2026-06-16 18:00:00,392.75,392.89,392.42,392.72,300,10,0,0.1
2026-06-16 18:05:00,392.72,392.76,392.15,392.7,288,9,0,0.09
2026-06-16 18:10:00,392.59,392.84,392.46,392.57,290,10,0,0.1
2026-06-16 18:15:00,392.57,392.71,392.17,392.18,253,9,0,0.09
2026-06-16 18:20:00,392.18,392.32,391.3,391.49,291,9,0,0.09
2026-06-16 18:25:00,391.5,391.9,391.43,391.74,283,9,0,0.09
2026-06-16 18:30:00,391.74,392.1,391.56,391.58,285,10,0,0.1
2026-06-16 18:35:00,391.58,391.89,391.45,391.84,291,10,0,0.1
2026-06-16 18:40:00,391.89,392.32,391.82,392.25,296,9,0,0.09
2026-06-16 18:45:00,392.25,392.54,391.95,392.02,260,10,0,0.1
2026-06-16 18:50:00,392.02,392.28,391.87,392.05,270,10,0,0.1
2026-06-16 18:55:00,392.03,392.19,391.67,391.68,218,10,0,0.1
2026-06-16 19:00:00,391.65,391.98,391.65,391.74,251,10,0,0.1
2026-06-16 19:05:00,391.7,391.98,391.63,391.81,253,10,0,0.1
2026-06-16 19:10:00,391.8,391.99,391.78,391.84,236,9,0,0.09
2026-06-16 19:15:00,391.84,392.01,391.65,391.66,247,9,0,0.09
2026-06-16 19:20:00,391.65,391.83,391.52,391.61,271,9,0,0.09
2026-06-16 19:25:00,391.63,391.83,391.3,391.37,279,9,0,0.09
2026-06-16 19:30:00,391.43,391.51,391.02,391.09,277,10,0,0.1
2026-06-16 19:35:00,391.09,391.39,390.72,390.93,316,9,0,0.09
2026-06-16 19:40:00,390.91,391.21,390.89,391.03,286,10,0,0.1
2026-06-16 19:45:00,390.99,391.32,390.85,390.94,202,9,0,0.09
2026-06-16 19:50:00,390.94,391.0,390.59,390.81,260,9,0,0.09
2026-06-16 19:55:00,390.79,391.33,390.73,391.23,292,9,0,0.09
2026-06-16 20:00:00,391.24,391.39,390.79,391.31,257,10,0,0.1
2026-06-16 20:05:00,391.36,391.5,391.13,391.16,195,10,0,0.1
2026-06-16 20:10:00,391.14,391.55,391.14,391.48,183,9,0,0.09
2026-06-16 20:15:00,391.43,391.73,391.43,391.73,211,9,0,0.09
2026-06-16 20:20:00,391.76,391.98,391.6,391.75,174,9,0,0.09
2026-06-16 20:25:00,391.75,392.18,391.75,391.98,226,9,0,0.09
2026-06-16 20:30:00,392.0,392.22,391.98,392.02,271,9,0,0.09
2026-06-16 20:35:00,392.04,392.67,392.02,392.63,269,9,0,0.09
2026-06-16 20:40:00,392.63,392.95,392.51,392.95,225,9,0,0.09
2026-06-16 20:45:00,393.0,393.34,392.9,393.12,282,9,0,0.09
2026-06-16 20:50:00,393.12,393.36,392.94,393.16,294,10,0,0.1
2026-06-16 20:55:00,393.13,393.49,393.08,393.13,274,9,0,0.09
2026-06-16 21:00:00,393.14,393.23,392.5,392.6,280,9,0,0.09
2026-06-16 21:05:00,392.6,392.67,392.11,392.56,270,9,0,0.09
2026-06-16 21:10:00,392.59,392.95,392.4,392.7,300,9,0,0.09
2026-06-16 21:15:00,392.63,392.85,392.27,392.81,355,9,0,0.09
2026-06-16 21:20:00,392.82,393.22,392.72,393.08,355,9,0,0.09
2026-06-16 21:25:00,393.08,393.19,392.98,393.07,384,9,0,0.09
2026-06-16 21:30:00,393.09,393.55,392.9,393.43,347,9,0,0.09
2026-06-16 21:35:00,393.42,393.87,393.28,393.62,389,9,0,0.09
2026-06-16 21:40:00,393.61,393.73,393.38,393.68,313,9,0,0.09
2026-06-16 21:45:00,393.69,394.0,393.45,393.76,345,9,0,0.09
2026-06-16 21:50:00,393.78,393.86,393.16,393.59,600,9,0,0.09
2026-06-16 21:55:00,393.44,394.25,393.21,393.75,847,9,0,0.09
2026-06-17 15:30:00,388.75,389.38,386.62,387.73,580,9,0,0.09
2026-06-17 15:35:00,387.7,388.22,386.83,388.15,771,11,0,0.11
2026-06-17 15:40:00,388.03,388.76,387.95,388.51,749,9,0,0.09
2026-06-17 15:45:00,388.55,389.38,388.06,388.89,770,9,0,0.09
2026-06-17 15:50:00,388.89,389.54,388.57,389.06,771,10,0,0.1
2026-06-17 15:55:00,388.92,389.97,388.85,389.68,629,10,0,0.1
2026-06-17 16:00:00,389.66,389.83,387.35,388.24,714,10,0,0.1
2026-06-17 16:05:00,388.26,388.47,387.71,387.89,683,9,0,0.09
2026-06-17 16:10:00,387.87,388.55,387.67,388.35,592,9,0,0.09
2026-06-17 16:15:00,388.37,388.77,387.02,387.26,575,9,0,0.09
2026-06-17 16:20:00,387.26,388.18,387.17,387.62,582,9,0,0.09
2026-06-17 16:25:00,387.67,387.68,387.04,387.29,537,10,0,0.1
2026-06-17 16:30:00,387.35,387.64,386.85,386.9,521,9,0,0.09
2026-06-17 16:35:00,386.9,386.9,386.1,386.15,550,9,0,0.09
2026-06-17 16:40:00,386.22,386.47,385.84,386.1,612,10,0,0.1
2026-06-17 16:45:00,386.12,386.19,385.07,385.4,641,9,0,0.09
2026-06-17 16:50:00,385.42,385.43,384.69,384.78,557,9,0,0.09
2026-06-17 16:55:00,384.8,385.21,384.55,384.85,511,9,0,0.09
2026-06-17 17:00:00,384.84,385.77,384.67,385.75,472,10,0,0.1
2026-06-17 17:05:00,385.76,386.24,385.65,385.88,423,9,0,0.09
2026-06-17 17:10:00,385.87,386.02,385.55,385.9,400,9,0,0.09
2026-06-17 17:15:00,385.91,385.98,385.16,385.65,461,9,0,0.09
2026-06-17 17:20:00,385.65,386.01,385.57,385.82,404,9,0,0.09
2026-06-17 17:25:00,385.78,385.8,385.32,385.34,409,9,0,0.09
2026-06-17 17:30:00,385.34,385.67,385.06,385.54,353,9,0,0.09
2026-06-17 17:35:00,385.46,385.76,385.24,385.69,355,9,0,0.09
2026-06-17 17:40:00,385.69,386.55,385.61,386.15,310,9,0,0.09
2026-06-17 17:45:00,386.15,386.53,386.01,386.03,368,9,0,0.09
2026-06-17 17:50:00,386.05,386.18,385.56,385.76,325,9,0,0.09
2026-06-17 17:55:00,385.76,385.9,385.3,385.3,325,9,0,0.09
2026-06-17 18:00:00,385.3,385.78,385.3,385.56,334,9,0,0.09
2026-06-17 18:05:00,385.56,385.74,385.26,385.41,309,9,0,0.09
2026-06-17 18:10:00,385.41,386.0,385.33,385.67,320,9,0,0.09
2026-06-17 18:15:00,385.63,385.85,385.57,385.69,304,9,0,0.09
2026-06-17 18:20:00,385.72,385.88,385.4,385.4,309,9,0,0.09
2026-06-17 18:25:00,385.42,385.65,385.25,385.31,302,9,0,0.09
2026-06-17 18:30:00,385.28,385.28,384.65,384.74,341,9,0,0.09
2026-06-17 18:35:00,384.76,385.05,384.58,384.61,335,9,0,0.09
2026-06-17 18:40:00,384.6,384.8,384.35,384.47,302,9,0,0.09
2026-06-17 18:45:00,384.47,384.78,384.01,384.05,373,9,0,0.09
2026-06-17 18:50:00,384.05,384.26,383.97,384.2,330,9,0,0.09
2026-06-17 18:55:00,384.23,384.29,384.07,384.08,269,9,0,0.09
2026-06-17 19:00:00,384.08,384.17,383.53,383.73,373,9,0,0.09
2026-06-17 19:05:00,383.74,384.18,382.96,384.18,333,9,0,0.09
2026-06-17 19:10:00,384.05,384.38,384.01,384.22,323,9,0,0.09
2026-06-17 19:15:00,384.25,384.43,383.95,384.18,340,9,0,0.09
2026-06-17 19:20:00,384.18,384.74,384.04,384.58,313,9,0,0.09
2026-06-17 19:25:00,384.62,385.14,384.53,384.74,331,9,0,0.09
2026-06-17 19:30:00,384.74,384.91,384.53,384.77,332,9,0,0.09
2026-06-17 19:35:00,384.79,385.09,384.68,384.92,308,9,0,0.09
2026-06-17 19:40:00,384.93,385.36,384.75,385.09,307,9,0,0.09
2026-06-17 19:45:00,385.11,385.37,385.08,385.2,291,9,0,0.09
2026-06-17 19:50:00,385.19,385.91,385.18,385.83,243,9,0,0.09
2026-06-17 19:55:00,385.83,385.86,385.53,385.72,312,9,0,0.09
2026-06-17 20:00:00,385.67,385.69,383.25,383.47,889,10,0,0.1
2026-06-17 20:05:00,383.47,383.47,382.75,383.34,820,10,0,0.1
2026-06-17 20:10:00,383.34,383.58,383.01,383.54,594,9,0,0.09
2026-06-17 20:15:00,383.59,384.06,383.42,383.59,534,10,0,0.1
2026-06-17 20:20:00,383.57,383.69,383.06,383.1,403,9,0,0.09
2026-06-17 20:25:00,383.17,383.17,382.55,382.94,475,9,0,0.09
2026-06-17 20:30:00,382.83,383.79,382.35,382.43,755,9,0,0.09
2026-06-17 20:35:00,382.41,383.56,382.31,382.97,673,9,0,0.09
2026-06-17 20:40:00,383.0,383.47,382.58,383.28,659,9,0,0.09
2026-06-17 20:45:00,383.32,383.32,382.56,382.73,492,9,0,0.09
2026-06-17 20:50:00,382.73,383.35,382.51,382.92,497,9,0,0.09
2026-06-17 20:55:00,382.82,382.85,381.24,381.7,632,9,0,0.09
2026-06-17 21:00:00,381.73,382.37,381.7,381.83,672,9,0,0.09
2026-06-17 21:05:00,381.84,382.06,381.11,381.16,601,9,0,0.09
2026-06-17 21:10:00,381.19,381.6,380.56,381.04,671,9,0,0.09
2026-06-17 21:15:00,381.18,381.23,380.5,380.51,511,9,0,0.09
2026-06-17 21:20:00,380.5,380.55,379.65,379.77,655,9,0,0.09
2026-06-17 21:25:00,379.76,380.1,378.8,378.92,580,9,0,0.09
2026-06-17 21:30:00,378.92,379.01,378.49,378.73,711,9,0,0.09
2026-06-17 21:35:00,378.8,379.06,377.69,378.13,691,9,0,0.09
2026-06-17 21:40:00,378.15,378.42,377.5,377.66,673,9,0,0.09
2026-06-17 21:45:00,377.66,378.38,377.27,378.0,647,9,0,0.09
2026-06-17 21:50:00,378.0,378.54,377.29,377.69,829,9,0,0.09
2026-06-17 21:55:00,377.67,378.9,377.67,378.81,810,9,0,0.09
2026-06-18 15:30:00,378.34,379.21,375.55,375.74,515,10,0,0.1
2026-06-18 15:35:00,375.7,376.16,373.98,374.41,696,10,0,0.1
2026-06-18 15:40:00,374.41,374.45,373.16,373.62,659,10,0,0.1
2026-06-18 15:45:00,373.63,375.6,373.6,375.28,659,9,0,0.09
2026-06-18 15:50:00,375.28,376.4,374.92,375.59,543,11,0,0.11
2026-06-18 15:55:00,375.57,376.07,374.65,376.07,466,10,0,0.1
2026-06-18 16:00:00,375.9,376.64,375.26,376.38,520,10,0,0.1
2026-06-18 16:05:00,376.38,378.14,376.24,377.85,503,9,0,0.09
2026-06-18 16:10:00,377.86,378.97,377.72,378.26,452,11,0,0.11
2026-06-18 16:15:00,378.19,379.57,377.75,379.21,508,10,0,0.1
2026-06-18 16:20:00,379.16,379.17,377.45,377.57,524,10,0,0.1
2026-06-18 16:25:00,377.59,377.66,376.65,377.12,435,11,0,0.11
2026-06-18 16:30:00,377.12,377.68,376.75,377.68,465,11,0,0.11
2026-06-18 16:35:00,377.61,378.33,377.42,378.33,384,11,0,0.11
2026-06-18 16:40:00,378.33,378.36,377.39,377.53,417,11,0,0.11
2026-06-18 16:45:00,377.51,378.14,377.39,377.54,405,10,0,0.1
2026-06-18 16:50:00,377.56,377.78,376.66,377.0,468,9,0,0.09
2026-06-18 16:55:00,377.0,377.08,376.53,376.56,400,11,0,0.11
2026-06-18 17:00:00,376.56,376.8,375.75,375.91,394,10,0,0.1
2026-06-18 17:05:00,375.86,376.28,375.7,375.84,389,10,0,0.1
2026-06-18 17:10:00,375.84,376.64,375.7,375.9,394,10,0,0.1
2026-06-18 17:15:00,375.88,376.02,375.6,375.67,328,10,0,0.1
2026-06-18 17:20:00,375.67,375.78,375.13,375.26,373,10,0,0.1
2026-06-18 17:25:00,375.25,375.56,374.76,375.01,345,10,0,0.1
2026-06-18 17:30:00,375.07,375.62,374.97,375.3,311,9,0,0.09
2026-06-18 17:35:00,375.25,375.89,375.18,375.51,284,10,0,0.1
2026-06-18 17:40:00,375.49,375.7,375.23,375.24,302,11,0,0.11
2026-06-18 17:45:00,375.28,376.01,375.02,376.0,334,10,0,0.1
2026-06-18 17:50:00,376.03,377.5,376.01,377.3,387,9,0,0.09
2026-06-18 17:55:00,377.29,377.92,377.28,377.83,353,10,0,0.1
2026-06-18 18:00:00,377.85,378.05,376.86,376.95,318,9,0,0.09
2026-06-18 18:05:00,376.93,377.54,376.75,377.07,288,10,0,0.1
2026-06-18 18:10:00,377.07,377.31,376.49,376.63,251,10,0,0.1
2026-06-18 18:15:00,376.67,377.53,376.67,377.43,289,11,0,0.11
2026-06-18 18:20:00,377.42,378.52,377.42,378.26,332,10,0,0.1
2026-06-18 18:25:00,378.26,378.73,377.95,378.52,283,9,0,0.09
2026-06-18 18:30:00,378.52,378.88,378.48,378.6,251,11,0,0.11
2026-06-18 18:35:00,378.6,379.35,378.56,379.15,317,11,0,0.11
2026-06-18 18:40:00,379.18,379.47,378.48,378.83,274,10,0,0.1
2026-06-18 18:45:00,378.83,378.96,378.55,378.79,264,11,0,0.11
2026-06-18 18:50:00,378.71,379.05,378.62,378.87,223,10,0,0.1
2026-06-18 18:55:00,378.89,379.53,378.87,379.44,294,9,0,0.09
2026-06-18 19:00:00,379.47,380.58,379.18,380.58,326,10,0,0.1
2026-06-18 19:05:00,380.56,381.29,380.51,380.66,318,10,0,0.1
2026-06-18 19:10:00,380.67,380.89,380.34,380.67,307,11,0,0.11
2026-06-18 19:15:00,380.7,381.03,380.34,380.4,288,10,0,0.1
2026-06-18 19:20:00,380.38,380.54,379.69,379.79,259,9,0,0.09
2026-06-18 19:25:00,379.83,379.83,379.23,379.59,305,9,0,0.09
2026-06-18 19:30:00,379.63,380.43,379.39,379.97,285,11,0,0.11
2026-06-18 19:35:00,379.97,380.03,379.35,379.43,248,9,0,0.09
2026-06-18 19:40:00,379.45,379.79,379.15,379.62,217,10,0,0.1
2026-06-18 19:45:00,379.64,380.13,379.64,379.83,222,10,0,0.1
2026-06-18 19:50:00,379.79,379.95,379.55,379.77,243,9,0,0.09
2026-06-18 19:55:00,379.77,379.87,379.51,379.61,278,10,0,0.1
2026-06-18 20:00:00,379.6,379.72,379.15,379.43,235,10,0,0.1
2026-06-18 20:05:00,379.38,379.51,378.5,378.87,328,10,0,0.1
2026-06-18 20:10:00,378.97,379.11,378.61,378.74,247,10,0,0.1
2026-06-18 20:15:00,378.79,378.84,378.25,378.43,273,10,0,0.1
2026-06-18 20:20:00,378.47,378.49,378.25,378.29,227,10,0,0.1
2026-06-18 20:25:00,378.31,378.41,377.55,377.55,292,10,0,0.1
2026-06-18 20:30:00,377.6,378.04,377.47,377.75,254,10,0,0.1
2026-06-18 20:35:00,377.72,377.85,377.54,377.69,192,10,0,0.1
2026-06-18 20:40:00,377.66,378.01,377.25,378.01,273,10,0,0.1
2026-06-18 20:45:00,377.99,378.06,377.52,378.04,247,10,0,0.1
2026-06-18 20:50:00,378.09,378.44,377.8,378.13,195,9,0,0.09
2026-06-18 20:55:00,378.17,378.17,377.61,377.8,252,10,0,0.1
2026-06-18 21:00:00,377.85,377.85,377.2,377.27,225,9,0,0.09
2026-06-18 21:05:00,377.21,377.67,377.2,377.32,242,10,0,0.1
2026-06-18 21:10:00,377.33,377.59,377.05,377.5,257,9,0,0.09
2026-06-18 21:15:00,377.53,377.77,377.3,377.72,241,9,0,0.09
2026-06-18 21:20:00,377.71,377.91,377.62,377.62,271,10,0,0.1
2026-06-18 21:25:00,377.62,378.28,377.61,377.95,229,9,0,0.09
2026-06-18 21:30:00,377.95,377.99,377.55,377.77,265,9,0,0.09
2026-06-18 21:35:00,377.77,377.93,377.57,377.76,315,9,0,0.09
2026-06-18 21:40:00,377.77,378.08,377.44,377.8,331,9,0,0.09
2026-06-18 21:45:00,377.8,378.27,377.49,378.1,360,9,0,0.09
2026-06-18 21:50:00,377.97,380.32,377.97,379.04,723,9,0,0.09
2026-06-18 21:55:00,379.02,380.21,378.95,379.29,756,9,0,0.09
2026-06-22 15:30:00,375.55,377.41,374.66,375.51,190,1,0,0.01
2026-06-22 15:35:00,375.47,378.31,375.16,377.66,196,1,0,0.01
2026-06-22 15:40:00,377.8,379.39,377.75,379.31,187,1,0,0.01
2026-06-22 15:45:00,379.47,381.5,378.91,379.28,200,1,0,0.01
2026-06-22 15:50:00,379.35,379.41,378.11,379.01,174,1,0,0.01
2026-06-22 15:55:00,379.01,379.84,378.3,379.71,179,1,0,0.01
2026-06-22 16:00:00,379.8,380.83,378.09,378.27,175,1,0,0.01
2026-06-22 16:05:00,378.27,379.31,378.19,378.57,157,1,0,0.01
2026-06-22 16:10:00,378.53,378.9,377.53,377.55,169,1,0,0.01
2026-06-22 16:15:00,377.59,377.59,375.71,375.79,168,1,0,0.01
2026-06-22 16:20:00,375.8,375.94,375.41,375.41,118,1,0,0.01
2026-06-22 16:25:00,375.4,375.57,373.53,373.55,170,1,0,0.01
2026-06-22 16:30:00,373.55,373.88,373.01,373.55,187,1,0,0.01
2026-06-22 16:35:00,373.6,374.06,373.22,373.88,174,1,0,0.01
2026-06-22 16:40:00,373.91,374.42,373.8,373.89,167,1,0,0.01
2026-06-22 16:45:00,373.9,374.18,373.15,373.21,167,1,0,0.01
2026-06-22 16:50:00,373.2,373.4,371.86,371.89,186,1,0,0.01
2026-06-22 16:55:00,371.88,372.76,371.45,372.18,176,1,0,0.01
2026-06-22 17:00:00,372.21,373.06,372.06,372.1,133,1,0,0.01
2026-06-22 17:05:00,372.1,372.12,371.29,371.5,160,1,0,0.01
2026-06-22 17:10:00,371.47,371.64,371.31,371.53,61,1,0,0.01
2026-06-22 17:15:00,371.52,371.52,370.86,371.04,76,1,0,0.01
2026-06-22 17:20:00,371.13,371.46,370.57,371.33,79,1,0,0.01
2026-06-22 17:25:00,371.43,371.48,370.98,371.15,86,1,0,0.01
2026-06-22 17:30:00,371.15,371.33,370.84,370.89,140,1,0,0.01
2026-06-22 17:35:00,370.92,371.17,370.41,370.91,148,1,0,0.01
2026-06-22 17:40:00,371.0,371.73,371.0,371.68,139,1,0,0.01
2026-06-22 17:45:00,371.64,372.03,370.69,370.72,151,1,0,0.01
2026-06-22 17:50:00,370.75,371.02,370.41,370.58,131,1,0,0.01
2026-06-22 17:55:00,370.6,370.82,370.36,370.51,129,1,0,0.01
2026-06-22 18:00:00,370.5,370.61,369.2,369.38,150,1,0,0.01
2026-06-22 18:05:00,369.4,369.73,369.3,369.4,144,2,0,0.02
2026-06-22 18:10:00,369.39,369.79,369.22,369.71,134,1,0,0.01
2026-06-22 18:15:00,369.71,369.76,368.91,369.12,141,1,0,0.01
2026-06-22 18:20:00,369.13,369.4,368.01,368.05,101,1,0,0.01
2026-06-22 18:25:00,368.05,368.5,367.93,368.39,151,1,0,0.01
2026-06-22 18:30:00,368.39,368.61,368.18,368.28,145,1,0,0.01
2026-06-22 18:35:00,368.3,368.39,368.0,368.2,143,1,0,0.01
2026-06-22 18:40:00,368.2,368.39,368.02,368.37,133,1,0,0.01
2026-06-22 18:45:00,368.34,368.94,368.34,368.74,144,1,0,0.01
2026-06-22 18:50:00,368.77,368.95,368.39,368.47,121,1,0,0.01
2026-06-22 18:55:00,368.48,368.91,368.4,368.82,113,1,0,0.01
2026-06-22 19:00:00,368.86,368.86,368.21,368.44,113,1,0,0.01
2026-06-22 19:05:00,368.44,368.6,368.1,368.6,121,1,0,0.01
2026-06-22 19:10:00,368.6,369.12,368.5,368.72,130,1,0,0.01
2026-06-22 19:15:00,368.73,369.49,368.72,369.31,124,1,0,0.01
2026-06-22 19:20:00,369.31,369.55,369.06,369.07,103,1,0,0.01
2026-06-22 19:25:00,369.07,369.09,368.6,368.96,105,1,0,0.01
2026-06-22 19:30:00,369.0,369.31,368.75,369.22,120,1,0,0.01
2026-06-22 19:35:00,369.22,369.22,368.63,369.14,117,1,0,0.01
2026-06-22 19:40:00,369.13,369.21,368.8,369.15,106,1,0,0.01
2026-06-22 19:45:00,369.15,369.44,369.05,369.39,108,1,0,0.01
2026-06-22 19:50:00,369.39,369.94,369.36,369.82,107,1,0,0.01
2026-06-22 19:55:00,369.82,370.09,369.8,370.02,107,1,0,0.01
2026-06-22 20:00:00,370.01,370.19,369.7,369.8,119,1,0,0.01
2026-06-22 20:05:00,369.8,370.02,369.57,369.94,121,1,0,0.01
2026-06-22 20:10:00,369.93,370.06,369.75,369.91,95,1,0,0.01
2026-06-22 20:15:00,369.9,370.22,369.9,370.2,100,1,0,0.01
2026-06-22 20:20:00,370.2,370.63,370.16,370.42,97,1,0,0.01
2026-06-22 20:25:00,370.42,370.6,370.13,370.33,110,1,0,0.01
2026-06-22 20:30:00,370.33,370.53,370.09,370.31,132,1,0,0.01
2026-06-22 20:35:00,370.32,370.37,369.89,370.23,113,1,0,0.01
2026-06-22 20:40:00,370.23,370.4,370.0,370.01,116,1,0,0.01
2026-06-22 20:45:00,370.03,370.21,369.62,370.21,113,1,0,0.01
2026-06-22 20:50:00,370.21,370.28,369.37,369.44,126,1,0,0.01
2026-06-22 20:55:00,369.49,369.49,369.11,369.29,117,1,0,0.01
2026-06-22 21:00:00,369.28,369.95,369.03,369.69,129,1,0,0.01
2026-06-22 21:05:00,369.69,369.84,369.58,369.82,97,1,0,0.01
2026-06-22 21:10:00,369.82,370.26,369.77,370.13,111,1,0,0.01
2026-06-22 21:15:00,370.13,370.37,369.93,370.25,131,1,0,0.01
2026-06-22 21:20:00,370.3,370.45,370.13,370.22,85,1,0,0.01
2026-06-22 21:25:00,370.19,370.24,369.75,369.75,127,1,0,0.01
2026-06-22 21:30:00,369.79,370.42,369.7,370.01,141,1,0,0.01
2026-06-22 21:35:00,370.02,370.06,369.64,369.94,125,1,0,0.01
2026-06-22 21:40:00,369.94,370.13,368.67,368.97,150,1,0,0.01
2026-06-22 21:45:00,369.04,369.48,368.99,369.36,150,1,0,0.01
2026-06-22 21:50:00,369.35,369.35,368.06,368.39,183,1,0,0.01
2026-06-22 21:55:00,368.46,368.46,367.08,367.41,180,1,0,0.01
2026-06-23 15:30:00,372.27,373.0,370.68,371.21,194,1,0,0.01
2026-06-23 15:35:00,371.03,374.8,370.8,374.8,172,1,0,0.01
2026-06-23 15:40:00,374.94,375.81,373.51,374.67,192,1,0,0.01
2026-06-23 15:45:00,374.69,375.01,373.48,373.54,192,1,0,0.01
2026-06-23 15:50:00,373.59,373.59,372.1,372.61,179,1,0,0.01
2026-06-23 15:55:00,372.61,375.09,372.61,374.73,197,1,0,0.01
2026-06-23 16:00:00,374.6,375.15,373.27,374.6,180,1,0,0.01
2026-06-23 16:05:00,374.63,375.56,374.17,374.51,161,1,0,0.01
2026-06-23 16:10:00,374.42,374.65,373.52,374.2,162,1,0,0.01
2026-06-23 16:15:00,374.26,375.35,373.92,375.21,161,1,0,0.01
2026-06-23 16:20:00,375.08,375.71,374.64,375.2,157,1,0,0.01
2026-06-23 16:25:00,375.2,376.35,375.0,376.35,158,1,0,0.01
2026-06-23 16:30:00,376.26,377.16,375.41,376.5,171,1,0,0.01
2026-06-23 16:35:00,376.51,376.63,375.97,376.63,166,1,0,0.01
2026-06-23 16:40:00,376.55,376.66,375.62,376.26,152,1,0,0.01
2026-06-23 16:45:00,376.3,376.66,376.08,376.46,166,1,0,0.01
2026-06-23 16:50:00,376.48,376.58,375.11,375.39,150,1,0,0.01
2026-06-23 16:55:00,375.37,375.51,374.1,374.69,174,1,0,0.01
2026-06-23 17:00:00,374.7,374.7,373.56,373.72,160,1,0,0.01
2026-06-23 17:05:00,373.72,373.96,373.42,373.79,146,1,0,0.01
2026-06-23 17:10:00,373.87,374.65,373.65,374.5,152,1,0,0.01
2026-06-23 17:15:00,374.5,374.9,373.67,373.77,76,1,0,0.01
2026-06-23 17:20:00,373.77,373.77,373.01,373.22,67,1,0,0.01
2026-06-23 17:25:00,373.1,373.27,372.76,372.92,130,1,0,0.01
2026-06-23 17:30:00,372.91,372.99,372.58,372.88,145,1,0,0.01
2026-06-23 17:35:00,372.88,373.22,372.68,372.85,131,1,0,0.01
2026-06-23 17:40:00,372.81,373.12,372.0,373.12,131,1,0,0.01
2026-06-23 17:45:00,373.15,373.4,372.9,373.11,151,1,0,0.01
2026-06-23 17:50:00,373.11,373.59,372.86,373.39,151,1,0,0.01
2026-06-23 17:55:00,373.31,373.62,373.0,373.37,145,1,0,0.01
2026-06-23 18:00:00,373.37,373.51,372.09,372.33,162,1,0,0.01
2026-06-23 18:05:00,372.34,372.8,372.23,372.68,126,1,0,0.01
2026-06-23 18:10:00,372.7,372.77,371.62,372.02,150,1,0,0.01
2026-06-23 18:15:00,372.02,372.31,371.65,372.17,144,1,0,0.01
2026-06-23 18:20:00,372.19,373.05,371.9,372.77,102,1,0,0.01
2026-06-23 18:25:00,372.78,373.32,372.78,373.16,125,1,0,0.01
2026-06-23 18:30:00,373.17,373.5,373.0,373.21,122,1,0,0.01
2026-06-23 18:35:00,373.21,373.41,372.79,372.91,129,1,0,0.01
2026-06-23 18:40:00,372.88,373.23,372.65,372.74,124,1,0,0.01
2026-06-23 18:45:00,372.74,373.34,372.74,372.86,132,1,0,0.01
2026-06-23 18:50:00,372.89,372.95,372.56,372.82,118,1,0,0.01
2026-06-23 18:55:00,372.84,373.27,372.84,372.87,121,1,0,0.01
2026-06-23 19:00:00,372.89,372.93,372.48,372.67,132,1,0,0.01
2026-06-23 19:05:00,372.69,372.85,372.53,372.62,118,1,0,0.01
2026-06-23 19:10:00,372.62,372.86,372.4,372.55,104,1,0,0.01
2026-06-23 19:15:00,372.55,372.98,372.44,372.82,118,1,0,0.01
2026-06-23 19:20:00,372.79,373.16,372.64,372.64,138,1,0,0.01
2026-06-23 19:25:00,372.65,372.98,372.62,372.95,117,1,0,0.01
2026-06-23 19:30:00,372.98,373.93,372.98,373.93,137,1,0,0.01
2026-06-23 19:35:00,373.98,374.52,373.87,374.25,113,1,0,0.01
2026-06-23 19:40:00,374.25,374.53,374.02,374.02,135,1,0,0.01
2026-06-23 19:45:00,374.02,374.23,373.82,374.16,97,1,0,0.01
2026-06-23 19:50:00,374.14,374.15,372.6,372.66,136,1,0,0.01
2026-06-23 19:55:00,372.67,373.57,372.64,373.52,124,1,0,0.01
2026-06-23 20:00:00,373.55,374.09,373.38,373.79,116,1,0,0.01
2026-06-23 20:05:00,373.82,374.05,373.62,374.02,117,1,0,0.01
2026-06-23 20:10:00,374.02,374.21,373.58,373.61,110,1,0,0.01
2026-06-23 20:15:00,373.58,373.85,373.51,373.78,98,1,0,0.01
2026-06-23 20:20:00,373.78,373.78,373.33,373.35,102,1,0,0.01
2026-06-23 20:25:00,373.37,373.47,373.12,373.15,102,1,0,0.01
2026-06-23 20:30:00,373.15,373.69,373.0,373.51,127,1,0,0.01
2026-06-23 20:35:00,373.54,373.61,372.99,373.15,75,1,0,0.01
2026-06-23 20:40:00,373.15,373.18,372.3,372.38,142,1,0,0.01
2026-06-23 20:45:00,372.36,372.51,372.27,372.43,125,1,0,0.01
2026-06-23 20:50:00,372.47,372.93,372.44,372.86,138,1,0,0.01
2026-06-23 20:55:00,372.85,372.9,372.5,372.85,132,1,0,0.01
2026-06-23 21:00:00,372.82,373.25,372.78,373.25,131,1,0,0.01
2026-06-23 21:05:00,373.29,373.75,373.19,373.68,132,1,0,0.01
2026-06-23 21:10:00,373.68,373.84,373.1,373.24,145,1,0,0.01
2026-06-23 21:15:00,373.29,373.8,373.05,373.75,141,1,0,0.01
2026-06-23 21:20:00,373.76,374.17,373.6,373.7,142,1,0,0.01
2026-06-23 21:25:00,373.7,374.11,373.64,373.92,132,1,0,0.01
2026-06-23 21:30:00,373.92,373.99,373.39,373.88,141,1,0,0.01
2026-06-23 21:35:00,373.88,373.95,373.66,373.69,117,1,0,0.01
2026-06-23 21:40:00,373.69,374.29,373.5,374.2,147,1,0,0.01
2026-06-23 21:45:00,374.2,375.17,374.18,375.08,171,1,0,0.01
2026-06-23 21:50:00,374.73,376.07,374.12,375.93,185,1,0,0.01
2026-06-23 21:55:00,375.93,375.93,373.99,373.99,192,1,0,0.01
2026-06-24 15:30:00,371.15,375.83,371.15,375.67,177,3,0,0.03
2026-06-24 15:35:00,375.75,378.82,375.75,378.6,157,2,0,0.02
2026-06-24 15:40:00,378.51,378.51,377.29,377.73,166,1,0,0.01
2026-06-24 15:45:00,377.69,377.69,374.69,375.04,171,1,0,0.01
2026-06-24 15:50:00,375.04,376.36,374.4,375.7,160,1,0,0.01
2026-06-24 15:55:00,375.7,375.73,374.3,374.33,168,1,0,0.01
2026-06-24 16:00:00,374.42,374.48,373.13,373.28,169,3,0,0.03
2026-06-24 16:05:00,373.29,373.57,372.97,372.98,108,2,0,0.02
2026-06-24 16:10:00,373.09,374.03,373.09,373.61,159,1,0,0.01
2026-06-24 16:15:00,373.67,374.12,373.13,373.36,143,1,0,0.01
2026-06-24 16:20:00,373.36,374.88,373.07,374.85,111,2,0,0.02
2026-06-24 16:25:00,374.85,374.9,373.58,374.7,143,2,0,0.02
2026-06-24 16:30:00,374.7,374.97,373.84,373.85,155,1,0,0.01
2026-06-24 16:35:00,373.86,373.86,372.89,373.01,129,1,0,0.01
2026-06-24 16:40:00,373.01,373.47,372.54,373.41,179,1,0,0.01
2026-06-24 16:45:00,373.41,374.69,373.35,374.58,169,1,0,0.01
2026-06-24 16:50:00,374.59,374.92,374.33,374.49,160,1,0,0.01
2026-06-24 16:55:00,374.44,375.5,374.44,375.5,144,2,0,0.02
2026-06-24 17:00:00,375.53,375.54,374.67,374.73,128,1,0,0.01
2026-06-24 17:05:00,374.75,375.03,374.02,374.11,116,1,0,0.01
2026-06-24 17:10:00,374.06,374.94,373.81,374.48,141,1,0,0.01
2026-06-24 17:15:00,374.54,375.33,374.51,375.27,132,1,0,0.01
2026-06-24 17:20:00,375.37,375.39,375.03,375.16,82,1,0,0.01
2026-06-24 17:25:00,375.09,375.09,374.3,374.91,152,1,0,0.01
2026-06-24 17:30:00,374.9,375.0,373.83,373.97,135,2,0,0.02
2026-06-24 17:35:00,373.96,374.26,373.69,373.93,120,1,0,0.01
2026-06-24 17:40:00,373.95,374.03,373.54,373.54,127,1,0,0.01
2026-06-24 17:45:00,373.54,373.92,373.35,373.84,125,1,0,0.01
2026-06-24 17:50:00,373.84,374.49,373.84,373.94,118,1,0,0.01
2026-06-24 17:55:00,373.9,374.18,373.82,374.07,107,1,0,0.01
2026-06-24 18:00:00,374.06,374.3,373.51,373.53,112,2,0,0.02
2026-06-24 18:05:00,373.53,374.11,373.53,373.95,112,2,0,0.02
2026-06-24 18:10:00,373.95,374.56,373.9,374.18,123,1,0,0.01
2026-06-24 18:15:00,374.18,374.4,373.9,374.29,71,1,0,0.01
2026-06-24 18:20:00,374.25,374.29,373.57,373.61,43,1,0,0.01
2026-06-24 18:25:00,373.61,373.62,373.17,373.33,38,2,0,0.02
2026-06-24 18:30:00,372.93,373.21,372.87,373.0,42,4,0,0.04
2026-06-24 18:35:00,373.0,373.16,372.48,372.48,40,1,0,0.01
2026-06-24 18:40:00,372.54,372.61,372.21,372.49,43,2,0,0.02
2026-06-24 18:45:00,372.44,373.06,372.42,373.06,47,2,0,0.02
2026-06-24 18:50:00,373.06,373.32,372.68,372.71,56,1,0,0.01
2026-06-24 18:55:00,372.71,372.95,372.52,372.76,40,1,0,0.01
2026-06-24 19:00:00,372.77,373.29,372.75,373.19,66,1,0,0.01
2026-06-24 19:05:00,373.17,373.21,372.3,372.31,51,3,0,0.03
2026-06-24 19:10:00,372.31,372.58,371.93,372.03,45,1,0,0.01
2026-06-24 19:15:00,372.04,372.11,371.29,371.4,49,1,0,0.01
2026-06-24 19:20:00,371.3,371.35,371.01,371.21,50,2,0,0.02
2026-06-24 19:25:00,371.17,371.21,370.9,371.05,50,2,0,0.02
2026-06-24 19:30:00,370.87,371.18,370.45,370.9,68,2,0,0.02
2026-06-24 19:35:00,370.91,371.55,370.91,371.41,62,2,0,0.02
2026-06-24 19:40:00,371.75,371.83,370.96,371.1,61,1,0,0.01
2026-06-24 19:45:00,370.96,370.98,370.4,370.83,53,3,0,0.03
2026-06-24 19:50:00,370.78,370.87,370.5,370.61,43,3,0,0.03
2026-06-24 19:55:00,370.73,371.02,370.65,370.67,41,1,0,0.01
2026-06-24 20:00:00,370.64,371.34,370.62,371.27,56,1,0,0.01
2026-06-24 20:05:00,371.27,371.67,371.27,371.58,55,1,0,0.01
2026-06-24 20:10:00,371.58,371.87,371.53,371.87,36,1,0,0.01
2026-06-24 20:15:00,371.84,371.97,371.7,371.86,51,3,0,0.03
2026-06-24 20:20:00,372.0,372.14,371.83,371.97,59,1,0,0.01
2026-06-24 20:25:00,371.97,372.0,370.7,370.99,56,1,0,0.01
2026-06-24 20:30:00,370.99,371.34,370.66,371.34,71,2,0,0.02
2026-06-24 20:35:00,371.34,371.34,370.6,370.8,95,1,0,0.01
2026-06-24 20:40:00,370.8,370.82,369.12,369.18,115,1,0,0.01
2026-06-24 20:45:00,369.13,369.34,368.77,368.78,111,1,0,0.01
2026-06-24 20:50:00,368.91,368.98,368.56,368.83,116,1,0,0.01
2026-06-24 20:55:00,368.77,369.23,368.63,368.95,100,1,0,0.01
2026-06-24 21:00:00,369.02,369.21,368.51,369.21,93,1,0,0.01
2026-06-24 21:05:00,369.23,369.23,368.51,368.93,102,1,0,0.01
2026-06-24 21:10:00,368.94,368.96,368.5,368.76,100,1,0,0.01
2026-06-24 21:15:00,368.73,368.82,368.51,368.6,50,1,0,0.01
2026-06-24 21:20:00,368.68,368.76,368.42,368.54,54,1,0,0.01
2026-06-24 21:25:00,368.56,368.9,368.5,368.73,40,1,0,0.01
2026-06-24 21:30:00,368.73,368.73,368.09,368.47,52,2,0,0.02
2026-06-24 21:35:00,368.45,368.68,368.28,368.28,45,1,0,0.01
2026-06-24 21:40:00,368.3,368.51,367.52,367.78,88,1,0,0.01
2026-06-24 21:45:00,367.81,368.18,367.8,368.02,42,1,0,0.01
2026-06-24 21:50:00,368.02,368.11,366.97,367.79,42,1,0,0.01
2026-06-24 21:55:00,367.73,367.89,364.83,365.21,57,1,0,0.01
2026-06-25 15:30:00,362.68,363.91,359.01,359.91,194,1,0,0.01
2026-06-25 15:35:00,359.84,361.84,359.84,360.31,164,1,0,0.01
2026-06-25 15:40:00,360.26,360.31,358.58,358.91,141,1,0,0.01
2026-06-25 15:45:00,358.91,359.17,356.6,357.29,204,1,0,0.01
2026-06-25 15:50:00,357.27,358.0,356.69,357.26,172,1,0,0.01
2026-06-25 15:55:00,357.41,357.88,357.13,357.45,180,1,0,0.01
2026-06-25 16:00:00,357.38,358.63,356.96,358.09,168,1,0,0.01
2026-06-25 16:05:00,358.04,358.53,357.71,357.9,134,1,0,0.01
2026-06-25 16:10:00,357.75,358.43,357.6,358.26,146,1,0,0.01
2026-06-25 16:15:00,358.26,359.73,358.04,359.73,177,2,0,0.02
2026-06-25 16:20:00,359.63,359.93,358.75,359.33,91,2,0,0.02
2026-06-25 16:25:00,359.1,359.93,358.79,359.81,169,1,0,0.01
2026-06-25 16:30:00,359.88,359.91,358.44,358.73,172,1,0,0.01
2026-06-25 16:35:00,358.74,358.98,358.2,358.32,150,1,0,0.01
2026-06-25 16:40:00,358.37,358.37,357.0,357.63,115,1,0,0.01
2026-06-25 16:45:00,357.66,357.9,356.63,356.89,174,1,0,0.01
2026-06-25 16:50:00,356.89,357.71,356.45,357.66,176,1,0,0.01
2026-06-25 16:55:00,357.67,357.67,355.4,355.48,175,1,0,0.01
2026-06-25 17:00:00,355.58,355.94,355.12,355.46,160,1,0,0.01
2026-06-25 17:05:00,355.42,355.66,354.05,354.1,112,1,0,0.01
2026-06-25 17:10:00,354.1,354.75,353.76,354.75,126,1,0,0.01
2026-06-25 17:15:00,354.76,354.78,354.1,354.44,170,1,0,0.01
2026-06-25 17:20:00,354.5,355.22,354.23,354.87,80,1,0,0.01
2026-06-25 17:25:00,354.95,356.14,354.67,356.05,163,1,0,0.01
2026-06-25 17:30:00,356.04,356.56,355.56,355.62,175,1,0,0.01
2026-06-25 17:35:00,355.65,356.08,355.42,355.43,139,1,0,0.01
2026-06-25 17:40:00,355.44,355.79,355.0,355.75,131,1,0,0.01
2026-06-25 17:45:00,355.72,356.21,355.07,355.08,141,1,0,0.01
2026-06-25 17:50:00,355.06,355.62,354.82,355.52,138,1,0,0.01
2026-06-25 17:55:00,355.55,356.2,355.5,355.58,147,1,0,0.01
2026-06-25 18:00:00,355.58,355.58,354.41,354.53,150,1,0,0.01
2026-06-25 18:05:00,354.51,354.64,354.04,354.17,128,1,0,0.01
2026-06-25 18:10:00,354.14,354.4,352.78,353.0,179,1,0,0.01
2026-06-25 18:15:00,353.01,353.91,352.72,353.88,171,1,0,0.01
2026-06-25 18:20:00,353.85,354.18,353.0,353.04,115,1,0,0.01
2026-06-25 18:25:00,353.04,353.06,352.37,352.46,147,1,0,0.01
2026-06-25 18:30:00,352.39,352.55,351.7,351.73,164,1,0,0.01
2026-06-25 18:35:00,351.74,352.2,351.61,352.2,160,1,0,0.01
2026-06-25 18:40:00,352.2,352.29,351.42,351.77,163,1,0,0.01
2026-06-25 18:45:00,351.8,351.92,351.52,351.66,159,1,0,0.01
2026-06-25 18:50:00,351.66,351.77,351.36,351.49,142,1,0,0.01
2026-06-25 18:55:00,351.44,351.76,351.12,351.55,136,1,0,0.01
2026-06-25 19:00:00,351.59,351.77,351.29,351.29,133,1,0,0.01
2026-06-25 19:05:00,351.24,351.75,350.86,351.47,152,1,0,0.01
2026-06-25 19:10:00,351.47,351.94,351.13,351.84,152,1,0,0.01
2026-06-25 19:15:00,351.86,352.26,351.42,351.42,156,1,0,0.01
2026-06-25 19:20:00,351.42,352.26,351.35,351.71,154,1,0,0.01
2026-06-25 19:25:00,351.7,352.14,351.42,351.6,152,1,0,0.01
2026-06-25 19:30:00,351.6,351.69,351.01,351.11,150,1,0,0.01
2026-06-25 19:35:00,351.11,351.3,350.57,350.64,145,1,0,0.01
2026-06-25 19:40:00,350.62,350.62,350.01,350.1,166,1,0,0.01
2026-06-25 19:45:00,350.1,350.16,349.23,349.62,168,1,0,0.01
2026-06-25 19:50:00,349.61,350.88,349.26,350.75,177,1,0,0.01
2026-06-25 19:55:00,350.73,350.93,350.41,350.64,179,1,0,0.01
2026-06-25 20:00:00,350.59,350.79,350.26,350.73,141,1,0,0.01
2026-06-25 20:05:00,350.73,351.4,350.73,351.26,70,1,0,0.01
2026-06-25 20:10:00,351.26,351.76,351.26,351.64,68,1,0,0.01
2026-06-25 20:15:00,351.65,354.57,351.35,354.42,121,1,0,0.01
2026-06-25 20:20:00,354.48,355.68,354.17,355.68,175,1,0,0.01
2026-06-25 20:25:00,355.68,357.71,355.68,357.71,169,1,0,0.01
2026-06-25 20:30:00,357.73,357.76,356.43,356.74,164,1,0,0.01
2026-06-25 20:35:00,356.79,357.15,356.45,357.13,137,1,0,0.01
2026-06-25 20:40:00,357.14,357.14,355.89,355.89,142,1,0,0.01
2026-06-25 20:45:00,355.89,355.89,354.31,355.05,153,1,0,0.01
2026-06-25 20:50:00,355.06,355.67,355.05,355.54,142,1,0,0.01
2026-06-25 20:55:00,355.57,355.76,355.0,355.31,143,1,0,0.01
2026-06-25 21:00:00,355.35,355.63,353.9,354.04,153,1,0,0.01
2026-06-25 21:05:00,354.04,355.57,353.96,355.08,122,3,0,0.03
2026-06-25 21:10:00,355.08,355.12,354.26,354.5,138,1,0,0.01
2026-06-25 21:15:00,354.5,354.5,353.13,353.34,158,1,0,0.01
2026-06-25 21:20:00,353.34,353.52,353.03,353.37,151,1,0,0.01
2026-06-25 21:25:00,353.37,353.45,352.3,352.58,148,1,0,0.01
2026-06-25 21:30:00,352.59,353.34,352.47,353.06,157,1,0,0.01
2026-06-25 21:35:00,353.06,353.26,352.56,352.6,140,1,0,0.01
2026-06-25 21:40:00,352.6,353.46,352.5,352.86,139,1,0,0.01
2026-06-25 21:45:00,352.77,353.75,352.55,353.58,177,1,0,0.01
2026-06-25 21:50:00,354.56,354.67,353.31,354.36,179,1,0,0.01
2026-06-25 21:55:00,354.32,354.32,351.73,351.77,175,1,0,0.01
2026-06-26 15:30:00,356.94,357.77,356.02,356.44,66,2,0,0.02
2026-06-26 15:35:00,356.48,361.44,356.48,361.19,60,1,0,0.01
2026-06-26 15:40:00,361.19,361.39,359.7,361.27,60,1,0,0.01
2026-06-26 15:45:00,361.27,364.13,360.24,363.88,52,1,0,0.01
2026-06-26 15:50:00,363.61,363.82,362.33,362.43,57,1,0,0.01
2026-06-26 15:55:00,362.43,363.08,361.52,362.31,39,3,0,0.03
2026-06-26 16:00:00,362.25,362.37,361.0,362.3,44,1,0,0.01
2026-06-26 16:05:00,362.3,364.1,362.11,364.05,60,1,0,0.01
2026-06-26 16:10:00,364.04,365.26,364.0,364.13,67,1,0,0.01
2026-06-26 16:15:00,364.14,364.62,363.53,364.27,55,1,0,0.01
2026-06-26 16:20:00,364.3,365.69,364.3,365.59,70,1,0,0.01
2026-06-26 16:25:00,365.69,367.64,365.63,367.03,75,1,0,0.01
2026-06-26 16:30:00,367.01,367.69,366.62,367.08,60,2,0,0.02
2026-06-26 16:35:00,367.08,367.21,365.54,365.94,79,1,0,0.01
2026-06-26 16:40:00,365.95,367.13,365.31,366.72,68,1,0,0.01
2026-06-26 16:45:00,366.72,368.75,366.57,368.45,58,1,0,0.01
2026-06-26 16:50:00,368.45,369.21,368.22,369.21,55,1,0,0.01
2026-06-26 16:55:00,368.96,370.21,368.73,369.99,72,1,0,0.01
2026-06-26 17:00:00,369.97,370.48,369.4,369.44,73,1,0,0.01
2026-06-26 17:05:00,369.47,369.61,369.08,369.61,61,1,0,0.01
2026-06-26 17:10:00,369.62,370.08,368.63,368.63,69,1,0,0.01
2026-06-26 17:15:00,368.62,368.97,367.85,367.88,67,1,0,0.01
2026-06-26 17:20:00,367.82,369.05,367.8,369.05,60,1,0,0.01
2026-06-26 17:25:00,369.01,370.46,368.72,370.41,61,2,0,0.02
2026-06-26 17:30:00,370.39,371.41,370.3,371.11,90,1,0,0.01
2026-06-26 17:35:00,370.89,371.22,370.07,371.02,95,1,0,0.01
2026-06-26 17:40:00,370.98,371.09,370.2,370.92,88,1,0,0.01
2026-06-26 17:45:00,371.03,371.22,370.13,370.74,60,1,0,0.01
2026-06-26 17:50:00,370.67,371.09,369.87,369.87,47,1,0,0.01
2026-06-26 17:55:00,369.77,369.84,369.34,369.51,61,1,0,0.01
2026-06-26 18:00:00,369.97,370.32,369.6,369.96,57,1,0,0.01
2026-06-26 18:05:00,369.96,370.04,368.32,368.38,64,1,0,0.01
2026-06-26 18:10:00,368.35,368.36,367.82,368.0,49,1,0,0.01
2026-06-26 18:15:00,368.05,368.62,367.99,368.3,61,1,0,0.01
2026-06-26 18:20:00,368.28,368.93,368.28,368.69,52,1,0,0.01
2026-06-26 18:25:00,368.69,368.7,367.71,367.87,65,1,0,0.01
2026-06-26 18:30:00,367.88,368.93,367.84,368.86,56,1,0,0.01
2026-06-26 18:35:00,368.86,369.51,368.86,369.4,54,2,0,0.02
2026-06-26 18:40:00,369.4,369.69,369.14,369.25,50,1,0,0.01
2026-06-26 18:45:00,369.25,370.11,369.16,370.11,52,2,0,0.02
2026-06-26 18:50:00,370.31,370.77,370.08,370.44,67,1,0,0.01
2026-06-26 18:55:00,370.44,370.53,369.46,369.46,54,1,0,0.01
2026-06-26 19:00:00,369.41,370.11,369.31,370.11,38,1,0,0.01
2026-06-26 19:05:00,370.07,370.2,369.38,369.62,48,1,0,0.01
2026-06-26 19:10:00,369.65,370.33,369.53,369.65,41,2,0,0.02
2026-06-26 19:15:00,369.56,370.27,369.52,369.8,57,1,0,0.01
2026-06-26 19:20:00,369.81,369.81,369.36,369.36,50,1,0,0.01
2026-06-26 19:25:00,369.19,369.89,369.16,369.82,42,1,0,0.01
2026-06-26 19:30:00,369.84,369.85,368.95,369.05,44,1,0,0.01
2026-06-26 19:35:00,368.99,369.71,368.68,369.67,52,1,0,0.01
2026-06-26 19:40:00,369.7,370.96,369.62,370.89,48,2,0,0.02
2026-06-26 19:45:00,370.9,371.14,370.58,370.79,57,1,0,0.01
2026-06-26 19:50:00,370.79,370.83,370.44,370.47,44,1,0,0.01
2026-06-26 19:55:00,370.46,370.84,370.07,370.82,45,1,0,0.01
2026-06-26 20:00:00,370.78,370.98,370.46,370.75,51,1,0,0.01
2026-06-26 20:05:00,370.84,371.68,370.84,371.22,43,1,0,0.01
2026-06-26 20:10:00,371.24,371.67,371.24,371.65,54,1,0,0.01
2026-06-26 20:15:00,371.58,371.73,371.26,371.28,46,1,0,0.01
2026-06-26 20:20:00,371.27,371.31,370.63,371.09,62,1,0,0.01
2026-06-26 20:25:00,371.17,371.17,370.49,370.49,52,1,0,0.01
2026-06-26 20:30:00,370.58,371.32,370.29,371.31,51,1,0,0.01
2026-06-26 20:35:00,371.33,371.57,370.23,370.41,52,1,0,0.01
2026-06-26 20:40:00,370.39,370.98,370.34,370.65,47,1,0,0.01
2026-06-26 20:45:00,370.67,370.7,370.29,370.7,54,1,0,0.01
2026-06-26 20:50:00,370.65,370.77,369.63,369.79,62,1,0,0.01
2026-06-26 20:55:00,369.79,370.21,369.43,369.89,78,1,0,0.01
2026-06-26 21:00:00,369.88,370.93,369.48,370.85,91,1,0,0.01
2026-06-26 21:05:00,370.86,371.1,370.13,370.29,58,1,0,0.01
2026-06-26 21:10:00,370.25,370.91,370.01,370.66,42,1,0,0.01
2026-06-26 21:15:00,370.66,371.55,370.66,371.1,48,1,0,0.01
2026-06-26 21:20:00,371.11,371.24,371.09,371.16,35,1,0,0.01
2026-06-26 21:25:00,371.17,371.21,370.07,370.09,47,1,0,0.01
2026-06-26 21:30:00,370.01,372.12,369.8,372.09,47,1,0,0.01
2026-06-26 21:35:00,372.09,372.42,371.66,372.27,62,1,0,0.01
2026-06-26 21:40:00,372.0,372.68,371.87,372.67,34,1,0,0.01
2026-06-26 21:45:00,372.67,373.91,372.67,373.2,47,1,0,0.01
2026-06-26 21:50:00,373.26,376.36,373.08,376.24,55,1,0,0.01
2026-06-26 21:55:00,376.27,376.35,374.12,374.12,66,1,0,0.01
2026-06-29 15:30:00,377.22,379.6,375.33,378.39,188,2,0,0.02
2026-06-29 15:35:00,378.15,379.03,374.55,378.99,172,2,0,0.02
2026-06-29 15:40:00,379.0,379.22,377.06,377.57,163,1,0,0.01
2026-06-29 15:45:00,377.77,379.4,377.47,378.11,194,1,0,0.01
2026-06-29 15:50:00,378.13,380.39,378.0,379.21,188,1,0,0.01
2026-06-29 15:55:00,379.2,379.63,377.8,378.81,184,1,0,0.01
2026-06-29 16:00:00,378.94,379.39,377.7,378.46,153,1,0,0.01
2026-06-29 16:05:00,378.37,378.37,376.23,376.66,137,1,0,0.01
2026-06-29 16:10:00,376.69,376.83,375.07,375.89,159,1,0,0.01
2026-06-29 16:15:00,375.75,376.83,375.22,376.04,202,1,0,0.01
2026-06-29 16:20:00,376.03,376.59,375.22,376.49,96,1,0,0.01
2026-06-29 16:25:00,376.52,377.03,375.44,376.17,187,1,0,0.01
2026-06-29 16:30:00,376.17,376.29,374.49,375.61,172,1,0,0.01
2026-06-29 16:35:00,375.53,376.17,375.0,375.33,159,1,0,0.01
2026-06-29 16:40:00,375.37,377.06,375.37,376.42,159,1,0,0.01
2026-06-29 16:45:00,376.39,376.5,375.19,375.52,171,1,0,0.01
2026-06-29 16:50:00,375.38,376.16,374.5,374.5,163,1,0,0.01
2026-06-29 16:55:00,374.47,374.52,371.74,372.0,182,1,0,0.01
2026-06-29 17:00:00,371.9,373.06,371.13,372.71,190,1,0,0.01
2026-06-29 17:05:00,372.69,372.81,371.59,371.62,145,1,0,0.01
2026-06-29 17:10:00,371.62,373.01,371.52,372.81,82,1,0,0.01
2026-06-29 17:15:00,372.88,372.92,372.43,372.71,77,1,0,0.01
2026-06-29 17:20:00,372.71,373.17,372.4,373.0,49,1,0,0.01
2026-06-29 17:25:00,373.11,373.66,372.75,373.25,68,1,0,0.01
2026-06-29 17:30:00,373.26,373.35,372.78,372.88,72,1,0,0.01
2026-06-29 17:35:00,372.88,372.88,372.33,372.4,123,1,0,0.01
2026-06-29 17:40:00,372.4,372.4,371.26,371.69,147,1,0,0.01
2026-06-29 17:45:00,371.6,371.6,370.25,370.55,152,1,0,0.01
2026-06-29 17:50:00,370.55,371.47,370.31,370.66,147,1,0,0.01
2026-06-29 17:55:00,370.6,371.56,370.56,371.56,143,1,0,0.01
2026-06-29 18:00:00,371.55,371.72,370.42,370.48,147,1,0,0.01
2026-06-29 18:05:00,370.45,370.59,368.88,368.96,140,1,0,0.01
2026-06-29 18:10:00,369.01,369.12,368.01,368.2,161,1,0,0.01
2026-06-29 18:15:00,368.2,368.68,367.78,367.95,154,1,0,0.01
2026-06-29 18:20:00,367.95,368.7,367.02,368.19,93,1,0,0.01
2026-06-29 18:25:00,368.24,368.56,368.0,368.17,130,1,0,0.01
2026-06-29 18:30:00,368.15,368.29,367.51,367.51,133,1,0,0.01
2026-06-29 18:35:00,367.51,368.38,367.2,367.98,135,1,0,0.01
2026-06-29 18:40:00,367.92,368.17,367.28,367.3,161,1,0,0.01
2026-06-29 18:45:00,367.33,368.4,367.24,368.37,156,1,0,0.01
2026-06-29 18:50:00,368.4,369.42,368.25,369.18,170,1,0,0.01
2026-06-29 18:55:00,369.17,369.36,368.67,368.94,131,1,0,0.01
2026-06-29 19:00:00,368.94,369.07,368.28,368.34,134,1,0,0.01
2026-06-29 19:05:00,368.28,368.85,368.26,368.46,112,1,0,0.01
2026-06-29 19:10:00,368.46,368.93,367.8,368.88,143,1,0,0.01
2026-06-29 19:15:00,368.89,370.17,368.87,370.02,139,1,0,0.01
2026-06-29 19:20:00,369.93,370.24,369.5,369.5,89,1,0,0.01
2026-06-29 19:25:00,369.5,369.96,369.35,369.58,135,1,0,0.01
2026-06-29 19:30:00,369.6,370.11,369.2,369.79,129,1,0,0.01
2026-06-29 19:35:00,369.88,370.17,369.17,369.68,129,1,0,0.01
2026-06-29 19:40:00,369.69,369.71,368.35,369.1,150,1,0,0.01
2026-06-29 19:45:00,369.1,369.44,369.0,369.13,132,1,0,0.01
2026-06-29 19:50:00,369.13,369.35,368.82,368.82,111,1,0,0.01
2026-06-29 19:55:00,368.81,369.04,368.65,368.74,128,1,0,0.01
2026-06-29 20:00:00,368.76,368.76,368.08,368.43,109,1,0,0.01
2026-06-29 20:05:00,368.43,368.62,368.06,368.06,97,1,0,0.01
2026-06-29 20:10:00,368.06,368.55,368.06,368.23,127,1,0,0.01
2026-06-29 20:15:00,368.21,368.38,367.71,367.74,112,1,0,0.01
2026-06-29 20:20:00,367.77,368.09,367.59,367.7,87,1,0,0.01
2026-06-29 20:25:00,367.61,368.14,367.56,368.0,124,1,0,0.01
2026-06-29 20:30:00,368.01,368.77,368.0,368.06,132,1,0,0.01
2026-06-29 20:35:00,368.11,368.54,367.9,368.25,101,1,0,0.01
2026-06-29 20:40:00,368.25,368.39,368.0,368.1,117,1,0,0.01
2026-06-29 20:45:00,368.1,368.38,367.53,367.6,122,1,0,0.01
2026-06-29 20:50:00,367.6,368.37,367.28,368.29,129,1,0,0.01
2026-06-29 20:55:00,368.32,368.32,367.7,368.11,122,1,0,0.01
2026-06-29 21:00:00,368.11,368.29,367.91,368.15,120,1,0,0.01
2026-06-29 21:05:00,368.12,368.49,368.0,368.43,108,1,0,0.01
2026-06-29 21:10:00,368.48,369.57,368.4,368.82,135,1,0,0.01
2026-06-29 21:15:00,368.88,369.01,368.36,368.55,128,1,0,0.01
2026-06-29 21:20:00,368.54,368.82,367.72,367.74,131,1,0,0.01
2026-06-29 21:25:00,367.73,367.95,367.37,367.4,138,1,0,0.01
2026-06-29 21:30:00,367.41,367.41,366.82,367.15,165,1,0,0.01
2026-06-29 21:35:00,367.15,367.84,367.15,367.72,127,1,0,0.01
2026-06-29 21:40:00,367.66,368.33,367.3,367.72,117,1,0,0.01
2026-06-29 21:45:00,367.72,368.5,367.72,368.33,122,1,0,0.01
2026-06-29 21:50:00,368.33,368.36,367.91,368.05,151,1,0,0.01
2026-06-29 21:55:00,368.05,368.99,368.02,368.81,157,1,0,0.01
2026-06-30 15:30:00,370.1,370.95,367.4,369.02,177,1,0,0.01
2026-06-30 15:35:00,369.05,370.84,369.02,370.55,160,1,0,0.01
2026-06-30 15:40:00,370.59,371.8,369.84,369.84,151,2,0,0.02
2026-06-30 15:45:00,369.84,371.34,369.8,371.34,180,1,0,0.01
2026-06-30 15:50:00,371.44,372.51,371.22,371.25,179,1,0,0.01
2026-06-30 15:55:00,371.21,372.52,371.21,371.45,155,1,0,0.01
2026-06-30 16:00:00,371.45,372.21,370.64,371.76,160,3,0,0.03
2026-06-30 16:05:00,371.79,372.01,371.02,371.1,132,1,0,0.01
2026-06-30 16:10:00,371.14,371.83,370.5,371.42,103,1,0,0.01
2026-06-30 16:15:00,371.43,372.42,371.4,372.04,144,1,0,0.01
2026-06-30 16:20:00,372.02,372.51,371.67,372.14,91,1,0,0.01
2026-06-30 16:25:00,372.15,372.31,371.51,371.94,129,1,0,0.01
2026-06-30 16:30:00,371.9,372.44,371.8,372.23,146,1,0,0.01
2026-06-30 16:35:00,372.25,372.44,371.3,371.33,126,1,0,0.01
2026-06-30 16:40:00,371.42,372.31,371.39,372.31,150,1,0,0.01
2026-06-30 16:45:00,372.32,372.56,371.67,371.87,134,1,0,0.01
2026-06-30 16:50:00,371.94,372.12,370.33,370.33,137,1,0,0.01
2026-06-30 16:55:00,370.33,370.33,369.16,369.73,159,1,0,0.01
2026-06-30 17:00:00,369.73,369.94,368.78,368.98,156,1,0,0.01
2026-06-30 17:05:00,368.98,369.08,368.17,369.08,124,1,0,0.01
2026-06-30 17:10:00,369.08,369.55,369.01,369.52,73,2,0,0.02
2026-06-30 17:15:00,369.47,369.67,369.2,369.55,121,1,0,0.01
2026-06-30 17:20:00,369.56,370.15,369.51,370.1,104,1,0,0.01
2026-06-30 17:25:00,370.1,370.59,369.86,370.59,144,1,0,0.01
2026-06-30 17:30:00,370.59,370.65,370.0,370.34,109,1,0,0.01
2026-06-30 17:35:00,370.34,370.81,370.34,370.56,107,1,0,0.01
2026-06-30 17:40:00,370.53,370.84,370.06,370.1,86,1,0,0.01
2026-06-30 17:45:00,370.1,370.71,369.8,370.1,109,1,0,0.01
2026-06-30 17:50:00,370.16,370.59,369.88,370.12,126,1,0,0.01
2026-06-30 17:55:00,370.15,370.49,369.9,370.49,93,1,0,0.01
2026-06-30 18:00:00,370.55,371.35,370.5,371.29,85,2,0,0.02
2026-06-30 18:05:00,371.28,371.29,370.65,370.65,111,1,0,0.01
2026-06-30 18:10:00,370.71,370.95,370.22,370.63,116,1,0,0.01
2026-06-30 18:15:00,370.63,371.01,370.52,370.52,115,1,0,0.01
2026-06-30 18:20:00,370.52,370.88,370.46,370.79,73,1,0,0.01
2026-06-30 18:25:00,370.8,370.91,370.59,370.88,132,1,0,0.01
2026-06-30 18:30:00,370.88,371.13,370.6,370.82,134,1,0,0.01
2026-06-30 18:35:00,370.75,370.88,370.56,370.66,111,1,0,0.01
2026-06-30 18:40:00,370.67,370.99,370.51,370.95,107,1,0,0.01
2026-06-30 18:45:00,370.95,372.08,370.95,372.01,114,2,0,0.02
2026-06-30 18:50:00,372.01,373.11,371.87,373.09,151,1,0,0.01
2026-06-30 18:55:00,373.12,373.3,372.6,372.69,139,1,0,0.01
2026-06-30 19:00:00,372.7,372.96,371.94,371.94,117,1,0,0.01
2026-06-30 19:05:00,371.94,372.43,371.27,371.27,122,1,0,0.01
2026-06-30 19:10:00,371.31,371.43,370.66,370.78,111,1,0,0.01
2026-06-30 19:15:00,370.76,371.25,370.76,371.01,122,1,0,0.01
2026-06-30 19:20:00,371.03,371.64,371.01,371.43,92,1,0,0.01
2026-06-30 19:25:00,371.43,371.56,371.2,371.31,113,1,0,0.01
2026-06-30 19:30:00,371.35,371.38,370.82,371.31,100,1,0,0.01
2026-06-30 19:35:00,371.37,371.41,370.73,370.81,101,1,0,0.01
2026-06-30 19:40:00,370.8,371.01,370.57,370.87,109,1,0,0.01
2026-06-30 19:45:00,370.87,370.87,370.4,370.71,105,1,0,0.01
2026-06-30 19:50:00,370.72,371.28,370.49,371.21,109,1,0,0.01
2026-06-30 19:55:00,371.24,371.41,370.81,370.88,109,1,0,0.01
2026-06-30 20:00:00,370.87,371.11,370.29,370.99,117,1,0,0.01
2026-06-30 20:05:00,371.0,371.11,370.66,370.87,84,1,0,0.01
2026-06-30 20:10:00,370.89,370.92,370.42,370.67,100,1,0,0.01
2026-06-30 20:15:00,370.67,370.89,370.63,370.85,92,1,0,0.01
2026-06-30 20:20:00,370.85,371.26,370.85,371.02,83,1,0,0.01
2026-06-30 20:25:00,371.02,371.25,370.71,370.77,123,1,0,0.01
2026-06-30 20:30:00,370.77,370.93,370.34,370.55,123,1,0,0.01
2026-06-30 20:35:00,370.55,370.79,370.41,370.46,114,1,0,0.01
2026-06-30 20:40:00,370.52,370.71,370.33,370.34,110,1,0,0.01
2026-06-30 20:45:00,370.34,370.66,369.82,370.64,111,1,0,0.01
2026-06-30 20:50:00,370.64,370.72,370.32,370.54,125,1,0,0.01
2026-06-30 20:55:00,370.54,370.65,370.25,370.48,106,1,0,0.01
2026-06-30 21:00:00,370.48,370.93,370.35,370.43,112,1,0,0.01
2026-06-30 21:05:00,370.44,371.32,370.39,370.98,126,1,0,0.01
2026-06-30 21:10:00,370.98,371.3,370.83,371.29,124,1,0,0.01
2026-06-30 21:15:00,371.22,371.72,371.02,371.19,123,1,0,0.01
2026-06-30 21:20:00,371.19,371.65,371.0,371.65,132,1,0,0.01
2026-06-30 21:25:00,371.65,371.82,371.02,371.2,150,1,0,0.01
2026-06-30 21:30:00,371.19,371.83,371.06,371.66,128,1,0,0.01
2026-06-30 21:35:00,371.66,371.95,371.44,371.88,131,1,0,0.01
2026-06-30 21:40:00,371.9,372.17,371.77,371.83,144,1,0,0.01
2026-06-30 21:45:00,371.81,371.98,371.13,371.54,146,1,0,0.01
2026-06-30 21:50:00,371.5,371.94,370.88,371.94,170,1,0,0.01
2026-06-30 21:55:00,371.97,373.97,371.77,372.98,145,1,0,0.01
2026-07-01 15:30:00,380.65,380.65,376.53,376.69,197,1,0,0.01
2026-07-01 15:35:00,376.61,380.57,376.61,380.0,175,1,0,0.01
2026-07-01 15:40:00,379.79,379.79,376.85,377.0,178,3,0,0.03
2026-07-01 15:45:00,377.0,377.54,375.49,375.49,178,2,0,0.02
2026-07-01 15:50:00,375.46,378.16,374.98,377.61,178,1,0,0.01
2026-07-01 15:55:00,377.55,378.47,376.47,377.3,176,1,0,0.01
2026-07-01 16:00:00,377.43,378.53,376.73,378.4,167,1,0,0.01
2026-07-01 16:05:00,378.4,380.16,378.4,378.66,138,1,0,0.01
2026-07-01 16:10:00,378.66,380.56,378.3,379.97,164,1,0,0.01
2026-07-01 16:15:00,379.91,380.93,379.8,380.78,158,1,0,0.01
2026-07-01 16:20:00,380.73,383.05,380.35,382.4,138,1,0,0.01
2026-07-01 16:25:00,382.35,383.01,381.95,382.23,172,1,0,0.01
2026-07-01 16:30:00,382.23,383.83,381.38,383.83,171,1,0,0.01
2026-07-01 16:35:00,383.8,383.84,382.81,383.34,156,1,0,0.01
2026-07-01 16:40:00,383.35,384.42,383.26,384.27,152,1,0,0.01
2026-07-01 16:45:00,384.27,384.8,382.95,384.8,168,1,0,0.01
2026-07-01 16:50:00,384.68,385.33,384.15,384.53,167,1,0,0.01
2026-07-01 16:55:00,384.53,385.41,384.53,385.22,153,1,0,0.01
2026-07-01 17:00:00,385.21,385.81,384.82,384.95,165,1,0,0.01
2026-07-01 17:05:00,384.95,386.33,384.95,385.83,128,1,0,0.01
2026-07-01 17:10:00,385.84,386.69,385.76,386.56,80,1,0,0.01
2026-07-01 17:15:00,386.54,387.76,386.1,386.16,157,1,0,0.01
2026-07-01 17:20:00,386.19,387.5,386.19,386.57,130,1,0,0.01
2026-07-01 17:25:00,386.68,387.16,386.06,386.77,155,1,0,0.01
2026-07-01 17:30:00,386.68,386.87,384.03,384.64,161,1,0,0.01
2026-07-01 17:35:00,384.61,385.08,383.58,384.93,143,1,0,0.01
2026-07-01 17:40:00,384.93,385.11,384.28,384.59,162,1,0,0.01
2026-07-01 17:45:00,384.57,384.97,383.81,384.14,152,1,0,0.01
2026-07-01 17:50:00,384.18,384.67,383.83,384.65,124,1,0,0.01
2026-07-01 17:55:00,384.74,386.04,384.7,385.73,133,1,0,0.01
2026-07-01 18:00:00,385.82,386.29,385.73,385.88,132,1,0,0.01
2026-07-01 18:05:00,385.88,386.01,385.56,385.82,114,1,0,0.01
2026-07-01 18:10:00,385.82,386.22,385.58,386.2,130,1,0,0.01
2026-07-01 18:15:00,386.2,386.36,385.53,385.57,129,1,0,0.01
2026-07-01 18:20:00,385.59,386.14,385.03,385.95,104,2,0,0.02
2026-07-01 18:25:00,385.95,386.25,385.57,385.57,134,1,0,0.01
2026-07-01 18:30:00,385.59,385.95,385.44,385.73,122,1,0,0.01
2026-07-01 18:35:00,385.73,386.29,385.5,385.75,120,1,0,0.01
2026-07-01 18:40:00,385.77,386.07,385.33,386.07,128,1,0,0.01
2026-07-01 18:45:00,386.1,386.28,385.65,385.87,106,1,0,0.01
2026-07-01 18:50:00,385.77,386.52,385.77,386.5,123,1,0,0.01
2026-07-01 18:55:00,386.5,387.03,386.08,386.23,133,1,0,0.01
2026-07-01 19:00:00,386.24,386.86,386.07,386.2,134,1,0,0.01
2026-07-01 19:05:00,386.2,386.88,386.2,386.59,117,1,0,0.01
2026-07-01 19:10:00,386.64,387.0,386.38,386.73,103,1,0,0.01
2026-07-01 19:15:00,386.74,387.93,386.71,387.76,125,1,0,0.01
2026-07-01 19:20:00,387.78,388.07,387.61,387.88,122,1,0,0.01
2026-07-01 19:25:00,387.88,388.07,387.67,387.77,141,1,0,0.01
2026-07-01 19:30:00,387.77,387.98,387.33,387.47,148,1,0,0.01
2026-07-01 19:35:00,387.35,387.55,387.02,387.06,136,1,0,0.01
2026-07-01 19:40:00,387.06,387.15,386.57,386.62,125,1,0,0.01
2026-07-01 19:45:00,386.62,387.41,386.62,387.2,119,1,0,0.01
2026-07-01 19:50:00,387.26,387.81,387.05,387.77,134,1,0,0.01
2026-07-01 19:55:00,387.79,388.21,387.45,387.68,113,1,0,0.01
2026-07-01 20:00:00,387.68,388.21,387.54,388.21,126,1,0,0.01
2026-07-01 20:05:00,388.17,388.69,388.12,388.49,123,1,0,0.01
2026-07-01 20:10:00,388.46,388.79,387.78,387.91,143,1,0,0.01
2026-07-01 20:15:00,387.91,387.94,387.45,387.7,124,1,0,0.01
2026-07-01 20:20:00,387.61,388.17,387.21,387.51,121,1,0,0.01
2026-07-01 20:25:00,387.51,388.58,387.44,388.13,141,1,0,0.01
2026-07-01 20:30:00,388.13,388.18,387.76,387.94,123,1,0,0.01
2026-07-01 20:35:00,387.94,388.29,387.92,387.97,106,1,0,0.01
2026-07-01 20:40:00,387.97,388.24,387.6,387.6,123,1,0,0.01
2026-07-01 20:45:00,387.61,387.74,387.02,387.02,132,1,0,0.01
2026-07-01 20:50:00,387.04,387.28,386.9,387.13,126,1,0,0.01
2026-07-01 20:55:00,387.08,387.26,386.81,386.88,140,1,0,0.01
2026-07-01 21:00:00,386.94,387.84,386.68,387.84,148,1,0,0.01
2026-07-01 21:05:00,387.88,388.01,387.29,387.45,122,1,0,0.01
2026-07-01 21:10:00,387.45,387.51,386.65,387.03,132,1,0,0.01
2026-07-01 21:15:00,387.05,387.06,385.8,385.83,137,1,0,0.01
2026-07-01 21:20:00,385.91,385.92,385.25,385.55,142,1,0,0.01
2026-07-01 21:25:00,385.53,385.74,385.1,385.15,117,1,0,0.01
2026-07-01 21:30:00,385.13,385.39,384.79,385.12,151,1,0,0.01
2026-07-01 21:35:00,385.14,385.5,385.14,385.5,136,1,0,0.01
2026-07-01 21:40:00,385.43,385.58,385.24,385.54,152,1,0,0.01
2026-07-01 21:45:00,385.56,385.76,385.32,385.46,131,1,0,0.01
2026-07-01 21:50:00,385.47,385.47,383.62,383.62,169,1,0,0.01
2026-07-01 21:55:00,383.71,384.38,383.08,384.12,192,1,0,0.01
2026-07-02 15:30:00,383.7,386.41,383.7,384.68,167,6,0,0.06
2026-07-02 15:35:00,384.68,386.86,383.69,385.77,169,4,0,0.04
2026-07-02 15:40:00,385.78,387.13,385.29,385.83,151,1,0,0.01
2026-07-02 15:45:00,385.83,386.45,385.0,385.47,162,2,0,0.02
2026-07-02 15:50:00,385.5,386.49,385.0,385.74,152,1,0,0.01
2026-07-02 15:55:00,385.74,386.67,385.37,386.44,139,1,0,0.01
2026-07-02 16:00:00,386.25,386.96,385.94,386.68,145,4,0,0.04
2026-07-02 16:05:00,386.7,387.23,386.46,386.81,113,3,0,0.03
2026-07-02 16:10:00,386.8,387.94,386.4,387.56,126,2,0,0.02
2026-07-02 16:15:00,387.56,389.24,387.2,388.96,163,1,0,0.01
2026-07-02 16:20:00,388.94,389.74,388.66,389.46,115,1,0,0.01
2026-07-02 16:25:00,389.46,389.62,388.11,388.58,159,1,0,0.01
2026-07-02 16:30:00,388.58,390.12,388.32,389.68,171,1,0,0.01
2026-07-02 16:35:00,389.76,390.36,389.13,389.75,149,1,0,0.01
2026-07-02 16:40:00,389.75,389.75,387.76,388.51,178,1,0,0.01
2026-07-02 16:45:00,388.67,390.13,388.33,390.06,161,1,0,0.01
2026-07-02 16:50:00,390.1,390.3,388.9,389.32,169,1,0,0.01
2026-07-02 16:55:00,389.34,390.02,389.25,390.02,158,1,0,0.01
2026-07-02 17:00:00,390.11,390.5,388.9,389.37,169,1,0,0.01
2026-07-02 17:05:00,389.36,389.82,387.68,388.62,153,1,0,0.01
2026-07-02 17:10:00,388.55,389.12,387.67,388.91,172,1,0,0.01
2026-07-02 17:15:00,388.91,389.18,387.33,387.56,67,1,0,0.01
2026-07-02 17:20:00,387.48,387.93,386.55,387.84,77,3,0,0.03
2026-07-02 17:25:00,387.84,389.1,387.84,388.63,70,5,0,0.05
2026-07-02 17:30:00,388.63,388.63,387.61,388.1,54,2,0,0.02
2026-07-02 17:35:00,388.1,388.36,387.65,388.25,51,3,0,0.03
2026-07-02 17:40:00,388.38,388.79,388.13,388.31,60,1,0,0.01
2026-07-02 17:45:00,388.33,389.3,388.07,388.77,69,1,0,0.01
2026-07-02 17:50:00,388.77,388.89,388.26,388.62,57,1,0,0.01
2026-07-02 17:55:00,388.62,388.79,388.15,388.57,59,1,0,0.01
2026-07-02 18:00:00,389.04,389.45,388.75,389.38,65,1,0,0.01
2026-07-02 18:05:00,389.41,389.41,388.62,389.15,67,2,0,0.02
2026-07-02 18:10:00,389.09,389.58,388.57,389.57,67,2,0,0.02
2026-07-02 18:15:00,389.57,390.6,389.57,389.84,75,1,0,0.01
2026-07-02 18:20:00,389.81,390.08,389.5,389.93,56,2,0,0.02
2026-07-02 18:25:00,389.86,390.78,389.76,390.74,67,1,0,0.01
2026-07-02 18:30:00,390.74,390.9,390.21,390.21,119,1,0,0.01
2026-07-02 18:35:00,390.2,390.23,389.37,389.99,141,2,0,0.02
2026-07-02 18:40:00,390.02,390.72,389.89,390.63,143,1,0,0.01
2026-07-02 18:45:00,390.57,390.58,389.67,389.84,121,1,0,0.01
2026-07-02 18:50:00,389.85,390.33,389.46,389.95,148,2,0,0.02
2026-07-02 18:55:00,389.95,390.4,389.6,390.36,135,1,0,0.01
2026-07-02 19:00:00,390.38,390.38,388.8,389.24,147,1,0,0.01
2026-07-02 19:05:00,389.22,390.26,388.76,390.18,139,1,0,0.01
2026-07-02 19:10:00,390.16,390.85,390.1,390.79,141,1,0,0.01
2026-07-02 19:15:00,390.79,391.68,390.63,391.52,145,1,0,0.01
2026-07-02 19:20:00,391.52,391.68,391.0,391.17,124,1,0,0.01
2026-07-02 19:25:00,391.23,391.68,390.89,391.65,117,1,0,0.01
2026-07-02 19:30:00,391.69,392.0,391.46,391.62,125,1,0,0.01
2026-07-02 19:35:00,391.62,391.72,390.88,391.03,109,1,0,0.01
2026-07-02 19:40:00,391.03,391.03,390.25,390.56,105,1,0,0.01
2026-07-02 19:45:00,390.49,390.73,390.29,390.44,123,3,0,0.03
2026-07-02 19:50:00,390.42,390.84,390.31,390.72,119,1,0,0.01
2026-07-02 19:55:00,390.71,390.83,390.15,390.53,125,2,0,0.02
2026-07-02 20:00:00,390.54,391.13,390.15,390.92,133,1,0,0.01
2026-07-02 20:05:00,390.97,391.81,390.88,391.09,105,1,0,0.01
2026-07-02 20:10:00,391.2,391.59,391.15,391.25,144,1,0,0.01
2026-07-02 20:15:00,391.25,391.33,389.65,390.39,147,1,0,0.01
2026-07-02 20:20:00,390.39,390.78,390.39,390.67,120,1,0,0.01
2026-07-02 20:25:00,390.67,390.94,390.39,390.92,112,1,0,0.01
2026-07-02 20:30:00,390.92,391.25,390.67,391.17,109,1,0,0.01
2026-07-02 20:35:00,391.2,391.39,391.02,391.36,96,1,0,0.01
2026-07-02 20:40:00,391.37,391.52,391.22,391.23,113,1,0,0.01
2026-07-02 20:45:00,391.26,391.26,390.56,390.68,101,2,0,0.02
2026-07-02 20:50:00,390.68,391.17,390.16,390.86,111,1,0,0.01
2026-07-02 20:55:00,390.81,391.02,390.51,390.86,109,1,0,0.01
2026-07-02 21:00:00,390.8,390.91,390.1,390.23,119,1,0,0.01
2026-07-02 21:05:00,390.32,391.63,390.27,391.51,111,1,0,0.01
2026-07-02 21:10:00,391.46,392.17,391.15,391.16,143,1,0,0.01
2026-07-02 21:15:00,391.17,391.73,391.02,391.67,115,1,0,0.01
2026-07-02 21:20:00,391.67,391.83,391.3,391.76,134,1,0,0.01
2026-07-02 21:25:00,391.73,391.79,391.02,391.17,151,1,0,0.01
2026-07-02 21:30:00,391.2,391.45,390.69,391.23,138,1,0,0.01
2026-07-02 21:35:00,391.23,391.45,390.38,390.38,105,1,0,0.01
2026-07-02 21:40:00,390.47,390.8,390.23,390.61,149,1,0,0.01
2026-07-02 21:45:00,390.61,390.89,389.62,390.27,158,1,0,0.01
2026-07-02 21:50:00,390.28,391.41,390.28,390.61,169,1,0,0.01
2026-07-02 21:55:00,390.62,391.03,389.92,389.92,172,1,0,0.01
2026-07-06 15:30:00,385.99,388.66,385.99,387.0,160,4,0,0.04
2026-07-06 15:35:00,386.94,386.94,381.22,381.94,192,1,0,0.01
2026-07-06 15:40:00,382.03,384.28,382.0,384.09,169,1,0,0.01
2026-07-06 15:45:00,383.99,385.24,383.92,385.08,153,1,0,0.01
2026-07-06 15:50:00,385.17,385.65,383.75,383.98,158,1,0,0.01
2026-07-06 15:55:00,383.85,385.34,383.26,384.72,151,1,0,0.01
2026-07-06 16:00:00,384.76,385.29,383.31,383.48,141,1,0,0.01
2026-07-06 16:05:00,383.48,384.83,383.17,384.28,142,1,0,0.01
2026-07-06 16:10:00,384.28,384.81,383.41,383.66,158,1,0,0.01
2026-07-06 16:15:00,383.66,384.11,382.79,383.25,139,2,0,0.02
2026-07-06 16:20:00,383.34,384.0,383.02,383.73,109,1,0,0.01
2026-07-06 16:25:00,383.83,384.51,383.52,384.01,134,1,0,0.01
2026-07-06 16:30:00,384.01,384.21,382.73,382.73,138,3,0,0.03
2026-07-06 16:35:00,382.71,383.76,382.57,383.07,148,1,0,0.01
2026-07-06 16:40:00,383.07,384.67,383.07,384.09,134,1,0,0.01
2026-07-06 16:45:00,384.09,384.78,383.87,384.66,124,1,0,0.01
2026-07-06 16:50:00,384.65,384.85,384.04,384.57,113,1,0,0.01
2026-07-06 16:55:00,384.56,385.16,384.36,385.15,115,1,0,0.01
2026-07-06 17:00:00,385.25,385.61,385.02,385.41,119,1,0,0.01
2026-07-06 17:05:00,385.38,385.72,385.1,385.32,112,1,0,0.01
2026-07-06 17:10:00,385.38,386.1,385.32,385.51,66,1,0,0.01
2026-07-06 17:15:00,385.74,386.15,385.59,385.72,69,1,0,0.01
2026-07-06 17:20:00,385.67,386.1,385.61,386.03,64,1,0,0.01
2026-07-06 17:25:00,386.12,386.62,385.77,386.62,52,1,0,0.01
2026-07-06 17:30:00,386.7,386.95,386.34,386.44,55,3,0,0.03
2026-07-06 17:35:00,386.44,386.75,386.35,386.51,95,1,0,0.01
2026-07-06 17:40:00,386.53,386.9,386.36,386.63,125,1,0,0.01
2026-07-06 17:45:00,386.53,386.62,386.23,386.38,114,1,0,0.01
2026-07-06 17:50:00,386.41,386.65,386.09,386.32,106,1,0,0.01
2026-07-06 17:55:00,386.33,386.81,386.0,386.03,112,1,0,0.01
2026-07-06 18:00:00,386.16,386.2,385.35,385.36,131,1,0,0.01
2026-07-06 18:05:00,385.36,386.06,385.36,385.67,124,1,0,0.01
2026-07-06 18:10:00,385.7,385.73,384.31,384.52,122,1,0,0.01
2026-07-06 18:15:00,384.52,384.72,383.75,384.01,116,1,0,0.01
2026-07-06 18:20:00,384.01,384.35,383.92,384.08,104,1,0,0.01
2026-07-06 18:25:00,384.08,384.17,383.68,384.02,115,1,0,0.01
2026-07-06 18:30:00,384.0,384.33,383.83,384.27,110,1,0,0.01
2026-07-06 18:35:00,384.27,384.81,384.27,384.47,103,1,0,0.01
2026-07-06 18:40:00,384.47,384.81,384.4,384.74,103,1,0,0.01
2026-07-06 18:45:00,384.75,385.27,384.63,384.85,119,1,0,0.01
2026-07-06 18:50:00,384.88,385.05,384.81,384.93,84,1,0,0.01
2026-07-06 18:55:00,384.94,385.22,384.87,385.04,123,1,0,0.01
2026-07-06 19:00:00,385.05,386.12,385.05,385.83,119,1,0,0.01
2026-07-06 19:05:00,385.83,386.07,385.56,385.68,126,1,0,0.01
2026-07-06 19:10:00,385.68,385.88,385.58,385.77,106,1,0,0.01
2026-07-06 19:15:00,385.77,386.03,385.63,385.75,110,1,0,0.01
2026-07-06 19:20:00,385.71,385.81,385.3,385.45,79,1,0,0.01
2026-07-06 19:25:00,385.46,386.1,385.46,385.83,95,1,0,0.01
2026-07-06 19:30:00,385.83,386.01,385.5,385.8,116,1,0,0.01
2026-07-06 19:35:00,385.82,385.84,385.37,385.38,108,2,0,0.02
2026-07-06 19:40:00,385.38,385.46,385.14,385.32,90,1,0,0.01
2026-07-06 19:45:00,385.32,385.32,384.66,384.85,107,1,0,0.01
2026-07-06 19:50:00,384.85,385.03,384.45,384.45,92,1,0,0.01
2026-07-06 19:55:00,384.45,384.66,384.12,384.65,107,2,0,0.02
2026-07-06 20:00:00,384.69,384.8,384.18,384.33,104,1,0,0.01
2026-07-06 20:05:00,384.37,385.06,384.33,385.06,106,1,0,0.01
2026-07-06 20:10:00,385.06,385.73,384.97,385.71,92,1,0,0.01
2026-07-06 20:15:00,385.71,386.1,385.67,385.69,103,1,0,0.01
2026-07-06 20:20:00,385.69,386.14,385.65,386.09,92,1,0,0.01
2026-07-06 20:25:00,386.09,386.57,386.09,386.34,90,1,0,0.01
2026-07-06 20:30:00,386.31,386.75,386.31,386.35,99,1,0,0.01
2026-07-06 20:35:00,386.34,386.5,386.23,386.31,74,1,0,0.01
2026-07-06 20:40:00,386.32,386.37,385.97,386.05,70,1,0,0.01
2026-07-06 20:45:00,386.09,386.25,385.86,386.24,91,1,0,0.01
2026-07-06 20:50:00,386.27,386.47,385.9,386.07,95,1,0,0.01
2026-07-06 20:55:00,386.04,386.07,385.57,385.77,94,1,0,0.01
2026-07-06 21:00:00,385.77,386.06,385.77,386.02,102,1,0,0.01
2026-07-06 21:05:00,386.03,386.22,385.86,385.9,107,1,0,0.01
2026-07-06 21:10:00,385.87,386.24,385.85,386.16,103,1,0,0.01
2026-07-06 21:15:00,386.16,386.16,385.73,386.02,102,1,0,0.01
2026-07-06 21:20:00,386.05,386.33,385.97,386.2,94,1,0,0.01
2026-07-06 21:25:00,386.21,386.5,386.19,386.28,112,1,0,0.01
2026-07-06 21:30:00,386.29,386.54,386.02,386.18,129,1,0,0.01
2026-07-06 21:35:00,386.18,386.38,385.92,386.29,116,1,0,0.01
2026-07-06 21:40:00,386.29,386.72,386.17,386.7,126,1,0,0.01
2026-07-06 21:45:00,386.68,387.16,386.6,387.07,120,1,0,0.01
2026-07-06 21:50:00,387.03,387.04,386.32,386.38,147,1,0,0.01
2026-07-06 21:55:00,386.57,386.87,386.31,386.76,168,1,0,0.01
2026-07-07 15:30:00,392.27,394.52,391.38,392.5,210,1,0,0.01
2026-07-07 15:35:00,393.01,393.86,392.04,392.73,176,1,0,0.01
2026-07-07 15:40:00,392.73,392.76,388.53,390.1,179,1,0,0.01
2026-07-07 15:45:00,389.88,392.21,389.88,391.91,196,1,0,0.01
2026-07-07 15:50:00,391.71,393.69,391.47,393.69,159,1,0,0.01
2026-07-07 15:55:00,393.5,394.68,392.81,393.22,195,1,0,0.01
2026-07-07 16:00:00,393.26,393.26,391.5,391.6,165,1,0,0.01
2026-07-07 16:05:00,391.66,392.64,391.57,391.59,153,1,0,0.01
2026-07-07 16:10:00,391.55,393.26,391.52,392.82,185,1,0,0.01
2026-07-07 16:15:00,392.9,394.9,392.45,394.9,178,1,0,0.01
2026-07-07 16:20:00,395.0,395.48,393.43,394.3,136,1,0,0.01
2026-07-07 16:25:00,394.32,394.35,393.05,393.81,180,1,0,0.01
2026-07-07 16:30:00,393.79,394.77,393.65,394.05,184,1,0,0.01
2026-07-07 16:35:00,394.05,394.58,392.6,393.02,165,1,0,0.01
2026-07-07 16:40:00,393.0,393.9,392.38,393.9,165,1,0,0.01
2026-07-07 16:45:00,393.91,394.14,391.8,392.63,144,1,0,0.01
2026-07-07 16:50:00,392.69,393.03,391.5,391.5,78,1,0,0.01
2026-07-07 16:55:00,391.5,392.61,391.5,391.94,64,1,0,0.01
2026-07-07 17:00:00,391.94,393.13,391.76,392.9,68,1,0,0.01
2026-07-07 17:05:00,392.9,393.74,392.76,393.07,78,1,0,0.01
2026-07-07 17:10:00,392.99,393.49,392.5,392.56,70,2,0,0.02
2026-07-07 17:15:00,392.52,393.13,391.92,393.13,68,3,0,0.03
2026-07-07 17:20:00,393.13,393.68,393.03,393.49,58,1,0,0.01
2026-07-07 17:25:00,393.49,393.64,393.16,393.2,127,1,0,0.01
2026-07-07 17:30:00,393.21,393.74,392.58,392.58,104,2,0,0.02
2026-07-07 17:35:00,392.5,393.07,392.5,393.04,56,1,0,0.01
2026-07-07 17:40:00,392.99,393.25,392.88,392.92,58,3,0,0.03
2026-07-07 17:45:00,392.91,393.64,392.85,393.44,53,3,0,0.03
2026-07-07 17:50:00,393.43,393.58,392.9,393.03,43,2,0,0.02
2026-07-07 17:55:00,393.03,394.04,392.83,393.74,53,3,0,0.03
2026-07-07 18:00:00,393.74,394.07,393.51,393.58,56,1,0,0.01
2026-07-07 18:05:00,393.58,393.97,393.47,393.91,51,1,0,0.01
2026-07-07 18:10:00,393.91,394.18,393.03,393.12,54,2,0,0.02
2026-07-07 18:15:00,393.15,393.25,392.95,393.04,55,2,0,0.02
2026-07-07 18:20:00,393.04,394.23,393.0,394.03,75,1,0,0.01
2026-07-07 18:25:00,394.03,394.25,393.7,394.03,57,1,0,0.01
2026-07-07 18:30:00,394.01,394.26,393.63,393.63,66,3,0,0.03
2026-07-07 18:35:00,393.66,394.75,393.66,394.6,61,3,0,0.03
2026-07-07 18:40:00,394.62,394.81,394.41,394.43,69,1,0,0.01
2026-07-07 18:45:00,394.43,394.43,394.01,394.17,57,1,0,0.01
2026-07-07 18:50:00,394.48,394.48,393.92,394.01,62,1,0,0.01
2026-07-07 18:55:00,394.02,394.47,393.94,394.0,56,2,0,0.02
2026-07-07 19:00:00,393.99,394.25,393.9,394.14,71,2,0,0.02
2026-07-07 19:05:00,394.14,394.22,393.35,393.59,64,1,0,0.01
2026-07-07 19:10:00,393.58,394.08,393.55,393.8,53,4,0,0.04
2026-07-07 19:15:00,393.8,393.85,393.1,393.16,53,3,0,0.03
2026-07-07 19:20:00,393.19,393.68,393.18,393.44,57,1,0,0.01
2026-07-07 19:25:00,393.44,393.74,393.36,393.7,56,1,0,0.01
2026-07-07 19:30:00,393.71,393.71,392.8,392.88,61,1,0,0.01
2026-07-07 19:35:00,392.88,393.28,392.84,392.9,66,1,0,0.01
2026-07-07 19:40:00,392.9,393.3,392.87,393.05,94,2,0,0.02
2026-07-07 19:45:00,393.03,393.09,392.54,392.75,101,1,0,0.01
2026-07-07 19:50:00,392.61,392.79,392.37,392.47,106,1,0,0.01
2026-07-07 19:55:00,392.46,393.0,392.27,392.76,119,1,0,0.01
2026-07-07 20:00:00,392.76,393.34,392.76,393.15,132,1,0,0.01
2026-07-07 20:05:00,393.15,393.34,392.6,392.7,112,1,0,0.01
2026-07-07 20:10:00,392.72,392.83,392.55,392.59,110,1,0,0.01
2026-07-07 20:15:00,392.6,393.04,392.56,392.74,114,1,0,0.01
2026-07-07 20:20:00,392.74,392.77,392.13,392.13,123,1,0,0.01
2026-07-07 20:25:00,392.14,392.14,391.71,391.82,129,1,0,0.01
2026-07-07 20:30:00,391.84,391.84,391.4,391.57,113,1,0,0.01
2026-07-07 20:35:00,391.57,392.02,391.57,391.77,100,2,0,0.02
2026-07-07 20:40:00,391.77,392.01,391.7,391.75,92,1,0,0.01
2026-07-07 20:45:00,391.75,391.83,390.89,391.13,112,1,0,0.01
2026-07-07 20:50:00,391.13,391.2,390.66,390.91,122,1,0,0.01
2026-07-07 20:55:00,390.92,391.15,390.77,391.02,106,1,0,0.01
2026-07-07 21:00:00,391.0,391.02,390.55,390.62,117,1,0,0.01
2026-07-07 21:05:00,390.68,390.7,390.27,390.3,129,1,0,0.01
2026-07-07 21:10:00,390.3,390.39,389.85,389.85,123,1,0,0.01
2026-07-07 21:15:00,389.87,389.87,389.41,389.81,137,1,0,0.01
2026-07-07 21:20:00,389.76,390.33,389.76,390.31,139,1,0,0.01
2026-07-07 21:25:00,390.31,390.31,389.46,389.51,125,1,0,0.01
2026-07-07 21:30:00,389.52,390.07,389.22,389.9,138,1,0,0.01
2026-07-07 21:35:00,389.9,390.08,389.54,389.56,104,1,0,0.01
2026-07-07 21:40:00,389.56,389.81,389.05,389.1,130,1,0,0.01
2026-07-07 21:45:00,389.12,389.38,388.53,388.7,121,1,0,0.01
2026-07-07 21:50:00,388.71,389.09,388.54,388.88,146,1,0,0.01
2026-07-07 21:55:00,388.88,389.11,388.25,388.51,150,1,0,0.01
2026-07-08 15:30:00,383.69,384.08,381.7,382.92,180,2,0,0.02
2026-07-08 15:35:00,383.01,384.26,382.13,383.98,157,1,0,0.01
2026-07-08 15:40:00,384.02,384.93,383.74,384.38,158,1,0,0.01
2026-07-08 15:45:00,384.39,384.62,383.23,383.63,162,2,0,0.02
2026-07-08 15:50:00,383.61,384.02,382.51,382.63,175,1,0,0.01
2026-07-08 15:55:00,382.52,384.1,382.4,383.11,156,1,0,0.01
2026-07-08 16:00:00,383.21,383.85,382.91,383.3,139,2,0,0.02
2026-07-08 16:05:00,383.36,384.47,383.36,383.92,133,1,0,0.01
2026-07-08 16:10:00,383.97,384.02,382.35,382.41,157,1,0,0.01
2026-07-08 16:15:00,382.28,382.32,381.32,382.1,179,3,0,0.03
2026-07-08 16:20:00,382.08,383.0,382.08,382.82,121,1,0,0.01
2026-07-08 16:25:00,382.89,383.05,382.07,382.22,142,2,0,0.02
2026-07-08 16:30:00,382.22,382.72,382.16,382.61,146,1,0,0.01
2026-07-08 16:35:00,382.64,382.64,381.71,382.21,140,1,0,0.01
2026-07-08 16:40:00,382.23,383.04,381.92,382.89,126,1,0,0.01
2026-07-08 16:45:00,382.89,383.4,382.56,383.15,122,3,0,0.03
2026-07-08 16:50:00,383.14,383.77,383.14,383.58,141,1,0,0.01
2026-07-08 16:55:00,383.58,383.6,382.87,383.13,145,1,0,0.01
2026-07-08 17:00:00,383.12,383.21,382.61,382.65,130,2,0,0.02
2026-07-08 17:05:00,382.64,383.05,382.5,382.79,106,1,0,0.01
2026-07-08 17:10:00,382.58,383.08,382.42,382.99,72,1,0,0.01
2026-07-08 17:15:00,382.99,383.09,382.31,382.49,51,2,0,0.02
2026-07-08 17:20:00,382.48,383.08,382.25,382.32,92,1,0,0.01
2026-07-08 17:25:00,382.3,382.39,382.07,382.07,109,1,0,0.01
2026-07-08 17:30:00,382.01,382.03,381.56,382.01,129,1,0,0.01
2026-07-08 17:35:00,382.11,382.48,381.96,382.25,123,1,0,0.01
2026-07-08 17:40:00,382.27,382.6,381.99,382.17,113,2,0,0.02
2026-07-08 17:45:00,382.17,382.52,382.02,382.52,112,1,0,0.01
2026-07-08 17:50:00,382.52,382.68,382.25,382.68,112,1,0,0.01
2026-07-08 17:55:00,382.71,382.9,382.5,382.7,100,1,0,0.01
2026-07-08 18:00:00,382.7,382.91,382.44,382.46,116,1,0,0.01
2026-07-08 18:05:00,382.46,382.91,382.45,382.58,133,1,0,0.01
2026-07-08 18:10:00,382.58,382.79,382.28,382.54,104,1,0,0.01
2026-07-08 18:15:00,382.55,382.83,382.53,382.53,99,2,0,0.02
2026-07-08 18:20:00,382.53,382.56,382.03,382.38,90,1,0,0.01
2026-07-08 18:25:00,382.42,382.49,382.2,382.44,101,1,0,0.01
2026-07-08 18:30:00,382.44,383.21,382.38,382.64,119,1,0,0.01
2026-07-08 18:35:00,382.64,382.87,382.1,382.27,103,1,0,0.01
2026-07-08 18:40:00,382.27,383.13,382.27,382.71,142,1,0,0.01
2026-07-08 18:45:00,382.71,382.92,382.51,382.75,87,2,0,0.02
2026-07-08 18:50:00,382.72,382.88,382.5,382.53,106,1,0,0.01
2026-07-08 18:55:00,382.53,382.64,382.05,382.05,108,1,0,0.01
2026-07-08 19:00:00,382.08,382.08,381.64,381.85,112,1,0,0.01
2026-07-08 19:05:00,381.85,381.97,381.55,381.59,107,1,0,0.01
2026-07-08 19:10:00,381.61,382.65,381.6,382.47,106,1,0,0.01
2026-07-08 19:15:00,382.46,382.93,382.46,382.82,102,1,0,0.01
2026-07-08 19:20:00,382.81,383.41,382.72,383.32,87,1,0,0.01
2026-07-08 19:25:00,383.32,383.53,383.25,383.45,96,1,0,0.01
2026-07-08 19:30:00,383.45,383.63,383.39,383.4,83,1,0,0.01
2026-07-08 19:35:00,383.37,383.41,383.11,383.11,81,1,0,0.01
2026-07-08 19:40:00,383.11,383.49,383.03,383.37,85,2,0,0.02
2026-07-08 19:45:00,383.39,383.58,383.22,383.58,91,2,0,0.02
2026-07-08 19:50:00,383.59,383.73,383.47,383.57,83,1,0,0.01
2026-07-08 19:55:00,383.57,383.58,383.36,383.48,76,1,0,0.01
2026-07-08 20:00:00,383.43,383.91,383.2,383.84,114,1,0,0.01
2026-07-08 20:05:00,383.85,384.01,383.7,383.83,76,1,0,0.01
2026-07-08 20:10:00,383.83,383.99,383.64,383.83,93,1,0,0.01
2026-07-08 20:15:00,383.83,383.96,383.62,383.62,94,1,0,0.01
2026-07-08 20:20:00,383.62,383.97,383.42,383.85,95,1,0,0.01
2026-07-08 20:25:00,383.82,383.95,383.76,383.84,73,2,0,0.02
2026-07-08 20:30:00,383.84,383.84,383.52,383.6,87,1,0,0.01
2026-07-08 20:35:00,383.61,384.15,383.52,384.15,82,1,0,0.01
2026-07-08 20:40:00,384.15,384.52,384.07,384.18,100,1,0,0.01
2026-07-08 20:45:00,384.17,384.44,384.05,384.13,74,1,0,0.01
2026-07-08 20:50:00,384.02,384.02,383.51,383.82,79,1,0,0.01
2026-07-08 20:55:00,383.82,383.89,383.56,383.86,85,1,0,0.01
2026-07-08 21:00:00,383.86,383.9,383.24,383.24,108,1,0,0.01
2026-07-08 21:05:00,383.26,383.65,383.23,383.25,93,1,0,0.01
2026-07-08 21:10:00,383.25,383.31,382.95,382.99,94,1,0,0.01
2026-07-08 21:15:00,382.99,383.02,382.66,382.95,110,1,0,0.01
2026-07-08 21:20:00,382.93,383.27,382.93,383.24,72,1,0,0.01
2026-07-08 21:25:00,383.29,383.55,383.19,383.42,108,1,0,0.01
2026-07-08 21:30:00,383.45,383.7,383.16,383.27,101,1,0,0.01
2026-07-08 21:35:00,383.27,383.61,383.2,383.26,90,1,0,0.01
2026-07-08 21:40:00,383.27,383.61,383.27,383.42,110,1,0,0.01
2026-07-08 21:45:00,383.4,383.7,383.04,383.36,131,1,0,0.01
2026-07-08 21:50:00,383.36,383.67,382.65,382.67,140,1,0,0.01
2026-07-08 21:55:00,382.68,383.42,382.67,383.13,163,1,0,0.01
2026-07-09 15:30:00,374.46,375.82,373.38,375.77,180,3,0,0.03
2026-07-09 15:35:00,375.68,376.93,375.63,376.09,169,1,0,0.01
2026-07-09 15:40:00,376.01,378.38,375.92,377.67,166,2,0,0.02
2026-07-09 15:45:00,377.75,378.97,377.67,378.11,212,2,0,0.02
2026-07-09 15:50:00,378.22,378.38,377.09,378.31,174,3,0,0.03
2026-07-09 15:55:00,378.4,379.27,377.54,378.58,185,1,0,0.01
2026-07-09 16:00:00,378.57,378.7,377.29,377.53,177,1,0,0.01
2026-07-09 16:05:00,377.49,377.86,376.92,377.1,184,1,0,0.01
2026-07-09 16:10:00,377.01,377.01,376.22,376.3,75,1,0,0.01
2026-07-09 16:15:00,376.3,376.3,375.21,375.56,68,1,0,0.01
2026-07-09 16:20:00,375.34,376.07,375.28,375.95,56,2,0,0.02
2026-07-09 16:25:00,375.97,376.49,375.97,376.19,60,2,0,0.02
2026-07-09 16:30:00,376.19,376.98,376.11,376.84,63,1,0,0.01
2026-07-09 16:35:00,376.73,377.21,376.67,377.19,48,1,0,0.01
2026-07-09 16:40:00,377.19,377.54,376.91,376.92,72,1,0,0.01
2026-07-09 16:45:00,376.94,377.53,376.94,377.21,57,1,0,0.01
2026-07-09 16:50:00,377.15,377.77,377.01,377.66,68,1,0,0.01
2026-07-09 16:55:00,377.68,378.82,377.42,378.82,60,1,0,0.01
2026-07-09 17:00:00,378.84,379.9,378.81,379.47,82,1,0,0.01
2026-07-09 17:05:00,379.47,379.55,379.11,379.2,81,1,0,0.01
2026-07-09 17:10:00,379.19,379.44,379.07,379.15,66,2,0,0.02
2026-07-09 17:15:00,379.44,379.69,379.28,379.5,46,1,0,0.01
2026-07-09 17:20:00,379.47,380.08,379.38,379.92,69,1,0,0.01
2026-07-09 17:25:00,379.93,380.2,379.92,380.08,64,1,0,0.01
2026-07-09 17:30:00,380.15,380.29,379.82,379.86,55,1,0,0.01
2026-07-09 17:35:00,379.86,380.36,379.82,380.27,54,1,0,0.01
2026-07-09 17:40:00,380.27,380.37,380.19,380.24,47,1,0,0.01
2026-07-09 17:45:00,380.24,380.58,380.2,380.33,52,1,0,0.01
2026-07-09 17:50:00,380.48,380.57,380.0,380.0,54,1,0,0.01
2026-07-09 17:55:00,380.32,380.51,380.03,380.06,55,1,0,0.01
2026-07-09 18:00:00,380.1,380.12,379.6,380.08,60,2,0,0.02
2026-07-09 18:05:00,380.09,380.14,379.8,379.84,56,1,0,0.01
2026-07-09 18:10:00,379.84,379.84,379.38,379.38,48,2,0,0.02
2026-07-09 18:15:00,379.38,379.43,379.21,379.26,45,3,0,0.03
2026-07-09 18:20:00,379.11,379.7,379.01,379.51,68,2,0,0.02
2026-07-09 18:25:00,379.54,379.84,379.53,379.7,55,1,0,0.01
2026-07-09 18:30:00,379.69,379.74,379.5,379.74,56,1,0,0.01
2026-07-09 18:35:00,379.76,380.08,379.7,380.08,63,1,0,0.01
2026-07-09 18:40:00,380.08,380.13,379.6,379.6,56,2,0,0.02
2026-07-09 18:45:00,379.61,379.75,379.34,379.38,66,1,0,0.01
2026-07-09 18:50:00,379.44,379.62,379.23,379.29,74,2,0,0.02
2026-07-09 18:55:00,379.29,379.49,379.14,379.47,41,1,0,0.01
2026-07-09 19:00:00,379.49,379.79,379.37,379.73,67,1,0,0.01
2026-07-09 19:05:00,379.73,379.78,379.6,379.65,52,1,0,0.01
2026-07-09 19:10:00,379.66,379.88,379.55,379.63,62,1,0,0.01
2026-07-09 19:15:00,379.6,380.23,379.51,380.05,57,2,0,0.02
2026-07-09 19:20:00,380.05,380.66,380.05,380.58,70,1,0,0.01
2026-07-09 19:25:00,380.55,380.81,380.51,380.74,69,1,0,0.01
2026-07-09 19:30:00,380.7,380.9,380.41,380.82,75,1,0,0.01
2026-07-09 19:35:00,380.7,380.84,380.41,380.41,40,1,0,0.01
2026-07-09 19:40:00,380.34,380.64,380.2,380.6,75,1,0,0.01
2026-07-09 19:45:00,380.6,380.64,380.45,380.51,61,1,0,0.01
2026-07-09 19:50:00,380.51,380.65,380.45,380.61,58,1,0,0.01
2026-07-09 19:55:00,380.61,380.72,380.49,380.52,61,1,0,0.01
2026-07-09 20:00:00,380.56,381.11,380.5,381.06,60,2,0,0.02
2026-07-09 20:05:00,381.06,381.14,380.64,380.64,36,1,0,0.01
2026-07-09 20:10:00,380.71,381.22,380.62,381.22,39,1,0,0.01
2026-07-09 20:15:00,381.12,381.12,380.51,380.51,40,1,0,0.01
2026-07-09 20:20:00,380.59,380.74,380.51,380.67,47,1,0,0.01
2026-07-09 20:25:00,380.67,380.69,380.48,380.51,65,1,0,0.01
2026-07-09 20:30:00,380.51,380.73,380.47,380.6,109,1,0,0.01
2026-07-09 20:35:00,380.59,380.85,380.57,380.68,96,1,0,0.01
2026-07-09 20:40:00,380.68,380.91,380.55,380.76,118,1,0,0.01
2026-07-09 20:45:00,380.72,380.87,380.53,380.87,129,1,0,0.01
2026-07-09 20:50:00,380.85,380.86,380.42,380.6,135,1,0,0.01
2026-07-09 20:55:00,380.61,380.84,380.52,380.81,114,1,0,0.01
2026-07-09 21:00:00,380.76,381.86,380.74,381.68,128,1,0,0.01
2026-07-09 21:05:00,381.68,381.74,381.31,381.49,102,1,0,0.01
2026-07-09 21:10:00,381.5,381.74,381.4,381.46,118,1,0,0.01
2026-07-09 21:15:00,381.41,381.82,381.41,381.61,114,1,0,0.01
2026-07-09 21:20:00,381.58,381.81,381.4,381.73,78,1,0,0.01
2026-07-09 21:25:00,381.76,382.38,381.75,382.36,141,1,0,0.01
2026-07-09 21:30:00,382.36,383.15,382.36,383.15,124,1,0,0.01
2026-07-09 21:35:00,383.16,383.44,382.81,383.12,117,1,0,0.01
2026-07-09 21:40:00,383.12,383.31,382.88,383.28,110,1,0,0.01
2026-07-09 21:45:00,383.32,383.63,383.07,383.35,124,1,0,0.01
2026-07-09 21:50:00,383.38,384.53,383.38,384.48,140,1,0,0.01
2026-07-09 21:55:00,384.45,384.64,383.92,384.26,176,1,0,0.01
2026-07-10 15:30:00,387.31,389.96,386.36,389.39,187,1,0,0.01
2026-07-10 15:35:00,389.39,391.83,389.14,390.75,166,1,0,0.01
2026-07-10 15:40:00,390.68,390.98,386.57,386.82,197,3,0,0.03
2026-07-10 15:45:00,386.81,386.81,385.65,385.77,164,1,0,0.01
2026-07-10 15:50:00,385.65,386.37,384.72,385.62,188,1,0,0.01
2026-07-10 15:55:00,385.62,386.42,385.02,385.02,160,1,0,0.01
2026-07-10 16:00:00,385.02,385.02,383.49,384.19,146,1,0,0.01
2026-07-10 16:05:00,384.19,385.26,384.19,384.94,141,1,0,0.01
2026-07-10 16:10:00,384.85,385.54,384.85,385.0,136,1,0,0.01
2026-07-10 16:15:00,385.0,385.86,384.83,385.25,158,1,0,0.01
2026-07-10 16:20:00,385.25,385.38,384.3,384.36,85,1,0,0.01
2026-07-10 16:25:00,384.03,384.4,383.85,384.29,127,2,0,0.02
2026-07-10 16:30:00,384.3,384.52,382.0,383.05,160,2,0,0.02
2026-07-10 16:35:00,383.04,383.37,382.16,382.87,143,1,0,0.01
2026-07-10 16:40:00,382.87,383.12,382.4,383.07,132,2,0,0.02
2026-07-10 16:45:00,383.11,383.13,382.5,382.85,129,1,0,0.01
2026-07-10 16:50:00,382.85,383.0,382.41,382.41,120,2,0,0.02
2026-07-10 16:55:00,382.41,382.59,382.3,382.5,131,1,0,0.01
2026-07-10 17:00:00,382.5,382.52,381.76,381.76,135,1,0,0.01
2026-07-10 17:05:00,381.75,382.34,381.5,382.31,97,1,0,0.01
2026-07-10 17:10:00,382.59,382.92,382.06,382.15,62,2,0,0.02
2026-07-10 17:15:00,382.15,382.67,382.15,382.61,48,3,0,0.03
2026-07-10 17:20:00,382.68,383.08,382.27,383.08,52,1,0,0.01
2026-07-10 17:25:00,383.11,383.19,382.37,382.55,65,2,0,0.02
2026-07-10 17:30:00,382.55,383.86,382.5,383.66,76,2,0,0.02
2026-07-10 17:35:00,383.66,384.68,383.57,384.11,123,1,0,0.01
2026-07-10 17:40:00,384.11,384.12,383.66,383.93,103,1,0,0.01
2026-07-10 17:45:00,383.93,384.3,383.5,383.93,114,1,0,0.01
2026-07-10 17:50:00,383.94,384.4,383.92,384.19,113,1,0,0.01
2026-07-10 17:55:00,384.19,384.66,384.03,384.12,110,1,0,0.01
2026-07-10 18:00:00,384.12,384.32,383.76,383.88,114,1,0,0.01
2026-07-10 18:05:00,383.89,384.02,383.59,383.99,88,1,0,0.01
2026-07-10 18:10:00,384.05,384.43,383.88,384.34,111,1,0,0.01
2026-07-10 18:15:00,384.34,385.0,384.24,384.38,106,1,0,0.01
2026-07-10 18:20:00,384.35,384.63,384.06,384.43,67,1,0,0.01
2026-07-10 18:25:00,384.45,384.68,384.35,384.61,106,1,0,0.01
2026-07-10 18:30:00,384.53,385.23,384.53,384.87,107,1,0,0.01
2026-07-10 18:35:00,384.87,384.97,384.28,384.52,88,2,0,0.02
2026-07-10 18:40:00,384.52,384.83,384.3,384.79,104,1,0,0.01
2026-07-10 18:45:00,384.8,385.14,384.65,384.99,79,1,0,0.01
2026-07-10 18:50:00,384.99,385.33,384.9,385.3,100,1,0,0.01
2026-07-10 18:55:00,385.3,385.71,385.28,385.62,100,1,0,0.01
2026-07-10 19:00:00,385.65,385.72,385.43,385.67,93,1,0,0.01
2026-07-10 19:05:00,385.67,385.72,385.17,385.24,83,1,0,0.01
2026-07-10 19:10:00,385.24,385.26,384.94,385.24,91,1,0,0.01
2026-07-10 19:15:00,385.24,385.31,384.89,384.89,95,1,0,0.01
2026-07-10 19:20:00,384.9,384.93,384.46,384.47,61,1,0,0.01
2026-07-10 19:25:00,384.47,384.5,384.1,384.12,87,1,0,0.01
2026-07-10 19:30:00,384.12,384.4,384.03,384.38,106,1,0,0.01
2026-07-10 19:35:00,384.38,384.57,384.01,384.07,87,1,0,0.01
2026-07-10 19:40:00,384.03,384.09,383.11,383.2,110,1,0,0.01
2026-07-10 19:45:00,383.2,383.48,383.17,383.3,96,1,0,0.01
2026-07-10 19:50:00,383.3,383.71,383.25,383.65,68,1,0,0.01
2026-07-10 19:55:00,383.65,383.65,383.45,383.52,60,1,0,0.01
2026-07-10 20:00:00,383.48,383.77,383.43,383.66,67,1,0,0.01
2026-07-10 20:05:00,383.69,384.06,383.64,383.95,94,1,0,0.01
2026-07-10 20:10:00,383.95,384.01,383.75,383.81,79,1,0,0.01
2026-07-10 20:15:00,383.81,384.05,383.7,383.86,101,1,0,0.01
2026-07-10 20:20:00,383.9,384.41,383.86,384.41,82,1,0,0.01
2026-07-10 20:25:00,384.39,385.15,384.39,385.07,106,1,0,0.01
2026-07-10 20:30:00,385.04,385.55,384.98,385.32,81,1,0,0.01
2026-07-10 20:35:00,385.32,385.43,385.16,385.32,82,1,0,0.01
2026-07-10 20:40:00,385.32,385.54,385.2,385.4,75,1,0,0.01
2026-07-10 20:45:00,385.41,385.42,385.15,385.15,86,1,0,0.01
2026-07-10 20:50:00,385.15,385.15,384.78,384.9,81,1,0,0.01
2026-07-10 20:55:00,384.92,385.14,384.72,384.97,79,2,0,0.02
2026-07-10 21:00:00,384.96,385.26,384.86,385.18,65,1,0,0.01
2026-07-10 21:05:00,385.21,385.53,385.09,385.46,75,1,0,0.01
2026-07-10 21:10:00,385.46,385.6,385.31,385.35,67,1,0,0.01
2026-07-10 21:15:00,385.35,385.52,385.19,385.34,92,1,0,0.01
2026-07-10 21:20:00,385.34,385.35,385.1,385.11,72,1,0,0.01
2026-07-10 21:25:00,385.11,385.27,385.03,385.06,72,1,0,0.01
2026-07-10 21:30:00,385.11,385.11,384.85,385.05,82,1,0,0.01
2026-07-10 21:35:00,385.06,385.33,384.98,385.21,70,1,0,0.01
2026-07-10 21:40:00,385.21,385.22,384.78,384.86,83,1,0,0.01
2026-07-10 21:45:00,384.81,385.23,384.81,384.96,86,1,0,0.01
2026-07-10 21:50:00,384.98,385.5,384.98,385.12,112,1,0,0.01
2026-07-10 21:55:00,385.14,385.69,384.8,385.08,132,1,0,0.01
2026-07-13 15:30:00,387.59,390.91,386.23,387.15,177,4,0,0.04
2026-07-13 15:35:00,387.0,389.26,386.84,389.26,131,7,0,0.07
2026-07-13 15:40:00,389.29,389.75,388.8,389.5,129,4,0,0.04
2026-07-13 15:45:00,389.51,389.51,387.31,387.55,167,1,0,0.01
2026-07-13 15:50:00,387.44,387.55,385.6,387.21,172,1,0,0.01
2026-07-13 15:55:00,387.28,387.77,387.0,387.33,142,1,0,0.01
2026-07-13 16:00:00,387.3,387.59,386.5,386.79,157,1,0,0.01
2026-07-13 16:05:00,386.78,387.0,384.6,384.98,137,2,0,0.02
2026-07-13 16:10:00,384.99,386.16,384.55,385.77,130,1,0,0.01
2026-07-13 16:15:00,385.81,386.32,384.48,385.46,149,1,0,0.01
2026-07-13 16:20:00,385.46,385.65,384.12,384.37,128,1,0,0.01
2026-07-13 16:25:00,384.52,385.78,384.15,385.55,135,1,0,0.01
2026-07-13 16:30:00,385.54,386.06,385.4,385.56,130,1,0,0.01
2026-07-13 16:35:00,385.56,386.17,385.56,385.92,110,2,0,0.02
2026-07-13 16:40:00,386.0,386.17,385.72,385.8,72,3,0,0.03
2026-07-13 16:45:00,385.71,387.96,385.56,387.96,123,1,0,0.01
2026-07-13 16:50:00,387.96,388.99,387.96,388.99,135,1,0,0.01
2026-07-13 16:55:00,388.99,389.63,388.91,389.36,123,1,0,0.01
2026-07-13 17:00:00,389.42,390.09,389.31,389.38,119,1,0,0.01
2026-07-13 17:05:00,389.39,390.08,389.37,389.81,95,1,0,0.01
2026-07-13 17:10:00,389.81,390.58,389.76,389.76,67,1,0,0.01
2026-07-13 17:15:00,389.76,390.61,389.6,390.49,98,1,0,0.01
2026-07-13 17:20:00,390.47,390.99,390.47,390.65,91,2,0,0.02
2026-07-13 17:25:00,390.66,391.1,390.25,390.99,123,1,0,0.01
2026-07-13 17:30:00,391.01,391.18,390.59,390.6,104,3,0,0.03
2026-07-13 17:35:00,390.53,391.04,390.53,390.6,91,1,0,0.01
2026-07-13 17:40:00,390.59,391.16,390.52,390.97,83,1,0,0.01
2026-07-13 17:45:00,391.01,391.1,390.7,391.07,97,2,0,0.02
2026-07-13 17:50:00,391.07,391.08,390.71,390.79,87,1,0,0.01
2026-07-13 17:55:00,390.79,390.95,390.38,390.52,102,1,0,0.01
2026-07-13 18:00:00,390.5,390.92,390.31,390.31,111,3,0,0.03
2026-07-13 18:05:00,390.33,390.6,390.25,390.47,68,2,0,0.02
2026-07-13 18:10:00,390.47,390.89,390.44,390.68,101,3,0,0.03
2026-07-13 18:15:00,390.68,391.39,390.65,391.26,113,1,0,0.01
2026-07-13 18:20:00,391.26,392.13,391.07,392.09,96,1,0,0.01
2026-07-13 18:25:00,392.11,392.34,391.75,392.25,130,2,0,0.02
2026-07-13 18:30:00,392.25,392.25,391.65,392.07,123,1,0,0.01
2026-07-13 18:35:00,392.07,392.78,391.57,392.38,128,1,0,0.01
2026-07-13 18:40:00,392.39,393.29,392.15,392.59,124,1,0,0.01
2026-07-13 18:45:00,392.59,393.18,392.45,393.15,108,1,0,0.01
2026-07-13 18:50:00,393.13,393.16,392.59,392.59,100,2,0,0.02
2026-07-13 18:55:00,392.57,393.03,392.49,393.0,108,1,0,0.01
2026-07-13 19:00:00,393.0,393.2,392.7,392.76,97,1,0,0.01
2026-07-13 19:05:00,392.73,393.01,392.73,392.86,81,1,0,0.01
2026-07-13 19:10:00,392.86,393.32,392.4,392.74,95,1,0,0.01
2026-07-13 19:15:00,392.75,393.13,392.61,392.67,105,1,0,0.01
2026-07-13 19:20:00,392.67,392.81,392.46,392.47,72,1,0,0.01
2026-07-13 19:25:00,392.51,392.59,392.24,392.5,96,1,0,0.01
2026-07-13 19:30:00,392.5,392.7,392.33,392.39,97,1,0,0.01
2026-07-13 19:35:00,392.39,392.51,392.07,392.5,74,1,0,0.01
2026-07-13 19:40:00,392.47,392.73,392.31,392.31,85,1,0,0.01
2026-07-13 19:45:00,392.35,392.6,392.09,392.18,88,1,0,0.01
2026-07-13 19:50:00,392.23,392.24,391.37,391.74,113,1,0,0.01
2026-07-13 19:55:00,391.74,391.97,391.61,391.92,88,1,0,0.01
2026-07-13 20:00:00,391.8,392.5,391.8,392.28,112,2,0,0.02
2026-07-13 20:05:00,392.28,392.5,392.0,392.05,72,1,0,0.01
2026-07-13 20:10:00,392.05,392.34,391.93,392.25,75,1,0,0.01
2026-07-13 20:15:00,392.3,392.3,391.97,392.04,90,1,0,0.01
2026-07-13 20:20:00,392.08,392.38,391.94,392.25,105,1,0,0.01
2026-07-13 20:25:00,392.25,392.48,392.06,392.36,79,1,0,0.01
2026-07-13 20:30:00,392.37,392.61,392.15,392.33,120,1,0,0.01
2026-07-13 20:35:00,392.33,392.7,392.33,392.68,76,1,0,0.01
2026-07-13 20:40:00,392.68,393.08,392.66,392.96,80,1,0,0.01
2026-07-13 20:45:00,392.96,393.02,392.57,393.01,107,1,0,0.01
2026-07-13 20:50:00,393.02,393.28,392.88,393.1,90,1,0,0.01
2026-07-13 20:55:00,393.1,393.6,392.84,392.89,100,1,0,0.01
2026-07-13 21:00:00,392.89,392.91,392.62,392.81,92,1,0,0.01
2026-07-13 21:05:00,392.79,393.13,392.73,392.96,104,1,0,0.01
2026-07-13 21:10:00,392.96,392.96,391.95,392.05,108,1,0,0.01
2026-07-13 21:15:00,392.01,392.1,391.63,391.68,116,1,0,0.01
2026-07-13 21:20:00,391.7,391.82,391.22,391.5,107,1,0,0.01
2026-07-13 21:25:00,391.5,391.51,390.36,390.36,118,1,0,0.01
2026-07-13 21:30:00,390.35,390.38,389.71,389.81,124,1,0,0.01
2026-07-13 21:35:00,389.85,390.16,389.59,389.59,125,1,0,0.01
2026-07-13 21:40:00,389.59,390.53,389.59,390.5,108,1,0,0.01
2026-07-13 21:45:00,390.5,390.82,390.22,390.39,127,1,0,0.01
2026-07-13 21:50:00,390.38,390.64,389.8,390.0,147,1,0,0.01
2026-07-13 21:55:00,389.93,391.62,389.9,391.17,194,1,0,0.01
2026-07-14 15:30:00,382.29,382.29,378.65,380.91,170,5,0,0.05
2026-07-14 15:35:00,380.97,382.53,379.73,382.42,153,1,0,0.01
2026-07-14 15:40:00,382.47,383.44,382.02,383.0,154,1,0,0.01
2026-07-14 15:45:00,382.84,383.39,381.7,382.81,160,2,0,0.02
2026-07-14 15:50:00,382.82,383.76,382.23,383.17,156,1,0,0.01
2026-07-14 15:55:00,383.17,385.22,383.0,385.22,162,1,0,0.01
2026-07-14 16:00:00,385.26,385.45,383.33,383.53,164,1,0,0.01
2026-07-14 16:05:00,383.56,384.08,382.81,383.45,126,1,0,0.01
2026-07-14 16:10:00,383.53,384.66,383.26,384.66,123,1,0,0.01
2026-07-14 16:15:00,384.66,384.69,383.04,383.34,136,2,0,0.02
2026-07-14 16:20:00,383.36,384.61,383.36,384.5,125,1,0,0.01
2026-07-14 16:25:00,384.5,384.61,384.01,384.56,96,1,0,0.01
2026-07-14 16:30:00,384.56,386.31,384.46,385.76,143,4,0,0.04
2026-07-14 16:35:00,385.76,386.3,385.22,386.3,102,2,0,0.02
2026-07-14 16:40:00,386.11,386.25,385.57,385.82,103,1,0,0.01
2026-07-14 16:45:00,385.83,386.84,385.83,386.64,119,1,0,0.01
2026-07-14 16:50:00,386.64,386.93,386.03,386.86,108,1,0,0.01
2026-07-14 16:55:00,386.86,387.66,386.57,387.42,128,1,0,0.01
2026-07-14 17:00:00,387.46,387.61,386.28,387.09,121,1,0,0.01
2026-07-14 17:05:00,387.03,387.17,386.83,387.1,85,4,0,0.04
2026-07-14 17:10:00,387.1,387.1,386.0,386.08,63,1,0,0.01
2026-07-14 17:15:00,386.06,386.14,385.7,385.7,97,2,0,0.02
2026-07-14 17:20:00,385.7,386.18,385.65,386.05,83,1,0,0.01
2026-07-14 17:25:00,386.06,386.13,385.45,385.81,115,1,0,0.01
2026-07-14 17:30:00,385.81,386.14,385.78,385.9,105,1,0,0.01
2026-07-14 17:35:00,385.9,386.11,385.1,385.6,113,1,0,0.01
2026-07-14 17:40:00,385.6,385.61,384.67,384.74,88,1,0,0.01
2026-07-14 17:45:00,384.67,384.87,384.41,384.69,109,1,0,0.01
2026-07-14 17:50:00,384.67,385.35,384.67,385.07,99,1,0,0.01
2026-07-14 17:55:00,385.0,385.04,384.5,384.68,97,1,0,0.01
2026-07-14 18:00:00,384.67,384.67,384.1,384.28,105,3,0,0.03
2026-07-14 18:05:00,384.28,384.5,384.19,384.44,79,2,0,0.02
2026-07-14 18:10:00,384.48,385.09,384.41,385.09,94,2,0,0.02
2026-07-14 18:15:00,385.1,385.41,384.94,385.16,111,2,0,0.02
2026-07-14 18:20:00,385.18,385.93,385.15,385.9,100,1,0,0.01
2026-07-14 18:25:00,385.9,386.59,385.7,386.59,96,2,0,0.02
2026-07-14 18:30:00,386.59,386.9,386.38,386.9,104,2,0,0.02
2026-07-14 18:35:00,386.91,387.47,386.77,387.1,90,2,0,0.02
2026-07-14 18:40:00,387.02,387.2,386.72,386.77,76,2,0,0.02
2026-07-14 18:45:00,386.77,387.16,386.7,387.15,91,1,0,0.01
2026-07-14 18:50:00,387.15,387.37,387.0,387.32,80,1,0,0.01
2026-07-14 18:55:00,387.32,387.56,387.2,387.44,86,1,0,0.01
2026-07-14 19:00:00,387.44,388.1,387.37,387.48,90,2,0,0.02
2026-07-14 19:05:00,387.48,387.59,387.22,387.27,70,2,0,0.02
2026-07-14 19:10:00,387.27,387.27,386.37,386.45,69,1,0,0.01
2026-07-14 19:15:00,386.45,386.59,386.29,386.55,98,1,0,0.01
2026-07-14 19:20:00,386.56,386.8,386.5,386.68,94,2,0,0.02
2026-07-14 19:25:00,386.68,386.85,386.52,386.7,79,2,0,0.02
2026-07-14 19:30:00,386.72,387.3,386.45,387.02,85,1,0,0.01
2026-07-14 19:35:00,387.04,387.04,386.7,386.88,69,1,0,0.01
2026-07-14 19:40:00,386.88,387.23,386.66,387.23,55,1,0,0.01
2026-07-14 19:45:00,387.23,387.25,387.0,387.11,64,1,0,0.01
2026-07-14 19:50:00,387.11,387.24,387.0,387.17,59,1,0,0.01
2026-07-14 19:55:00,387.17,387.37,387.02,387.11,53,1,0,0.01
2026-07-14 20:00:00,387.12,387.58,387.0,387.48,78,1,0,0.01
2026-07-14 20:05:00,387.43,387.45,387.07,387.09,55,2,0,0.02
2026-07-14 20:10:00,387.09,387.11,386.68,386.72,60,1,0,0.01
2026-07-14 20:15:00,386.73,386.82,386.35,386.36,67,2,0,0.02
2026-07-14 20:20:00,386.36,387.15,386.26,386.77,83,2,0,0.02
2026-07-14 20:25:00,386.77,387.15,386.74,386.86,73,1,0,0.01
2026-07-14 20:30:00,386.86,386.93,386.63,386.78,83,1,0,0.01
2026-07-14 20:35:00,386.78,386.8,386.5,386.53,62,2,0,0.02
2026-07-14 20:40:00,386.54,386.6,386.2,386.56,68,1,0,0.01
2026-07-14 20:45:00,386.56,386.57,386.08,386.1,64,3,0,0.03
2026-07-14 20:50:00,386.1,386.1,385.34,385.34,76,1,0,0.01
2026-07-14 20:55:00,385.34,385.5,385.25,385.28,69,1,0,0.01
2026-07-14 21:00:00,385.28,385.57,384.95,385.01,83,1,0,0.01
2026-07-14 21:05:00,384.96,385.28,384.96,385.2,73,1,0,0.01
2026-07-14 21:10:00,385.21,385.78,385.08,385.78,97,1,0,0.01
2026-07-14 21:15:00,385.78,385.78,385.57,385.74,86,1,0,0.01
2026-07-14 21:20:00,385.74,385.94,385.61,385.94,87,1,0,0.01
2026-07-14 21:25:00,385.92,386.32,385.72,386.07,92,1,0,0.01
2026-07-14 21:30:00,386.07,386.07,385.55,385.55,104,1,0,0.01
2026-07-14 21:35:00,385.55,385.69,385.3,385.32,54,1,0,0.01
2026-07-14 21:40:00,385.32,385.45,384.74,385.43,93,1,0,0.01
2026-07-14 21:45:00,385.35,385.59,385.16,385.47,85,1,0,0.01
2026-07-14 21:50:00,385.5,386.19,384.91,385.02,123,1,0,0.01
2026-07-14 21:55:00,385.03,385.5,384.91,384.91,162,1,0,0.01
2026-07-15 15:30:00,387.07,390.18,386.88,389.92,200,1,0,0.01
2026-07-15 15:35:00,390.15,391.22,389.67,390.81,154,3,0,0.03
2026-07-15 15:40:00,390.92,390.92,387.47,387.47,130,1,0,0.01
2026-07-15 15:45:00,387.37,389.19,386.4,388.46,166,1,0,0.01
2026-07-15 15:50:00,388.45,390.72,388.26,390.18,156,2,0,0.02
2026-07-15 15:55:00,390.24,391.38,389.42,389.42,174,1,0,0.01
2026-07-15 16:00:00,389.47,392.67,389.47,392.67,190,1,0,0.01
2026-07-15 16:05:00,392.76,393.86,392.76,393.22,155,1,0,0.01
2026-07-15 16:10:00,393.25,394.88,393.25,394.05,105,1,0,0.01
2026-07-15 16:15:00,394.06,396.22,393.43,395.96,177,1,0,0.01
2026-07-15 16:20:00,395.96,397.28,395.74,396.04,123,3,0,0.03
2026-07-15 16:25:00,396.0,396.21,394.76,394.93,161,1,0,0.01
2026-07-15 16:30:00,395.01,396.81,394.93,396.31,145,1,0,0.01
2026-07-15 16:35:00,396.32,397.58,396.24,397.3,123,2,0,0.02
2026-07-15 16:40:00,397.3,397.65,396.08,396.15,102,1,0,0.01
2026-07-15 16:45:00,396.16,396.67,395.15,395.29,126,3,0,0.03
2026-07-15 16:50:00,395.34,395.48,394.28,394.28,141,1,0,0.01
2026-07-15 16:55:00,394.38,394.95,393.61,393.95,152,1,0,0.01
2026-07-15 17:00:00,394.01,394.51,393.68,394.17,120,1,0,0.01
2026-07-15 17:05:00,394.17,394.98,394.17,394.38,99,1,0,0.01
2026-07-15 17:10:00,394.33,395.77,394.33,395.7,75,2,0,0.02
2026-07-15 17:15:00,395.7,396.27,395.61,396.27,112,2,0,0.02
2026-07-15 17:20:00,396.27,397.07,396.27,396.67,95,1,0,0.01
2026-07-15 17:25:00,396.67,397.88,396.59,396.68,124,1,0,0.01
2026-07-15 17:30:00,396.7,397.4,395.74,395.77,136,2,0,0.02
2026-07-15 17:35:00,395.77,397.2,395.77,396.96,127,1,0,0.01
2026-07-15 17:40:00,396.93,397.58,396.87,397.04,74,1,0,0.01
2026-07-15 17:45:00,397.04,397.84,397.0,397.04,106,1,0,0.01
2026-07-15 17:50:00,397.04,397.69,397.04,397.65,101,1,0,0.01
2026-07-15 17:55:00,397.65,397.8,397.0,397.25,96,1,0,0.01
2026-07-15 18:00:00,397.26,397.57,397.09,397.56,99,1,0,0.01
2026-07-15 18:05:00,397.56,397.89,397.4,397.84,97,1,0,0.01
2026-07-15 18:10:00,397.89,398.9,397.8,398.3,123,1,0,0.01
2026-07-15 18:15:00,398.3,398.6,397.56,397.6,125,1,0,0.01
2026-07-15 18:20:00,397.6,398.02,397.17,397.19,74,3,0,0.03
2026-07-15 18:25:00,397.23,397.65,397.03,397.6,107,2,0,0.02
2026-07-15 18:30:00,397.64,397.75,396.31,396.4,125,1,0,0.01
2026-07-15 18:35:00,396.4,396.51,395.94,396.31,116,1,0,0.01
2026-07-15 18:40:00,396.39,396.7,395.77,396.08,87,1,0,0.01
2026-07-15 18:45:00,396.08,396.19,394.53,394.64,111,1,0,0.01
2026-07-15 18:50:00,394.65,395.6,394.65,394.68,125,1,0,0.01
2026-07-15 18:55:00,394.62,394.8,394.17,394.47,114,1,0,0.01
2026-07-15 19:00:00,394.47,395.16,394.32,395.16,117,1,0,0.01
2026-07-15 19:05:00,395.16,395.63,394.94,395.43,86,2,0,0.02
2026-07-15 19:10:00,395.43,396.02,395.39,395.86,95,1,0,0.01
2026-07-15 19:15:00,395.86,396.13,395.59,395.59,97,2,0,0.02
2026-07-15 19:20:00,395.5,395.82,395.16,395.39,85,1,0,0.01
2026-07-15 19:25:00,395.4,396.45,395.21,396.4,85,1,0,0.01
2026-07-15 19:30:00,396.4,396.85,396.1,396.18,95,1,0,0.01
2026-07-15 19:35:00,396.18,396.46,396.05,396.3,60,1,0,0.01
2026-07-15 19:40:00,396.3,396.38,395.94,396.1,71,2,0,0.02
2026-07-15 19:45:00,396.1,396.23,395.65,395.9,84,1,0,0.01
2026-07-15 19:50:00,395.9,396.27,395.23,396.22,113,1,0,0.01
2026-07-15 19:55:00,396.23,396.27,395.43,396.1,86,1,0,0.01
2026-07-15 20:00:00,396.11,396.11,395.28,395.44,95,1,0,0.01
2026-07-15 20:05:00,395.44,396.02,395.44,395.84,79,2,0,0.02
2026-07-15 20:10:00,395.84,396.61,395.78,396.57,89,1,0,0.01
2026-07-15 20:15:00,396.59,397.09,396.5,396.53,99,2,0,0.02
2026-07-15 20:20:00,396.54,397.0,396.02,396.52,110,1,0,0.01
2026-07-15 20:25:00,396.47,396.7,396.32,396.51,64,2,0,0.02
2026-07-15 20:30:00,396.51,396.92,396.35,396.89,90,1,0,0.01
2026-07-15 20:35:00,396.87,397.07,396.68,396.76,78,1,0,0.01
2026-07-15 20:40:00,396.77,396.87,396.46,396.52,56,1,0,0.01
2026-07-15 20:45:00,396.5,396.5,395.85,395.93,72,1,0,0.01
2026-07-15 20:50:00,395.92,396.37,395.77,395.85,78,1,0,0.01
2026-07-15 20:55:00,395.85,396.01,395.62,395.65,78,1,0,0.01
2026-07-15 21:00:00,395.62,395.88,395.53,395.57,88,3,0,0.03
2026-07-15 21:05:00,395.59,395.71,395.25,395.49,65,1,0,0.01
2026-07-15 21:10:00,395.49,395.66,395.25,395.41,79,1,0,0.01
2026-07-15 21:15:00,395.42,395.59,394.8,395.52,114,1,0,0.01
2026-07-15 21:20:00,395.56,395.82,395.5,395.55,100,1,0,0.01
2026-07-15 21:25:00,395.56,395.88,395.49,395.59,68,1,0,0.01
2026-07-15 21:30:00,395.6,395.64,395.15,395.45,114,1,0,0.01
2026-07-15 21:35:00,395.46,396.04,395.39,395.86,81,1,0,0.01
2026-07-15 21:40:00,395.86,396.33,395.01,395.12,98,1,0,0.01
2026-07-15 21:45:00,395.07,395.45,394.72,394.74,106,1,0,0.01
2026-07-15 21:50:00,394.77,395.25,394.68,394.71,153,1,0,0.01
2026-07-15 21:55:00,394.71,395.54,394.63,395.35,154,1,0,0.01
2026-07-16 15:30:00,398.01,398.46,394.25,395.96,165,1,0,0.01
2026-07-16 15:35:00,396.06,397.92,395.59,395.91,147,2,0,0.02
2026-07-16 15:40:00,395.91,396.01,392.1,392.14,83,2,0,0.02
2026-07-16 15:45:00,392.16,394.44,392.05,394.12,170,2,0,0.02
2026-07-16 15:50:00,394.06,394.91,393.81,394.6,157,1,0,0.01
2026-07-16 15:55:00,394.69,395.43,393.23,393.23,144,1,0,0.01
2026-07-16 16:00:00,393.23,394.35,393.04,394.29,117,1,0,0.01
2026-07-16 16:05:00,394.19,394.43,392.8,393.01,109,2,0,0.02
2026-07-16 16:10:00,393.16,394.21,392.85,394.19,107,1,0,0.01
2026-07-16 16:15:00,394.31,394.68,393.54,394.58,127,1,0,0.01
2026-07-16 16:20:00,394.58,395.39,394.21,395.39,120,1,0,0.01
2026-07-16 16:25:00,395.39,396.14,394.88,396.0,126,1,0,0.01
2026-07-16 16:30:00,395.92,396.9,395.9,396.79,138,1,0,0.01
2026-07-16 16:35:00,396.71,397.18,396.26,396.7,113,2,0,0.02
2026-07-16 16:40:00,396.7,397.68,396.55,397.45,105,2,0,0.02
2026-07-16 16:45:00,397.45,398.14,397.25,397.54,122,1,0,0.01
2026-07-16 16:50:00,397.6,397.6,396.54,396.77,121,1,0,0.01
2026-07-16 16:55:00,396.77,397.37,396.68,397.29,117,1,0,0.01
2026-07-16 17:00:00,397.32,397.58,397.0,397.11,104,1,0,0.01
2026-07-16 17:05:00,397.11,397.88,396.85,397.17,101,1,0,0.01
2026-07-16 17:10:00,397.18,398.23,397.18,397.34,76,1,0,0.01
2026-07-16 17:15:00,397.31,398.07,397.29,398.05,47,1,0,0.01
2026-07-16 17:20:00,398.02,398.72,398.01,398.66,50,1,0,0.01
2026-07-16 17:25:00,398.61,399.61,398.58,398.58,53,1,0,0.01
2026-07-16 17:30:00,398.58,398.85,398.29,398.78,48,1,0,0.01
2026-07-16 17:35:00,398.83,398.93,398.55,398.78,55,2,0,0.02
2026-07-16 17:40:00,398.8,399.41,398.8,398.89,48,3,0,0.03
2026-07-16 17:45:00,398.9,399.53,398.77,398.86,39,1,0,0.01
2026-07-16 17:50:00,398.87,399.67,398.87,399.67,63,2,0,0.02
2026-07-16 17:55:00,399.67,400.09,399.37,400.05,47,2,0,0.02
2026-07-16 18:00:00,400.39,400.45,400.06,400.38,45,1,0,0.01
2026-07-16 18:05:00,400.38,400.52,399.51,400.05,50,1,0,0.01
2026-07-16 18:10:00,400.06,400.3,399.5,399.83,47,2,0,0.02
2026-07-16 18:15:00,399.83,400.54,399.83,400.43,42,3,0,0.03
2026-07-16 18:20:00,400.44,400.46,399.88,400.17,50,4,0,0.04
2026-07-16 18:25:00,400.2,400.67,400.07,400.61,56,3,0,0.03
2026-07-16 18:30:00,400.61,401.6,400.61,401.02,50,1,0,0.01
2026-07-16 18:35:00,401.18,401.55,401.16,401.4,57,3,0,0.03
2026-07-16 18:40:00,401.4,401.59,401.2,401.44,91,2,0,0.02
2026-07-16 18:45:00,401.45,403.67,401.45,403.32,147,1,0,0.01
2026-07-16 18:50:00,403.45,404.22,403.34,403.96,127,1,0,0.01
2026-07-16 18:55:00,404.0,404.36,402.88,402.97,140,3,0,0.03
2026-07-16 19:00:00,403.0,403.17,402.11,402.3,121,3,0,0.03
2026-07-16 19:05:00,402.3,402.32,401.67,401.94,103,3,0,0.03
2026-07-16 19:10:00,401.94,401.94,401.32,401.42,97,3,0,0.03
2026-07-16 19:15:00,401.42,402.48,401.37,402.48,124,1,0,0.01
2026-07-16 19:20:00,402.36,402.99,402.22,402.52,78,1,0,0.01
2026-07-16 19:25:00,402.52,403.9,402.52,403.69,113,1,0,0.01
2026-07-16 19:30:00,403.7,403.96,402.72,402.75,95,1,0,0.01
2026-07-16 19:35:00,402.7,402.7,402.0,402.59,102,3,0,0.03
2026-07-16 19:40:00,402.6,402.93,402.23,402.93,100,2,0,0.02
2026-07-16 19:45:00,402.93,403.06,402.58,402.65,94,1,0,0.01
2026-07-16 19:50:00,402.65,402.94,402.12,402.57,101,1,0,0.01
2026-07-16 19:55:00,402.55,402.74,402.42,402.61,104,2,0,0.02
2026-07-16 20:00:00,402.61,403.15,402.48,402.89,113,1,0,0.01
2026-07-16 20:05:00,402.89,404.01,402.5,404.01,101,2,0,0.02
2026-07-16 20:10:00,404.0,404.52,403.41,403.86,105,1,0,0.01
2026-07-16 20:15:00,403.81,404.57,403.71,404.55,106,1,0,0.01
2026-07-16 20:20:00,404.55,404.68,404.06,404.14,104,1,0,0.01
2026-07-16 20:25:00,404.14,404.44,403.89,403.89,110,2,0,0.02
2026-07-16 20:30:00,403.97,404.53,403.62,404.37,112,1,0,0.01
2026-07-16 20:35:00,404.37,404.8,404.25,404.25,92,1,0,0.01
2026-07-16 20:40:00,404.3,404.36,403.86,404.0,95,1,0,0.01
2026-07-16 20:45:00,404.03,404.72,403.98,404.57,108,1,0,0.01
2026-07-16 20:50:00,404.57,404.75,404.3,404.52,115,1,0,0.01
2026-07-16 20:55:00,404.5,405.73,404.42,405.5,137,2,0,0.02
2026-07-16 21:00:00,405.5,405.87,405.0,405.06,120,2,0,0.02
2026-07-16 21:05:00,405.06,405.21,403.84,403.84,107,1,0,0.01
2026-07-16 21:10:00,403.84,403.84,402.4,402.4,122,2,0,0.02
2026-07-16 21:15:00,402.44,403.01,402.0,402.31,143,2,0,0.02
2026-07-16 21:20:00,402.32,403.03,402.25,402.72,118,1,0,0.01
2026-07-16 21:25:00,402.72,402.9,401.74,401.76,116,1,0,0.01
2026-07-16 21:30:00,401.73,401.78,399.91,400.46,172,1,0,0.01
2026-07-16 21:35:00,400.41,400.54,399.76,400.21,119,1,0,0.01
2026-07-16 21:40:00,400.13,400.61,400.03,400.22,113,1,0,0.01
2026-07-16 21:45:00,400.14,400.22,399.0,399.93,166,1,0,0.01
2026-07-16 21:50:00,399.94,401.32,399.51,400.83,169,1,0,0.01
2026-07-16 21:55:00,400.92,401.05,400.24,401.05,167,1,0,0.01
2026-07-17 15:30:00,394.32,396.71,393.48,395.51,189,1,0,0.01
2026-07-17 15:35:00,395.51,398.26,394.77,397.85,155,2,0,0.02
2026-07-17 15:40:00,397.92,397.92,394.73,395.09,124,1,0,0.01
2026-07-17 15:45:00,395.1,395.34,392.39,393.26,157,1,0,0.01
2026-07-17 15:50:00,393.44,394.51,393.01,393.88,166,2,0,0.02
2026-07-17 15:55:00,393.88,394.83,393.1,393.17,153,3,0,0.03
2026-07-17 16:00:00,393.21,393.79,391.91,393.09,183,2,0,0.02
2026-07-17 16:05:00,393.12,393.42,391.66,392.13,126,1,0,0.01
2026-07-17 16:10:00,392.15,392.49,391.24,392.21,133,3,0,0.03
2026-07-17 16:15:00,392.21,393.2,392.13,393.05,152,2,0,0.02
2026-07-17 16:20:00,393.06,393.34,392.69,393.03,101,3,0,0.03
2026-07-17 16:25:00,393.03,393.44,392.6,392.93,133,3,0,0.03
2026-07-17 16:30:00,392.93,393.39,392.43,392.89,136,2,0,0.02
2026-07-17 16:35:00,392.89,392.89,391.55,391.85,94,2,0,0.02
2026-07-17 16:40:00,391.85,392.06,391.29,391.52,108,3,0,0.03
2026-07-17 16:45:00,391.5,392.01,391.03,391.88,120,1,0,0.01
2026-07-17 16:50:00,391.88,391.88,390.68,391.15,136,3,0,0.03
2026-07-17 16:55:00,391.15,392.24,390.88,392.23,128,1,0,0.01
2026-07-17 17:00:00,392.28,392.33,391.06,391.62,127,1,0,0.01
2026-07-17 17:05:00,391.62,392.18,391.35,391.58,89,4,0,0.04
2026-07-17 17:10:00,391.55,391.57,390.3,390.44,70,3,0,0.03
2026-07-17 17:15:00,390.47,390.47,389.38,389.82,141,1,0,0.01
2026-07-17 17:20:00,389.82,390.22,389.43,390.21,106,2,0,0.02
2026-07-17 17:25:00,390.33,391.07,389.85,391.03,114,1,0,0.01
2026-07-17 17:30:00,390.99,391.55,390.99,391.38,104,2,0,0.02
2026-07-17 17:35:00,391.4,391.8,390.94,391.74,73,1,0,0.01
2026-07-17 17:40:00,391.81,392.47,391.71,392.23,80,1,0,0.01
2026-07-17 17:45:00,392.23,392.53,391.57,392.35,92,1,0,0.01
2026-07-17 17:50:00,392.35,392.51,392.01,392.33,62,1,0,0.01
2026-07-17 17:55:00,392.33,392.66,392.07,392.46,85,1,0,0.01
2026-07-17 18:00:00,392.46,392.68,391.61,391.61,113,3,0,0.03
2026-07-17 18:05:00,391.61,391.78,391.09,391.1,90,2,0,0.02
2026-07-17 18:10:00,391.2,391.91,391.2,391.91,86,2,0,0.02
2026-07-17 18:15:00,391.9,392.91,391.84,392.57,115,1,0,0.01
2026-07-17 18:20:00,392.57,392.69,391.93,392.27,62,2,0,0.02
2026-07-17 18:25:00,392.24,392.93,391.93,392.63,99,5,0,0.05
2026-07-17 18:30:00,392.59,393.19,392.4,393.08,97,3,0,0.03
2026-07-17 18:35:00,393.08,393.43,393.0,393.15,63,1,0,0.01
2026-07-17 18:40:00,393.2,393.81,393.0,393.58,71,1,0,0.01
2026-07-17 18:45:00,393.58,394.5,393.49,394.23,83,1,0,0.01
2026-07-17 18:50:00,394.23,394.7,394.19,394.45,105,1,0,0.01
2026-07-17 18:55:00,394.46,394.46,393.78,393.85,78,3,0,0.03
2026-07-17 19:00:00,393.85,394.76,393.85,394.6,105,1,0,0.01
2026-07-17 19:05:00,394.6,394.6,394.02,394.06,62,1,0,0.01
2026-07-17 19:10:00,394.15,394.4,394.02,394.12,75,2,0,0.02
2026-07-17 19:15:00,394.12,394.54,394.12,394.38,79,1,0,0.01
2026-07-17 19:20:00,394.38,394.7,394.27,394.68,77,1,0,0.01
2026-07-17 19:25:00,394.66,394.86,394.49,394.6,72,1,0,0.01
2026-07-17 19:30:00,394.63,395.19,394.61,395.0,88,1,0,0.01
2026-07-17 19:35:00,395.0,395.41,394.68,395.07,91,1,0,0.01
2026-07-17 19:40:00,395.09,395.3,394.86,394.91,78,1,0,0.01
2026-07-17 19:45:00,394.94,395.06,394.59,394.86,93,1,0,0.01
2026-07-17 19:50:00,394.89,394.96,394.52,394.86,76,1,0,0.01
2026-07-17 19:55:00,394.86,395.04,394.79,394.97,81,2,0,0.02
2026-07-17 20:00:00,394.97,395.29,394.53,395.22,82,1,0,0.01
2026-07-17 20:05:00,395.22,395.28,394.67,395.01,71,2,0,0.02
2026-07-17 20:10:00,395.0,395.95,394.99,395.82,82,1,0,0.01
2026-07-17 20:15:00,395.84,395.91,395.36,395.4,117,1,0,0.01
2026-07-17 20:20:00,395.41,395.56,395.27,395.46,50,3,0,0.03
2026-07-17 20:25:00,395.46,395.47,394.73,394.74,75,1,0,0.01
2026-07-17 20:30:00,394.74,394.95,394.61,394.7,93,1,0,0.01
2026-07-17 20:35:00,394.7,394.7,394.2,394.32,72,2,0,0.02
2026-07-17 20:40:00,394.32,394.54,394.2,394.27,77,1,0,0.01
2026-07-17 20:45:00,394.23,394.98,393.95,394.8,100,1,0,0.01
2026-07-17 20:50:00,394.8,395.09,394.57,395.02,73,1,0,0.01
2026-07-17 20:55:00,395.02,395.26,394.89,395.15,78,2,0,0.02
2026-07-17 21:00:00,395.14,395.18,394.5,394.55,91,1,0,0.01
2026-07-17 21:05:00,394.55,395.01,394.42,394.91,63,1,0,0.01
2026-07-17 21:10:00,394.92,394.99,394.64,394.78,98,2,0,0.02
2026-07-17 21:15:00,394.78,395.09,394.44,394.68,115,1,0,0.01
2026-07-17 21:20:00,394.74,395.11,394.63,395.02,62,1,0,0.01
2026-07-17 21:25:00,395.02,395.62,394.94,395.62,102,1,0,0.01
2026-07-17 21:30:00,395.6,395.81,394.86,395.29,135,1,0,0.01
2026-07-17 21:35:00,395.29,395.57,395.01,395.19,114,1,0,0.01
2026-07-17 21:40:00,395.19,395.34,394.62,394.99,130,1,0,0.01
2026-07-17 21:45:00,394.97,395.25,394.9,395.19,150,1,0,0.01
2026-07-17 21:50:00,395.19,395.3,394.77,395.14,150,1,0,0.01
2026-07-17 21:55:00,395.1,395.1,393.8,393.8,158,1,0,0.01
2026-07-20 15:30:00,390.75,392.12,389.65,391.98,184,1,0,0.01
2026-07-20 15:35:00,392.23,392.86,390.86,392.08,173,1,0,0.01
2026-07-20 15:40:00,392.12,392.54,390.98,391.9,182,1,0,0.01
2026-07-20 15:45:00,391.91,392.26,390.95,391.06,151,3,0,0.03
2026-07-20 15:50:00,391.06,392.05,390.04,390.79,189,2,0,0.02
2026-07-20 15:55:00,390.79,391.29,390.04,391.0,173,1,0,0.01
2026-07-20 16:00:00,390.96,391.12,390.12,390.96,149,1,0,0.01
2026-07-20 16:05:00,390.91,391.66,390.66,391.53,139,1,0,0.01
2026-07-20 16:10:00,391.53,392.46,390.95,392.14,135,1,0,0.01
2026-07-20 16:15:00,392.12,395.01,392.12,393.61,173,1,0,0.01
2026-07-20 16:20:00,393.65,394.35,393.16,394.35,159,1,0,0.01
2026-07-20 16:25:00,394.39,394.4,394.04,394.19,107,1,0,0.01
2026-07-20 16:30:00,394.19,395.22,394.07,394.99,138,1,0,0.01
2026-07-20 16:35:00,395.03,396.06,395.03,395.03,134,1,0,0.01
2026-07-20 16:40:00,395.05,395.88,394.53,395.24,143,1,0,0.01
2026-07-20 16:45:00,395.33,395.38,394.76,394.88,120,2,0,0.02
2026-07-20 16:50:00,394.93,396.02,394.63,395.87,157,2,0,0.02
2026-07-20 16:55:00,395.87,396.22,395.39,395.82,133,1,0,0.01
2026-07-20 17:00:00,395.82,396.53,395.53,396.45,145,1,0,0.01
2026-07-20 17:05:00,396.45,396.55,396.01,396.15,101,1,0,0.01
2026-07-20 17:10:00,396.18,396.69,396.06,396.69,82,1,0,0.01
2026-07-20 17:15:00,396.69,397.19,396.57,397.19,56,1,0,0.01
2026-07-20 17:20:00,397.19,397.79,397.19,397.56,72,1,0,0.01
2026-07-20 17:25:00,397.57,398.03,396.89,397.64,143,1,0,0.01
2026-07-20 17:30:00,397.63,397.66,397.06,397.35,105,1,0,0.01
2026-07-20 17:35:00,397.4,397.99,397.11,397.82,128,1,0,0.01
2026-07-20 17:40:00,397.87,398.4,397.72,398.35,115,1,0,0.01
2026-07-20 17:45:00,398.34,398.66,397.9,398.23,122,1,0,0.01
2026-07-20 17:50:00,398.23,399.0,398.18,398.81,127,2,0,0.02
2026-07-20 17:55:00,398.83,399.13,398.75,398.88,103,1,0,0.01
2026-07-20 18:00:00,398.88,399.41,398.75,399.41,131,1,0,0.01
2026-07-20 18:05:00,399.32,400.02,399.32,399.76,114,1,0,0.01
2026-07-20 18:10:00,399.8,400.09,399.46,399.73,114,1,0,0.01
2026-07-20 18:15:00,399.74,400.11,399.6,399.95,93,1,0,0.01
2026-07-20 18:20:00,400.01,401.72,400.01,401.51,129,1,0,0.01
2026-07-20 18:25:00,401.48,401.55,401.04,401.41,111,1,0,0.01
2026-07-20 18:30:00,401.39,402.56,401.39,402.32,142,1,0,0.01
2026-07-20 18:35:00,402.29,402.74,401.86,402.67,128,1,0,0.01
2026-07-20 18:40:00,402.67,403.08,401.58,402.01,126,1,0,0.01
2026-07-20 18:45:00,402.01,402.44,401.51,402.11,104,1,0,0.01
2026-07-20 18:50:00,402.11,402.12,401.44,401.8,96,4,0,0.04
2026-07-20 18:55:00,401.8,402.11,401.36,401.36,98,1,0,0.01
2026-07-20 19:00:00,401.4,401.46,400.24,400.24,110,1,0,0.01
2026-07-20 19:05:00,400.23,400.95,400.22,400.8,111,1,0,0.01
2026-07-20 19:10:00,400.8,400.87,400.5,400.66,100,3,0,0.03
2026-07-20 19:15:00,400.66,401.4,400.41,401.38,95,1,0,0.01
2026-07-20 19:20:00,401.38,402.04,401.38,401.72,111,1,0,0.01
2026-07-20 19:25:00,401.72,402.05,401.64,401.85,89,1,0,0.01
2026-07-20 19:30:00,401.85,402.29,401.85,402.25,101,1,0,0.01
2026-07-20 19:35:00,402.26,402.36,401.78,401.78,79,1,0,0.01
2026-07-20 19:40:00,401.79,401.81,400.8,400.96,103,1,0,0.01
2026-07-20 19:45:00,400.96,401.71,400.96,401.68,97,2,0,0.02
2026-07-20 19:50:00,401.68,401.94,401.6,401.84,85,1,0,0.01
2026-07-20 19:55:00,401.84,401.84,401.33,401.66,78,1,0,0.01
2026-07-20 20:00:00,401.7,401.92,401.42,401.72,105,1,0,0.01
2026-07-20 20:05:00,401.72,401.74,401.38,401.67,94,1,0,0.01
2026-07-20 20:10:00,401.68,401.82,401.61,401.76,71,1,0,0.01
2026-07-20 20:15:00,401.79,402.25,401.62,402.18,79,1,0,0.01
2026-07-20 20:20:00,402.18,402.3,401.27,401.27,89,1,0,0.01
2026-07-20 20:25:00,401.32,402.13,401.3,401.93,113,1,0,0.01
2026-07-20 20:30:00,401.91,401.92,401.68,401.76,98,1,0,0.01
2026-07-20 20:35:00,401.76,402.18,401.47,401.6,90,1,0,0.01
2026-07-20 20:40:00,401.58,401.58,400.06,400.07,109,2,0,0.02
2026-07-20 20:45:00,400.07,400.77,399.89,400.59,107,1,0,0.01
2026-07-20 20:50:00,400.43,400.83,400.35,400.71,89,1,0,0.01
2026-07-20 20:55:00,400.71,400.71,400.35,400.5,97,1,0,0.01
2026-07-20 21:00:00,400.5,401.11,400.44,401.1,109,1,0,0.01
2026-07-20 21:05:00,401.1,401.36,400.82,401.01,100,1,0,0.01
2026-07-20 21:10:00,401.01,401.28,400.72,400.72,83,1,0,0.01
2026-07-20 21:15:00,400.72,400.92,400.54,400.83,102,1,0,0.01
2026-07-20 21:20:00,400.83,401.24,400.83,401.12,75,1,0,0.01
2026-07-20 21:25:00,401.12,401.3,400.86,401.16,100,1,0,0.01
2026-07-20 21:30:00,401.17,401.75,401.13,401.57,119,1,0,0.01
2026-07-20 21:35:00,401.57,401.95,401.38,401.84,114,1,0,0.01
2026-07-20 21:40:00,401.84,402.49,401.69,401.73,126,1,0,0.01
2026-07-20 21:45:00,401.84,401.97,401.12,401.52,128,1,0,0.01
2026-07-20 21:50:00,401.57,402.08,400.68,402.07,150,1,0,0.01
2026-07-20 21:55:00,401.65,402.64,401.65,402.4,173,1,0,0.01
2026-07-21 15:30:00,398.96,399.33,396.34,399.15,187,1,0,0.01
2026-07-21 15:35:00,399.23,401.37,398.52,399.41,157,1,0,0.01
2026-07-21 15:40:00,399.25,400.32,398.56,399.98,174,1,0,0.01
2026-07-21 15:45:00,399.81,400.26,398.73,399.17,169,3,0,0.03
2026-07-21 15:50:00,399.17,400.27,398.82,400.06,169,1,0,0.01
2026-07-21 15:55:00,399.91,400.43,399.58,399.9,142,1,0,0.01
2026-07-21 16:00:00,399.93,400.73,398.94,399.08,159,1,0,0.01
2026-07-21 16:05:00,399.15,400.24,399.0,400.24,144,1,0,0.01
2026-07-21 16:10:00,400.2,400.58,399.6,400.01,138,1,0,0.01
2026-07-21 16:15:00,399.99,400.13,398.25,400.07,148,1,0,0.01
2026-07-21 16:20:00,400.09,400.22,399.5,399.9,119,3,0,0.03
2026-07-21 16:25:00,399.9,401.26,399.9,401.09,125,2,0,0.02
2026-07-21 16:30:00,401.0,401.23,400.28,400.43,122,2,0,0.02
2026-07-21 16:35:00,400.43,400.72,400.0,400.45,104,1,0,0.01
2026-07-21 16:40:00,400.47,400.56,399.68,400.09,117,2,0,0.02
2026-07-21 16:45:00,400.09,400.84,400.02,400.62,104,1,0,0.01
2026-07-21 16:50:00,400.62,400.89,400.14,400.33,94,1,0,0.01
2026-07-21 16:55:00,400.33,400.33,399.26,399.31,107,2,0,0.02
2026-07-21 17:00:00,399.31,399.31,398.2,398.67,120,2,0,0.02
2026-07-21 17:05:00,398.67,399.07,398.3,398.65,99,1,0,0.01
2026-07-21 17:10:00,398.68,399.12,398.31,398.51,70,1,0,0.01
2026-07-21 17:15:00,398.48,399.01,398.05,398.89,123,1,0,0.01
2026-07-21 17:20:00,398.82,399.18,398.31,398.34,100,1,0,0.01
2026-07-21 17:25:00,398.33,398.81,398.21,398.7,103,1,0,0.01
2026-07-21 17:30:00,398.7,399.44,398.6,399.28,103,1,0,0.01
2026-07-21 17:35:00,399.28,400.0,399.01,399.92,111,1,0,0.01
2026-07-21 17:40:00,399.88,399.9,399.49,399.7,104,1,0,0.01
2026-07-21 17:45:00,399.7,399.7,399.1,399.14,89,2,0,0.02
2026-07-21 17:50:00,399.14,399.42,398.85,398.9,92,1,0,0.01
2026-07-21 17:55:00,398.9,399.22,398.48,398.5,86,1,0,0.01
2026-07-21 18:00:00,398.54,398.62,398.3,398.41,99,1,0,0.01
2026-07-21 18:05:00,398.4,398.52,397.96,397.96,99,1,0,0.01
2026-07-21 18:10:00,398.01,398.06,397.6,397.72,76,1,0,0.01
2026-07-21 18:15:00,397.69,397.89,397.41,397.79,83,1,0,0.01
2026-07-21 18:20:00,397.79,398.32,397.73,398.26,104,2,0,0.02
2026-07-21 18:25:00,398.26,398.26,397.9,398.01,98,2,0,0.02
2026-07-21 18:30:00,397.98,398.41,397.71,398.41,102,1,0,0.01
2026-07-21 18:35:00,398.39,398.67,398.12,398.55,85,1,0,0.01
2026-07-21 18:40:00,398.55,398.61,398.25,398.32,104,1,0,0.01
2026-07-21 18:45:00,398.3,398.87,398.29,398.5,92,1,0,0.01
2026-07-21 18:50:00,398.5,398.84,398.35,398.75,77,1,0,0.01
2026-07-21 18:55:00,398.75,399.32,398.59,398.59,93,1,0,0.01
2026-07-21 19:00:00,398.62,398.7,398.3,398.3,89,1,0,0.01
2026-07-21 19:05:00,398.3,398.53,398.03,398.46,87,1,0,0.01
2026-07-21 19:10:00,398.46,398.62,398.31,398.54,94,2,0,0.02
2026-07-21 19:15:00,398.55,398.82,398.2,398.61,85,2,0,0.02
2026-07-21 19:20:00,398.61,399.41,398.52,399.25,95,2,0,0.02
2026-07-21 19:25:00,399.25,399.55,399.25,399.42,67,1,0,0.01
2026-07-21 19:30:00,399.42,399.51,398.85,398.92,71,1,0,0.01
2026-07-21 19:35:00,398.92,399.46,398.68,399.31,86,1,0,0.01
2026-07-21 19:40:00,399.31,399.48,398.93,398.98,72,1,0,0.01
2026-07-21 19:45:00,398.98,399.07,398.53,399.04,91,1,0,0.01
2026-07-21 19:50:00,399.03,399.47,399.03,399.16,69,1,0,0.01
2026-07-21 19:55:00,399.23,399.29,399.16,399.18,55,1,0,0.01
2026-07-21 20:00:00,399.19,399.19,398.55,398.55,73,1,0,0.01
2026-07-21 20:05:00,398.49,398.9,398.25,398.6,89,1,0,0.01
2026-07-21 20:10:00,398.58,398.84,398.47,398.69,76,1,0,0.01
2026-07-21 20:15:00,398.69,398.77,398.55,398.69,65,1,0,0.01
2026-07-21 20:20:00,398.69,398.89,398.53,398.55,84,1,0,0.01
2026-07-21 20:25:00,398.46,398.74,398.37,398.73,80,1,0,0.01
2026-07-21 20:30:00,398.74,398.84,398.42,398.42,64,1,0,0.01
2026-07-21 20:35:00,398.42,398.42,398.1,398.11,75,1,0,0.01
2026-07-21 20:40:00,398.11,398.52,398.04,398.51,83,1,0,0.01
2026-07-21 20:45:00,398.52,398.57,397.97,398.45,88,1,0,0.01
2026-07-21 20:50:00,398.41,398.41,398.15,398.36,68,1,0,0.01
2026-07-21 20:55:00,398.35,398.36,398.05,398.16,83,1,0,0.01
2026-07-21 21:00:00,398.16,398.54,398.02,398.37,91,1,0,0.01
2026-07-21 21:05:00,398.37,399.02,398.35,399.0,86,1,0,0.01
2026-07-21 21:10:00,399.0,399.34,398.84,399.1,85,1,0,0.01
2026-07-21 21:15:00,399.13,399.46,399.11,399.24,65,1,0,0.01
2026-07-21 21:20:00,399.24,399.25,398.91,399.19,79,1,0,0.01
2026-07-21 21:25:00,399.19,399.58,399.12,399.52,92,1,0,0.01
2026-07-21 21:30:00,399.52,399.63,399.16,399.2,105,1,0,0.01
2026-07-21 21:35:00,399.2,399.32,398.91,398.99,81,1,0,0.01
2026-07-21 21:40:00,398.99,398.99,398.53,398.74,93,1,0,0.01
2026-07-21 21:45:00,398.74,398.75,398.32,398.47,96,1,0,0.01
2026-07-21 21:50:00,398.48,398.48,397.36,397.5,144,1,0,0.01
2026-07-21 21:55:00,397.5,398.01,397.44,397.66,166,1,0,0.01
2026-07-22 15:30:00,399.22,399.46,394.22,394.55,177,2,0,0.02
2026-07-22 15:35:00,394.55,395.18,392.98,393.07,166,2,0,0.02
2026-07-22 15:40:00,393.12,393.12,392.25,392.49,192,1,0,0.01
2026-07-22 15:45:00,392.47,393.31,391.85,392.15,163,1,0,0.01
2026-07-22 15:50:00,392.16,392.23,390.75,391.62,177,2,0,0.02
2026-07-22 15:55:00,391.62,392.25,391.26,391.55,173,1,0,0.01
2026-07-22 16:00:00,391.52,392.55,391.52,392.18,161,1,0,0.01
2026-07-22 16:05:00,392.21,392.92,391.7,391.78,142,1,0,0.01
2026-07-22 16:10:00,391.8,392.06,391.5,391.56,150,1,0,0.01
2026-07-22 16:15:00,391.61,391.93,390.3,390.3,138,1,0,0.01
2026-07-22 16:20:00,390.39,390.59,389.5,390.29,140,1,0,0.01
2026-07-22 16:25:00,390.27,390.27,389.5,389.62,130,1,0,0.01
2026-07-22 16:30:00,389.62,390.29,389.51,390.05,138,1,0,0.01
2026-07-22 16:35:00,390.06,390.06,389.23,389.3,112,1,0,0.01
2026-07-22 16:40:00,389.26,389.37,388.2,388.83,162,1,0,0.01
2026-07-22 16:45:00,388.78,388.83,388.35,388.62,136,1,0,0.01
2026-07-22 16:50:00,388.6,389.49,388.25,389.32,159,1,0,0.01
2026-07-22 16:55:00,389.33,389.7,389.12,389.51,136,1,0,0.01
2026-07-22 17:00:00,389.52,389.54,388.94,389.26,125,1,0,0.01
2026-07-22 17:05:00,389.31,389.68,389.21,389.29,132,1,0,0.01
2026-07-22 17:10:00,389.25,389.44,389.01,389.38,98,1,0,0.01
2026-07-22 17:15:00,389.42,389.42,388.96,389.13,92,2,0,0.02
2026-07-22 17:20:00,389.1,389.84,389.03,389.8,93,1,0,0.01
2026-07-22 17:25:00,389.85,390.04,389.57,389.58,112,1,0,0.01
2026-07-22 17:30:00,389.58,389.62,388.62,388.63,129,1,0,0.01
2026-07-22 17:35:00,388.57,388.67,388.28,388.46,117,1,0,0.01
2026-07-22 17:40:00,388.41,388.86,388.1,388.41,140,1,0,0.01
2026-07-22 17:45:00,388.43,389.1,388.43,389.05,139,1,0,0.01
2026-07-22 17:50:00,389.05,389.31,388.9,389.05,99,1,0,0.01
2026-07-22 17:55:00,389.05,389.47,389.0,389.47,101,1,0,0.01
2026-07-22 18:00:00,389.47,389.49,388.82,389.03,98,1,0,0.01
2026-07-22 18:05:00,389.03,389.2,388.91,389.0,100,1,0,0.01
2026-07-22 18:10:00,389.02,389.02,388.53,388.59,85,1,0,0.01
2026-07-22 18:15:00,388.55,388.55,388.2,388.45,111,1,0,0.01
2026-07-22 18:20:00,388.4,388.89,388.28,388.81,107,1,0,0.01
2026-07-22 18:25:00,388.82,389.12,388.77,389.01,103,1,0,0.01
2026-07-22 18:30:00,389.01,389.01,388.77,388.77,87,1,0,0.01
2026-07-22 18:35:00,388.77,388.96,388.55,388.8,95,1,0,0.01
2026-07-22 18:40:00,388.8,388.86,388.52,388.75,86,1,0,0.01
2026-07-22 18:45:00,388.72,388.87,388.5,388.59,77,1,0,0.01
2026-07-22 18:50:00,388.59,388.74,388.48,388.7,70,1,0,0.01
2026-07-22 18:55:00,388.69,389.56,388.64,389.4,122,1,0,0.01
2026-07-22 19:00:00,389.4,389.4,388.7,388.7,74,1,0,0.01
2026-07-22 19:05:00,388.7,388.86,388.57,388.78,86,1,0,0.01
2026-07-22 19:10:00,388.79,388.87,388.59,388.87,69,1,0,0.01
2026-07-22 19:15:00,388.86,388.86,387.75,387.77,114,1,0,0.01
2026-07-22 19:20:00,387.83,387.83,387.15,387.44,81,1,0,0.01
2026-07-22 19:25:00,387.44,388.0,387.44,387.81,112,1,0,0.01
2026-07-22 19:30:00,387.81,388.05,387.77,387.77,106,1,0,0.01
2026-07-22 19:35:00,387.77,388.09,387.65,388.04,76,1,0,0.01
2026-07-22 19:40:00,388.04,388.11,387.75,387.75,100,1,0,0.01
2026-07-22 19:45:00,387.75,387.84,387.5,387.83,97,1,0,0.01
2026-07-22 19:50:00,387.84,387.94,387.4,387.41,86,1,0,0.01
2026-07-22 19:55:00,387.42,387.44,387.11,387.16,96,1,0,0.01
2026-07-22 20:00:00,387.16,387.42,387.11,387.32,84,1,0,0.01
2026-07-22 20:05:00,387.32,387.39,387.05,387.06,89,1,0,0.01
2026-07-22 20:10:00,387.05,387.41,386.97,387.19,116,1,0,0.01
2026-07-22 20:15:00,387.15,387.85,387.08,387.8,107,1,0,0.01
2026-07-22 20:20:00,387.84,388.03,387.69,387.71,102,1,0,0.01
2026-07-22 20:25:00,387.73,388.51,387.73,388.51,99,1,0,0.01
2026-07-22 20:30:00,388.54,388.54,388.18,388.43,99,1,0,0.01
2026-07-22 20:35:00,388.43,388.67,388.43,388.56,65,1,0,0.01
2026-07-22 20:40:00,388.56,388.71,388.39,388.65,69,1,0,0.01
2026-07-22 20:45:00,388.65,388.85,388.52,388.54,73,1,0,0.01
2026-07-22 20:50:00,388.56,388.56,388.31,388.51,75,1,0,0.01
2026-07-22 20:55:00,388.51,388.83,388.44,388.76,88,1,0,0.01
2026-07-22 21:00:00,388.76,389.14,388.58,388.95,95,1,0,0.01
2026-07-22 21:05:00,388.95,389.49,388.91,389.28,104,1,0,0.01
2026-07-22 21:10:00,389.28,389.74,389.22,389.74,104,1,0,0.01
2026-07-22 21:15:00,389.74,389.86,389.38,389.39,108,1,0,0.01
2026-07-22 21:20:00,389.35,389.51,389.2,389.29,112,1,0,0.01
2026-07-22 21:25:00,389.29,389.64,389.26,389.38,98,1,0,0.01
2026-07-22 21:30:00,389.36,389.38,388.88,388.91,109,1,0,0.01
2026-07-22 21:35:00,388.9,389.07,388.31,388.35,101,1,0,0.01
2026-07-22 21:40:00,388.33,388.82,388.27,388.7,96,1,0,0.01
2026-07-22 21:45:00,388.71,389.07,388.66,389.05,94,1,0,0.01
2026-07-22 21:50:00,389.08,389.82,389.08,389.61,142,1,0,0.01
2026-07-22 21:55:00,389.6,390.81,389.5,390.36,190,1,0,0.01
2026-07-23 15:30:00,390.0,391.57,387.75,391.32,174,1,0,0.01
2026-07-23 15:35:00,391.37,391.37,387.14,388.39,147,1,0,0.01
2026-07-23 15:40:00,388.39,389.41,388.09,388.21,171,1,0,0.01
2026-07-23 15:45:00,388.14,389.31,388.04,388.61,180,1,0,0.01
2026-07-23 15:50:00,388.62,389.42,388.31,388.48,197,1,0,0.01
2026-07-23 15:55:00,388.52,389.23,388.25,388.25,174,1,0,0.01
2026-07-23 16:00:00,388.26,388.84,387.15,387.46,163,1,0,0.01
2026-07-23 16:05:00,387.43,387.61,385.66,385.66,143,1,0,0.01
2026-07-23 16:10:00,385.6,386.02,383.95,384.18,174,1,0,0.01
2026-07-23 16:15:00,384.13,384.33,383.03,383.46,167,1,0,0.01
2026-07-23 16:20:00,383.3,383.83,383.08,383.83,117,1,0,0.01
2026-07-23 16:25:00,383.39,383.41,382.9,383.28,148,1,0,0.01
2026-07-23 16:30:00,383.23,384.02,382.4,382.4,149,1,0,0.01
2026-07-23 16:35:00,382.4,382.75,382.01,382.73,115,3,0,0.03
2026-07-23 16:40:00,382.76,382.93,379.59,379.84,167,1,0,0.01
2026-07-23 16:45:00,379.78,380.46,379.46,379.46,118,1,0,0.01
2026-07-23 16:50:00,379.42,379.7,379.12,379.66,163,1,0,0.01
2026-07-23 16:55:00,379.78,379.88,378.85,379.21,141,1,0,0.01
2026-07-23 17:00:00,379.26,379.41,378.2,378.41,147,1,0,0.01
2026-07-23 17:05:00,378.41,378.51,377.41,377.59,150,1,0,0.01
2026-07-23 17:10:00,377.59,378.99,377.38,378.89,152,1,0,0.01
2026-07-23 17:15:00,378.89,379.45,378.6,378.63,143,1,0,0.01
2026-07-23 17:20:00,378.63,379.36,378.37,378.6,136,1,0,0.01
2026-07-23 17:25:00,378.5,378.74,378.37,378.56,117,1,0,0.01
2026-07-23 17:30:00,378.56,378.67,377.99,378.67,144,1,0,0.01
2026-07-23 17:35:00,378.67,379.03,378.15,378.94,125,2,0,0.02
2026-07-23 17:40:00,378.94,379.17,378.37,378.39,114,1,0,0.01
2026-07-23 17:45:00,378.39,378.42,377.87,378.25,128,1,0,0.01
2026-07-23 17:50:00,378.25,379.4,378.13,379.4,139,1,0,0.01
2026-07-23 17:55:00,379.41,379.74,379.12,379.6,121,2,0,0.02
2026-07-23 18:00:00,379.58,380.61,379.51,380.25,132,1,0,0.01
2026-07-23 18:05:00,380.25,380.68,380.07,380.49,121,1,0,0.01
2026-07-23 18:10:00,380.49,380.89,380.0,380.07,105,1,0,0.01
2026-07-23 18:15:00,380.07,380.39,380.02,380.29,67,2,0,0.02
2026-07-23 18:20:00,380.28,381.0,380.25,380.73,62,4,0,0.04
2026-07-23 18:25:00,380.73,380.98,380.33,380.33,48,3,0,0.03
2026-07-23 18:30:00,380.33,380.78,380.33,380.56,50,1,0,0.01
2026-07-23 18:35:00,380.56,380.56,380.11,380.31,56,1,0,0.01
2026-07-23 18:40:00,380.31,380.57,380.22,380.35,50,2,0,0.02
2026-07-23 18:45:00,380.29,380.55,380.06,380.06,42,2,0,0.02
2026-07-23 18:50:00,380.06,380.75,379.9,380.75,55,2,0,0.02
2026-07-23 18:55:00,380.76,381.31,380.7,381.31,66,2,0,0.02
2026-07-23 19:00:00,381.31,381.8,381.12,381.8,57,1,0,0.01
2026-07-23 19:05:00,381.8,381.8,381.36,381.37,39,1,0,0.01
2026-07-23 19:10:00,381.36,381.66,381.23,381.36,55,2,0,0.02
2026-07-23 19:15:00,381.33,381.38,380.89,380.95,51,1,0,0.01
2026-07-23 19:20:00,381.2,381.46,381.12,381.46,49,2,0,0.02
2026-07-23 19:25:00,381.5,381.52,381.21,381.43,54,2,0,0.02
2026-07-23 19:30:00,381.43,381.46,381.12,381.4,69,1,0,0.01
2026-07-23 19:35:00,381.4,381.56,380.94,381.08,57,1,0,0.01
2026-07-23 19:40:00,381.05,381.07,380.75,380.89,67,2,0,0.02
2026-07-23 19:45:00,380.89,380.95,380.7,380.8,40,2,0,0.02
2026-07-23 19:50:00,380.8,381.48,380.8,381.29,69,2,0,0.02
2026-07-23 19:55:00,381.29,381.35,380.8,380.95,43,1,0,0.01
2026-07-23 20:00:00,380.89,380.99,380.84,380.92,53,1,0,0.01
2026-07-23 20:05:00,380.92,381.16,380.77,380.99,56,1,0,0.01
2026-07-23 20:10:00,381.0,381.34,380.97,381.33,60,1,0,0.01
2026-07-23 20:15:00,381.33,381.68,381.17,381.29,56,1,0,0.01
2026-07-23 20:20:00,381.3,381.56,381.2,381.56,60,2,0,0.02
2026-07-23 20:25:00,381.56,381.63,381.33,381.4,36,1,0,0.01
2026-07-23 20:30:00,381.38,381.77,381.38,381.46,64,1,0,0.01
2026-07-23 20:35:00,381.46,381.56,381.29,381.46,53,1,0,0.01
2026-07-23 20:40:00,381.44,381.47,381.16,381.34,47,1,0,0.01
2026-07-23 20:45:00,381.34,381.93,381.34,381.89,61,1,0,0.01
2026-07-23 20:50:00,381.88,382.1,381.76,382.02,51,1,0,0.01
2026-07-23 20:55:00,382.01,382.09,381.81,381.87,55,1,0,0.01
2026-07-23 21:00:00,381.92,382.15,381.81,381.83,62,1,0,0.01
2026-07-23 21:05:00,381.6,381.63,381.38,381.4,44,1,0,0.01
2026-07-23 21:10:00,381.42,381.42,380.7,380.74,63,2,0,0.02
2026-07-23 21:15:00,380.71,380.98,380.7,380.76,52,1,0,0.01
2026-07-23 21:20:00,380.72,381.36,380.69,381.36,59,1,0,0.01
2026-07-23 21:25:00,381.32,381.45,381.18,381.22,58,1,0,0.01
2026-07-23 21:30:00,380.88,381.27,380.75,381.26,69,1,0,0.01
2026-07-23 21:35:00,381.26,381.26,380.27,380.52,62,1,0,0.01
2026-07-23 21:40:00,380.53,380.61,380.19,380.23,61,1,0,0.01
2026-07-23 21:45:00,380.19,380.25,379.57,379.67,49,1,0,0.01
2026-07-23 21:50:00,379.67,381.1,379.59,381.1,67,1,0,0.01
2026-07-23 21:55:00,381.07,382.41,381.07,382.23,55,1,0,0.01
2026-07-24 15:30:00,386.5,388.47,383.13,385.19,167,1,0,0.01
2026-07-24 15:35:00,385.2,386.01,383.85,384.23,159,1,0,0.01
2026-07-24 15:40:00,384.38,385.24,381.1,381.27,170,1,0,0.01
2026-07-24 15:45:00,381.03,381.95,380.65,381.39,189,1,0,0.01
2026-07-24 15:50:00,381.4,382.24,381.24,382.04,186,1,0,0.01
2026-07-24 15:55:00,382.04,382.14,381.11,381.16,166,1,0,0.01
2026-07-24 16:00:00,381.1,382.18,381.1,381.42,172,1,0,0.01
2026-07-24 16:05:00,381.42,383.04,381.26,382.93,161,1,0,0.01
2026-07-24 16:10:00,382.86,382.87,380.79,381.56,139,1,0,0.01
2026-07-24 16:15:00,381.56,382.29,381.56,382.02,159,1,0,0.01
2026-07-24 16:20:00,382.02,383.33,381.92,382.92,93,1,0,0.01
2026-07-24 16:25:00,382.92,383.16,381.78,381.78,145,1,0,0.01
2026-07-24 16:30:00,381.63,383.07,381.63,382.82,137,1,0,0.01
2026-07-24 16:35:00,382.78,383.82,382.77,382.9,129,1,0,0.01
2026-07-24 16:40:00,383.28,383.75,382.78,382.78,120,1,0,0.01
2026-07-24 16:45:00,382.78,383.28,382.7,382.98,133,1,0,0.01
2026-07-24 16:50:00,383.06,383.76,383.05,383.24,118,1,0,0.01
2026-07-24 16:55:00,383.2,384.46,383.06,384.15,123,1,0,0.01
2026-07-24 17:00:00,384.18,384.51,383.47,383.61,122,1,0,0.01
2026-07-24 17:05:00,383.69,384.46,383.6,384.18,98,1,0,0.01
2026-07-24 17:10:00,384.04,384.92,384.01,384.8,61,1,0,0.01
2026-07-24 17:15:00,384.8,385.86,384.8,384.8,55,1,0,0.01
2026-07-24 17:20:00,384.8,385.41,384.7,385.03,47,3,0,0.03
2026-07-24 17:25:00,385.08,385.69,385.02,385.5,47,3,0,0.03
2026-07-24 17:30:00,385.47,385.64,384.54,384.54,101,1,0,0.01
2026-07-24 17:35:00,384.54,385.1,384.54,385.06,95,1,0,0.01
2026-07-24 17:40:00,385.08,385.29,384.15,384.38,123,1,0,0.01
2026-07-24 17:45:00,384.38,384.43,383.76,383.86,110,1,0,0.01
2026-07-24 17:50:00,383.92,384.29,383.47,383.67,126,1,0,0.01
2026-07-24 17:55:00,383.69,384.06,383.52,383.9,121,1,0,0.01
2026-07-24 18:00:00,383.85,384.29,383.85,384.22,111,1,0,0.01
2026-07-24 18:05:00,384.22,384.34,384.07,384.07,99,2,0,0.02
2026-07-24 18:10:00,384.07,384.6,384.07,384.31,97,1,0,0.01
2026-07-24 18:15:00,384.3,385.28,384.3,385.01,113,2,0,0.02
2026-07-24 18:20:00,385.01,385.01,384.71,384.93,93,1,0,0.01
2026-07-24 18:25:00,384.94,385.25,384.81,385.06,110,1,0,0.01
2026-07-24 18:30:00,385.05,385.21,384.31,384.35,106,1,0,0.01
2026-07-24 18:35:00,384.47,384.97,384.31,384.53,97,1,0,0.01
2026-07-24 18:40:00,384.55,384.57,384.25,384.37,105,1,0,0.01
2026-07-24 18:45:00,384.37,384.51,383.97,384.08,106,1,0,0.01
2026-07-24 18:50:00,384.08,384.33,383.83,384.22,104,1,0,0.01
2026-07-24 18:55:00,384.22,384.29,383.93,383.93,120,1,0,0.01
2026-07-24 19:00:00,383.93,384.14,383.86,384.12,113,1,0,0.01
2026-07-24 19:05:00,384.1,384.26,383.59,383.83,119,1,0,0.01
2026-07-24 19:10:00,383.83,384.28,383.72,384.28,90,1,0,0.01
2026-07-24 19:15:00,384.27,384.3,384.11,384.27,98,1,0,0.01
2026-07-24 19:20:00,384.27,384.27,383.67,383.94,104,1,0,0.01
2026-07-24 19:25:00,383.95,384.23,383.88,384.16,104,1,0,0.01
2026-07-24 19:30:00,384.18,384.58,384.08,384.57,100,1,0,0.01
2026-07-24 19:35:00,384.57,384.64,384.03,384.1,99,1,0,0.01
2026-07-24 19:40:00,384.13,384.17,383.68,384.07,98,1,0,0.01
2026-07-24 19:45:00,384.07,384.67,384.07,384.53,101,1,0,0.01
2026-07-24 19:50:00,384.55,384.87,384.53,384.72,91,1,0,0.01
2026-07-24 19:55:00,384.72,384.91,384.54,384.7,88,1,0,0.01
2026-07-24 20:00:00,384.7,384.91,384.46,384.57,97,1,0,0.01
2026-07-24 20:05:00,384.62,384.84,384.41,384.68,88,1,0,0.01
2026-07-24 20:10:00,384.68,384.78,384.47,384.68,108,1,0,0.01
2026-07-24 20:15:00,384.68,384.74,384.34,384.34,106,1,0,0.01
2026-07-24 20:20:00,384.36,384.38,384.08,384.18,106,1,0,0.01
2026-07-24 20:25:00,384.16,384.33,383.9,383.92,119,1,0,0.01
2026-07-24 20:30:00,383.92,384.28,383.73,383.82,130,1,0,0.01
2026-07-24 20:35:00,383.82,384.36,383.63,384.31,104,1,0,0.01
2026-07-24 20:40:00,384.32,384.59,384.14,384.44,101,1,0,0.01
2026-07-24 20:45:00,384.44,384.72,384.38,384.68,94,1,0,0.01
2026-07-24 20:50:00,384.69,384.9,384.58,384.68,113,1,0,0.01
2026-07-24 20:55:00,384.73,384.75,384.47,384.54,111,1,0,0.01
2026-07-24 21:00:00,384.55,384.73,383.94,384.06,133,1,0,0.01
2026-07-24 21:05:00,384.06,384.49,383.93,384.49,145,1,0,0.01
2026-07-24 21:10:00,384.49,384.53,384.2,384.27,141,1,0,0.01
2026-07-24 21:15:00,384.27,384.63,384.24,384.58,137,1,0,0.01
2026-07-24 21:20:00,384.59,384.66,383.92,384.14,119,1,0,0.01
2026-07-24 21:25:00,384.0,384.18,383.4,383.4,139,1,0,0.01
2026-07-24 21:30:00,383.4,383.75,383.21,383.21,148,1,0,0.01
2026-07-24 21:35:00,383.21,383.64,382.78,382.78,131,1,0,0.01
2026-07-24 21:40:00,382.78,383.1,382.46,382.85,162,1,0,0.01
2026-07-24 21:45:00,382.82,383.35,382.74,382.91,149,1,0,0.01
2026-07-24 21:50:00,382.9,383.24,382.7,382.75,157,1,0,0.01
2026-07-24 21:55:00,381.78,382.45,381.44,381.74,174,1,0,0.01
2026-07-27 15:30:00,389.68,392.26,388.07,389.28,169,7,0,0.07
2026-07-27 15:35:00,389.28,391.76,388.99,391.19,171,2,0,0.02
2026-07-27 15:40:00,391.28,391.3,389.6,389.85,192,1,0,0.01
2026-07-27 15:45:00,389.85,391.24,388.71,391.15,176,1,0,0.01
2026-07-27 15:50:00,391.15,392.32,390.66,391.19,185,1,0,0.01
2026-07-27 15:55:00,391.19,392.0,391.04,391.04,168,1,0,0.01
2026-07-27 16:00:00,391.09,392.71,390.68,392.7,182,1,0,0.01
2026-07-27 16:05:00,392.68,393.29,391.38,391.61,146,1,0,0.01
2026-07-27 16:10:00,391.61,392.47,390.85,392.42,157,1,0,0.01
2026-07-27 16:15:00,392.42,393.0,391.71,391.77,160,1,0,0.01
2026-07-27 16:20:00,391.76,392.22,390.56,390.75,120,3,0,0.03
2026-07-27 16:25:00,390.7,391.17,390.16,390.25,161,1,0,0.01
2026-07-27 16:30:00,390.29,390.77,389.74,389.78,77,1,0,0.01
2026-07-27 16:35:00,389.73,390.72,389.44,390.72,125,1,0,0.01
2026-07-27 16:40:00,390.73,390.83,389.52,389.69,129,1,0,0.01
2026-07-27 16:45:00,389.69,390.17,389.28,389.28,147,1,0,0.01
2026-07-27 16:50:00,389.28,389.82,389.23,389.71,129,1,0,0.01
2026-07-27 16:55:00,389.71,390.02,389.4,389.66,135,1,0,0.01
2026-07-27 17:00:00,389.57,391.01,389.31,391.0,133,1,0,0.01
2026-07-27 17:05:00,391.0,392.01,390.84,391.04,107,1,0,0.01
2026-07-27 17:10:00,391.36,392.79,391.15,392.79,69,3,0,0.03
2026-07-27 17:15:00,392.8,393.41,392.63,392.68,102,1,0,0.01
2026-07-27 17:20:00,392.68,393.72,392.68,393.38,108,1,0,0.01
2026-07-27 17:25:00,393.34,393.84,393.18,393.46,131,1,0,0.01
2026-07-27 17:30:00,393.49,393.72,392.6,392.6,153,1,0,0.01
2026-07-27 17:35:00,392.6,392.76,391.58,392.3,113,1,0,0.01
2026-07-27 17:40:00,392.19,392.19,391.24,391.37,120,1,0,0.01
2026-07-27 17:45:00,391.44,391.58,390.55,390.82,85,1,0,0.01
2026-07-27 17:50:00,390.85,391.04,390.66,390.89,102,1,0,0.01
2026-07-27 17:55:00,390.89,391.14,390.22,390.22,121,1,0,0.01
2026-07-27 18:00:00,390.28,390.67,389.96,390.49,119,2,0,0.02
2026-07-27 18:05:00,390.42,390.81,390.19,390.71,104,1,0,0.01
2026-07-27 18:10:00,390.77,390.77,390.0,390.01,121,1,0,0.01
2026-07-27 18:15:00,390.01,390.04,389.57,389.77,132,1,0,0.01
2026-07-27 18:20:00,389.77,389.88,389.4,389.72,70,2,0,0.02
2026-07-27 18:25:00,389.75,390.88,389.63,390.41,106,2,0,0.02
2026-07-27 18:30:00,390.41,391.51,390.29,391.51,138,1,0,0.01
2026-07-27 18:35:00,391.45,391.93,391.45,391.53,113,1,0,0.01
2026-07-27 18:40:00,391.53,391.74,391.08,391.14,117,1,0,0.01
2026-07-27 18:45:00,391.14,391.55,391.13,391.23,134,1,0,0.01
2026-07-27 18:50:00,391.25,391.35,390.76,391.19,119,1,0,0.01
2026-07-27 18:55:00,391.19,391.44,391.04,391.27,118,1,0,0.01
2026-07-27 19:00:00,391.28,391.42,390.84,391.01,126,1,0,0.01
2026-07-27 19:05:00,390.94,391.33,390.92,391.23,96,1,0,0.01
2026-07-27 19:10:00,391.23,391.77,391.06,391.59,94,2,0,0.02
2026-07-27 19:15:00,391.65,392.26,391.58,391.84,101,1,0,0.01
2026-07-27 19:20:00,391.85,392.15,391.53,391.56,93,1,0,0.01
2026-07-27 19:25:00,391.56,391.87,391.5,391.5,109,1,0,0.01
2026-07-27 19:30:00,391.5,392.68,391.5,392.68,129,1,0,0.01
2026-07-27 19:35:00,392.69,392.76,391.8,392.27,131,1,0,0.01
2026-07-27 19:40:00,392.25,392.45,392.07,392.22,88,1,0,0.01
2026-07-27 19:45:00,392.25,392.41,391.89,392.41,90,1,0,0.01
2026-07-27 19:50:00,392.41,393.22,392.41,392.97,114,1,0,0.01
2026-07-27 19:55:00,393.0,393.75,392.83,393.67,117,1,0,0.01
2026-07-27 20:00:00,393.76,394.16,393.49,393.55,134,1,0,0.01
2026-07-27 20:05:00,393.55,394.0,393.44,393.78,108,1,0,0.01
2026-07-27 20:10:00,393.78,394.03,393.52,393.53,90,1,0,0.01
2026-07-27 20:15:00,393.52,393.67,392.77,392.91,99,1,0,0.01
2026-07-27 20:20:00,392.87,393.19,392.87,392.96,81,1,0,0.01
2026-07-27 20:25:00,393.0,393.08,392.52,392.69,93,2,0,0.02
2026-07-27 20:30:00,392.69,392.85,392.57,392.71,94,1,0,0.01
2026-07-27 20:35:00,392.71,393.02,392.51,392.94,83,1,0,0.01
2026-07-27 20:40:00,392.93,393.4,392.83,393.33,117,1,0,0.01
2026-07-27 20:45:00,393.36,393.85,393.33,393.84,103,1,0,0.01
2026-07-27 20:50:00,393.82,394.05,393.62,393.78,108,1,0,0.01
2026-07-27 20:55:00,393.78,394.06,393.3,393.52,118,1,0,0.01
2026-07-27 21:00:00,393.54,393.54,392.56,392.56,106,1,0,0.01
2026-07-27 21:05:00,392.55,392.8,392.38,392.49,112,1,0,0.01
2026-07-27 21:10:00,392.5,392.51,391.89,391.94,112,1,0,0.01
2026-07-27 21:15:00,391.94,392.18,391.52,391.95,109,1,0,0.01
2026-07-27 21:20:00,391.93,392.08,391.32,391.72,120,1,0,0.01
2026-07-27 21:25:00,391.73,391.91,391.2,391.27,128,1,0,0.01
2026-07-27 21:30:00,391.31,391.33,391.0,391.23,151,1,0,0.01
2026-07-27 21:35:00,391.28,391.42,390.31,390.36,124,1,0,0.01
2026-07-27 21:40:00,390.4,390.54,390.02,390.06,120,1,0,0.01
2026-07-27 21:45:00,390.05,390.07,389.39,389.62,146,1,0,0.01
2026-07-27 21:50:00,389.57,389.8,389.26,389.37,171,1,0,0.01
2026-07-27 21:55:00,389.17,389.46,388.88,388.88,174,1,0,0.01
2026-07-28 15:30:00,392.43,395.96,392.43,395.96,193,4,0,0.04
2026-07-28 15:35:00,396.1,400.07,396.1,397.86,189,1,0,0.01
2026-07-28 15:40:00,398.03,398.29,394.05,394.33,198,1,0,0.01
2026-07-28 15:45:00,394.33,394.99,392.02,392.93,174,1,0,0.01
2026-07-28 15:50:00,392.9,394.41,392.01,392.01,181,1,0,0.01
2026-07-28 15:55:00,391.81,392.52,391.22,392.23,170,4,0,0.04
2026-07-28 16:00:00,392.22,393.06,392.2,392.77,164,1,0,0.01
2026-07-28 16:05:00,392.71,393.94,392.67,393.85,127,1,0,0.01
2026-07-28 16:10:00,393.85,394.41,393.4,394.21,160,1,0,0.01
2026-07-28 16:15:00,394.21,396.97,394.06,396.55,165,1,0,0.01
2026-07-28 16:20:00,396.54,397.07,395.0,396.27,138,2,0,0.02
2026-07-28 16:25:00,396.26,396.45,395.06,395.42,128,1,0,0.01
2026-07-28 16:30:00,395.42,395.7,394.9,395.46,144,1,0,0.01
2026-07-28 16:35:00,395.51,395.7,394.88,394.89,112,1,0,0.01
2026-07-28 16:40:00,394.88,396.69,394.77,396.56,134,1,0,0.01
2026-07-28 16:45:00,396.56,397.63,396.51,397.44,136,1,0,0.01
2026-07-28 16:50:00,397.44,397.62,396.03,396.31,146,1,0,0.01
2026-07-28 16:55:00,396.13,396.7,396.1,396.45,125,1,0,0.01
2026-07-28 17:00:00,396.47,397.26,395.89,396.01,115,1,0,0.01
2026-07-28 17:05:00,396.0,397.02,396.0,396.93,125,1,0,0.01
2026-07-28 17:10:00,397.11,398.05,396.91,397.97,138,1,0,0.01
2026-07-28 17:15:00,398.01,399.25,397.81,399.04,136,1,0,0.01
2026-07-28 17:20:00,399.03,399.77,399.03,399.49,90,2,0,0.02
2026-07-28 17:25:00,399.45,400.08,399.42,399.93,148,1,0,0.01
2026-07-28 17:30:00,399.93,400.26,399.14,399.44,121,1,0,0.01
2026-07-28 17:35:00,399.52,399.84,399.02,399.04,111,1,0,0.01
2026-07-28 17:40:00,399.04,399.46,398.69,398.82,108,1,0,0.01
2026-07-28 17:45:00,398.82,398.82,397.03,397.17,107,1,0,0.01
2026-07-28 17:50:00,397.19,397.72,397.0,397.59,113,1,0,0.01
2026-07-28 17:55:00,397.59,397.87,397.32,397.81,98,2,0,0.02
2026-07-28 18:00:00,397.85,397.85,396.22,396.34,111,1,0,0.01
2026-07-28 18:05:00,396.35,396.92,396.11,396.92,96,1,0,0.01
2026-07-28 18:10:00,396.97,397.8,396.8,397.6,97,1,0,0.01
2026-07-28 18:15:00,397.6,398.76,397.6,398.76,107,1,0,0.01
2026-07-28 18:20:00,398.76,398.84,398.1,398.27,85,1,0,0.01
2026-07-28 18:25:00,398.27,398.49,398.04,398.04,96,1,0,0.01
2026-07-28 18:30:00,398.04,398.45,398.03,398.07,82,1,0,0.01
2026-07-28 18:35:00,398.07,398.54,398.04,398.45,88,1,0,0.01
2026-07-28 18:40:00,398.51,398.58,398.17,398.4,77,1,0,0.01
2026-07-28 18:45:00,398.42,398.42,398.02,398.39,71,2,0,0.02
2026-07-28 18:50:00,398.39,398.78,398.38,398.64,86,1,0,0.01
2026-07-28 18:55:00,398.62,398.84,398.41,398.8,83,2,0,0.02
2026-07-28 19:00:00,398.82,398.87,398.23,398.38,66,1,0,0.01
2026-07-28 19:05:00,398.39,398.71,398.09,398.12,78,1,0,0.01
2026-07-28 19:10:00,398.14,398.25,397.71,397.86,103,1,0,0.01
2026-07-28 19:15:00,397.86,398.03,397.48,397.67,92,1,0,0.01
2026-07-28 19:20:00,397.67,398.23,397.64,398.0,90,1,0,0.01
2026-07-28 19:25:00,398.0,398.24,397.77,398.05,80,2,0,0.02
2026-07-28 19:30:00,398.07,398.84,397.83,398.79,95,1,0,0.01
2026-07-28 19:35:00,398.81,399.34,398.81,399.08,83,1,0,0.01
2026-07-28 19:40:00,399.08,399.41,398.65,398.94,88,1,0,0.01
2026-07-28 19:45:00,398.94,399.46,398.76,399.24,97,1,0,0.01
2026-07-28 19:50:00,399.24,399.24,398.83,398.85,77,1,0,0.01
2026-07-28 19:55:00,398.85,399.26,398.85,399.17,84,1,0,0.01
2026-07-28 20:00:00,399.14,399.18,398.1,398.34,97,1,0,0.01
2026-07-28 20:05:00,398.3,398.3,397.34,397.42,111,1,0,0.01
2026-07-28 20:10:00,397.42,397.46,397.09,397.36,82,1,0,0.01
2026-07-28 20:15:00,397.36,397.6,396.93,397.2,94,1,0,0.01
2026-07-28 20:20:00,397.2,397.72,397.17,397.42,84,1,0,0.01
2026-07-28 20:25:00,397.28,397.56,397.28,397.5,80,1,0,0.01
2026-07-28 20:30:00,397.51,397.57,397.09,397.56,76,1,0,0.01
2026-07-28 20:35:00,397.56,397.56,397.06,397.24,76,1,0,0.01
2026-07-28 20:40:00,397.17,397.52,397.14,397.2,104,1,0,0.01
2026-07-28 20:45:00,397.27,397.92,397.23,397.55,84,1,0,0.01
2026-07-28 20:50:00,397.55,397.58,396.98,397.12,92,2,0,0.02
2026-07-28 20:55:00,397.1,397.15,396.69,396.93,89,1,0,0.01
2026-07-28 21:00:00,397.0,397.02,396.18,396.2,99,2,0,0.02
2026-07-28 21:05:00,396.2,396.59,395.08,395.34,118,1,0,0.01
2026-07-28 21:10:00,395.3,395.45,394.23,394.24,119,1,0,0.01
2026-07-28 21:15:00,394.24,394.51,393.91,393.91,129,1,0,0.01
2026-07-28 21:20:00,393.9,393.9,392.91,393.0,129,1,0,0.01
2026-07-28 21:25:00,393.0,393.04,392.6,392.83,139,1,0,0.01
2026-07-28 21:30:00,392.77,393.14,392.58,392.71,134,1,0,0.01
2026-07-28 21:35:00,392.71,393.13,392.37,393.04,111,1,0,0.01
2026-07-28 21:40:00,393.24,393.41,392.93,393.02,120,1,0,0.01
2026-07-28 21:45:00,393.02,393.38,392.95,393.23,125,1,0,0.01
2026-07-28 21:50:00,393.25,393.72,392.78,393.37,149,1,0,0.01
2026-07-28 21:55:00,393.37,393.72,392.53,393.34,188,1,0,0.01
2026-07-29 15:30:00,393.15,394.09,389.03,390.72,171,1,0,0.01
2026-07-29 15:35:00,390.76,391.83,389.68,390.49,175,1,0,0.01
2026-07-29 15:40:00,390.31,391.51,389.74,389.74,190,2,0,0.02
2026-07-29 15:45:00,389.59,390.39,388.71,389.35,162,1,0,0.01
2026-07-29 15:50:00,389.35,390.88,389.29,389.93,177,1,0,0.01
2026-07-29 15:55:00,390.0,392.61,390.0,392.43,193,1,0,0.01
2026-07-29 16:00:00,392.24,393.48,392.12,393.14,182,1,0,0.01
2026-07-29 16:05:00,393.06,393.36,392.16,392.31,161,1,0,0.01
2026-07-29 16:10:00,392.31,392.96,391.19,391.55,160,1,0,0.01
2026-07-29 16:15:00,391.56,392.32,390.83,391.78,152,1,0,0.01
2026-07-29 16:20:00,391.93,393.31,391.53,392.14,98,1,0,0.01
2026-07-29 16:25:00,392.14,392.58,391.51,392.41,135,3,0,0.03
2026-07-29 16:30:00,392.46,394.0,392.38,393.88,149,1,0,0.01
2026-07-29 16:35:00,393.88,394.17,393.54,394.08,129,1,0,0.01
2026-07-29 16:40:00,394.05,394.31,393.17,394.05,159,1,0,0.01
2026-07-29 16:45:00,394.15,394.76,393.72,394.0,146,2,0,0.02
2026-07-29 16:50:00,393.96,394.73,393.72,394.69,155,1,0,0.01
2026-07-29 16:55:00,394.68,394.93,394.16,394.3,141,1,0,0.01
2026-07-29 17:00:00,394.24,394.88,394.12,394.85,109,1,0,0.01
2026-07-29 17:05:00,394.81,395.77,394.45,395.6,148,1,0,0.01
2026-07-29 17:10:00,395.66,395.71,394.78,394.83,132,1,0,0.01
2026-07-29 17:15:00,394.83,395.34,394.46,395.09,139,1,0,0.01
2026-07-29 17:20:00,395.09,395.42,394.52,395.16,103,1,0,0.01
2026-07-29 17:25:00,395.07,395.26,394.37,394.5,128,1,0,0.01
2026-07-29 17:30:00,394.58,394.76,394.22,394.22,136,1,0,0.01
2026-07-29 17:35:00,394.22,394.93,394.18,394.57,108,1,0,0.01
2026-07-29 17:40:00,394.48,394.65,394.07,394.33,117,1,0,0.01
2026-07-29 17:45:00,394.28,395.1,394.28,394.96,148,1,0,0.01
2026-07-29 17:50:00,394.94,395.23,394.65,394.87,135,1,0,0.01
2026-07-29 17:55:00,394.81,394.87,394.42,394.7,130,1,0,0.01
2026-07-29 18:00:00,394.66,394.89,394.27,394.56,124,1,0,0.01
2026-07-29 18:05:00,394.46,394.77,394.19,394.37,110,1,0,0.01
2026-07-29 18:10:00,394.37,394.37,392.76,393.29,129,1,0,0.01
2026-07-29 18:15:00,393.2,394.0,393.06,393.8,137,1,0,0.01
2026-07-29 18:20:00,393.8,395.52,393.61,395.23,136,1,0,0.01
2026-07-29 18:25:00,395.29,395.64,394.89,395.63,116,1,0,0.01
2026-07-29 18:30:00,395.64,395.97,395.01,395.01,119,1,0,0.01
2026-07-29 18:35:00,395.01,395.3,394.85,395.06,110,1,0,0.01
2026-07-29 18:40:00,395.06,395.06,393.81,394.15,124,1,0,0.01
2026-07-29 18:45:00,394.17,394.6,393.63,394.47,128,1,0,0.01
2026-07-29 18:50:00,394.54,395.33,394.47,395.27,130,1,0,0.01
2026-07-29 18:55:00,395.27,395.59,395.09,395.27,117,1,0,0.01
2026-07-29 19:00:00,395.25,395.52,395.04,395.52,111,2,0,0.02
2026-07-29 19:05:00,395.52,395.71,395.14,395.4,109,1,0,0.01
2026-07-29 19:10:00,395.4,396.05,395.38,396.04,111,1,0,0.01
2026-07-29 19:15:00,396.04,396.43,395.36,396.43,119,1,0,0.01
2026-07-29 19:20:00,396.43,397.1,396.22,396.22,110,1,0,0.01
2026-07-29 19:25:00,396.23,396.27,395.55,396.14,126,2,0,0.02
2026-07-29 19:30:00,396.14,396.25,395.79,395.92,106,1,0,0.01
2026-07-29 19:35:00,395.92,396.02,395.64,395.85,80,1,0,0.01
2026-07-29 19:40:00,395.8,396.35,395.67,396.24,99,1,0,0.01
2026-07-29 19:45:00,396.27,396.32,395.85,396.17,119,1,0,0.01
2026-07-29 19:50:00,396.17,396.28,395.51,395.85,126,1,0,0.01
2026-07-29 19:55:00,395.92,396.73,395.44,396.41,129,1,0,0.01
2026-07-29 20:00:00,396.41,397.62,396.41,396.79,163,1,0,0.01
2026-07-29 20:05:00,396.82,398.02,396.72,398.0,116,1,0,0.01
2026-07-29 20:10:00,398.04,399.1,397.43,397.6,144,1,0,0.01
2026-07-29 20:15:00,397.59,398.31,397.57,397.98,140,1,0,0.01
2026-07-29 20:20:00,397.98,398.0,397.32,397.46,131,1,0,0.01
2026-07-29 20:25:00,397.5,398.63,397.43,398.63,136,1,0,0.01
2026-07-29 20:30:00,398.65,399.08,398.01,398.31,167,1,0,0.01
2026-07-29 20:35:00,398.31,399.29,398.19,398.9,159,1,0,0.01
2026-07-29 20:40:00,398.9,399.22,398.25,399.11,159,1,0,0.01
2026-07-29 20:45:00,399.14,401.1,399.04,400.9,172,1,0,0.01
2026-07-29 20:50:00,400.9,401.19,400.52,400.81,173,1,0,0.01
2026-07-29 20:55:00,400.84,401.17,399.42,399.5,160,1,0,0.01
2026-07-29 21:00:00,399.53,399.53,398.04,398.41,169,1,0,0.01
2026-07-29 21:05:00,398.43,398.46,397.08,397.11,151,1,0,0.01
2026-07-29 21:10:00,397.04,398.22,396.77,397.93,158,1,0,0.01
2026-07-29 21:15:00,397.96,398.23,397.27,397.85,166,1,0,0.01
2026-07-29 21:20:00,397.84,397.84,396.45,396.45,154,1,0,0.01
2026-07-29 21:25:00,396.4,396.47,395.82,395.95,162,1,0,0.01
2026-07-29 21:30:00,395.95,396.23,395.02,395.38,182,1,0,0.01
2026-07-29 21:35:00,395.36,395.64,393.64,393.65,160,1,0,0.01
2026-07-29 21:40:00,393.65,394.14,392.44,392.51,197,1,0,0.01
2026-07-29 21:45:00,392.5,392.93,391.78,392.42,195,1,0,0.01
2026-07-29 21:50:00,392.38,392.38,391.19,391.77,194,1,0,0.01
2026-07-29 21:55:00,391.72,391.76,389.49,390.8,191,1,0,0.01
2026-07-30 15:30:00,438.22,447.51,432.45,447.29,219,1,0,0.01
2026-07-30 15:35:00,446.61,450.85,444.33,446.25,193,1,0,0.01
2026-07-30 15:40:00,446.48,448.82,444.39,448.82,191,1,0,0.01
2026-07-30 15:45:00,449.16,451.53,447.19,451.1,214,1,0,0.01
2026-07-30 15:50:00,450.92,451.39,446.41,447.07,197,1,0,0.01
2026-07-30 15:55:00,447.17,450.0,447.0,449.98,212,1,0,0.01
2026-07-30 16:00:00,449.95,451.62,448.82,449.01,201,1,0,0.01
2026-07-30 16:05:00,449.04,449.12,445.33,446.58,154,1,0,0.01
2026-07-30 16:10:00,446.78,448.61,445.66,447.47,198,3,0,0.03
2026-07-30 16:15:00,447.62,448.42,445.81,446.06,204,1,0,0.01
2026-07-30 16:20:00,446.25,447.24,445.75,447.09,131,1,0,0.01
2026-07-30 16:25:00,447.08,450.43,447.08,450.04,200,1,0,0.01
2026-07-30 16:30:00,449.89,450.7,449.72,450.36,126,1,0,0.01
2026-07-30 16:35:00,450.37,451.43,449.84,450.27,86,1,0,0.01
2026-07-30 16:40:00,450.02,451.71,449.62,451.16,98,1,0,0.01
2026-07-30 16:45:00,451.38,451.81,450.29,450.62,97,1,0,0.01
2026-07-30 16:50:00,450.66,451.0,448.91,449.12,101,1,0,0.01
2026-07-30 16:55:00,449.12,449.32,446.98,447.07,80,4,0,0.04
2026-07-30 17:00:00,447.14,447.33,444.32,445.53,93,2,0,0.02
2026-07-30 17:05:00,445.54,446.03,444.12,445.22,78,1,0,0.01
2026-07-30 17:10:00,445.23,445.78,443.93,444.12,95,1,0,0.01
2026-07-30 17:15:00,444.12,444.85,444.09,444.48,82,1,0,0.01
2026-07-30 17:20:00,444.48,446.69,444.48,445.5,82,1,0,0.01
2026-07-30 17:25:00,445.46,445.73,444.29,444.46,83,1,0,0.01
2026-07-30 17:30:00,444.47,446.21,444.37,446.06,63,1,0,0.01
2026-07-30 17:35:00,446.0,449.13,446.0,448.83,80,1,0,0.01
2026-07-30 17:40:00,448.86,449.58,448.18,449.36,67,1,0,0.01
2026-07-30 17:45:00,449.35,449.59,449.2,449.59,63,1,0,0.01
2026-07-30 17:50:00,450.27,450.36,449.04,449.33,73,1,0,0.01
2026-07-30 17:55:00,449.33,449.88,449.02,449.76,73,1,0,0.01
2026-07-30 18:00:00,449.75,452.3,449.65,451.74,120,1,0,0.01
2026-07-30 18:05:00,451.71,454.2,451.71,453.9,152,1,0,0.01
2026-07-30 18:10:00,453.9,456.32,453.9,455.5,195,1,0,0.01
2026-07-30 18:15:00,455.52,455.88,454.88,455.23,167,1,0,0.01
2026-07-30 18:20:00,455.28,455.79,454.84,455.43,153,1,0,0.01
2026-07-30 18:25:00,455.43,455.55,454.99,455.11,148,1,0,0.01
2026-07-30 18:30:00,455.13,455.33,453.73,454.04,171,1,0,0.01
2026-07-30 18:35:00,454.04,455.12,453.81,454.8,145,1,0,0.01
2026-07-30 18:40:00,454.82,454.82,453.04,453.4,163,1,0,0.01
2026-07-30 18:45:00,453.4,454.33,453.26,454.29,142,1,0,0.01
2026-07-30 18:50:00,454.31,454.83,454.04,454.7,148,1,0,0.01
2026-07-30 18:55:00,454.7,455.59,454.55,455.08,160,1,0,0.01
2026-07-30 19:00:00,455.09,456.41,455.09,456.32,171,1,0,0.01
2026-07-30 19:05:00,456.32,456.34,454.87,455.66,137,1,0,0.01
2026-07-30 19:10:00,455.74,455.89,455.27,455.8,154,2,0,0.02
2026-07-30 19:15:00,455.81,455.84,455.39,455.41,139,1,0,0.01
2026-07-30 19:20:00,455.37,455.69,454.95,455.18,109,3,0,0.03
2026-07-30 19:25:00,455.19,456.12,455.16,455.86,128,1,0,0.01
2026-07-30 19:30:00,455.86,456.73,455.86,456.7,152,1,0,0.01
2026-07-30 19:35:00,456.71,457.85,456.28,456.55,148,1,0,0.01
2026-07-30 19:40:00,456.55,456.99,456.25,456.38,160,1,0,0.01
2026-07-30 19:45:00,456.42,456.95,455.89,456.73,159,1,0,0.01
2026-07-30 19:50:00,456.71,456.78,455.54,455.99,154,1,0,0.01
2026-07-30 19:55:00,455.99,455.99,455.43,455.83,108,1,0,0.01
2026-07-30 20:00:00,455.87,456.82,455.36,455.43,121,1,0,0.01
2026-07-30 20:05:00,455.44,456.8,455.35,456.51,126,1,0,0.01
2026-07-30 20:10:00,456.52,458.59,456.43,457.87,145,1,0,0.01
2026-07-30 20:15:00,457.82,458.05,457.55,457.77,124,1,0,0.01
2026-07-30 20:20:00,457.75,457.98,457.45,457.98,96,1,0,0.01
2026-07-30 20:25:00,458.06,458.42,457.36,458.16,132,2,0,0.02
2026-07-30 20:30:00,458.16,458.22,457.26,457.62,145,1,0,0.01
2026-07-30 20:35:00,457.62,457.65,456.58,456.75,105,1,0,0.01
2026-07-30 20:40:00,456.77,456.92,455.77,455.87,117,1,0,0.01
2026-07-30 20:45:00,455.89,456.59,455.84,456.3,114,1,0,0.01
2026-07-30 20:50:00,456.3,456.87,456.07,456.24,125,1,0,0.01
2026-07-30 20:55:00,456.24,456.81,455.84,455.84,132,1,0,0.01
2026-07-30 21:00:00,455.97,456.45,455.22,455.59,142,1,0,0.01
2026-07-30 21:05:00,455.58,455.58,454.78,455.21,121,2,0,0.02
2026-07-30 21:10:00,455.22,455.68,454.91,454.91,135,1,0,0.01
2026-07-30 21:15:00,454.91,455.99,454.7,455.57,153,1,0,0.01
2026-07-30 21:20:00,455.53,457.09,455.39,456.59,161,2,0,0.02
2026-07-30 21:25:00,456.62,457.23,456.4,456.76,136,1,0,0.01
2026-07-30 21:30:00,456.76,456.86,456.38,456.46,150,1,0,0.01
2026-07-30 21:35:00,456.47,456.94,456.39,456.73,139,1,0,0.01
2026-07-30 21:40:00,456.73,456.87,455.22,455.64,163,1,0,0.01
2026-07-30 21:45:00,455.65,455.8,455.1,455.31,156,1,0,0.01
2026-07-30 21:50:00,455.31,456.1,453.77,453.87,179,1,0,0.01
2026-07-30 21:55:00,453.88,453.88,450.5,451.23,199,1,0,0.01
2026-07-31 15:30:00,450.29,459.45,449.86,457.31,188,1,0,0.01
2026-07-31 15:35:00,457.38,459.93,457.36,458.21,180,1,0,0.01
2026-07-31 15:40:00,458.21,460.24,458.21,459.6,179,2,0,0.02
2026-07-31 15:45:00,459.6,459.94,455.74,459.72,200,1,0,0.01
2026-07-31 15:50:00,459.91,461.38,458.85,460.83,190,1,0,0.01
2026-07-31 15:55:00,460.93,462.74,460.21,462.5,193,1,0,0.01
2026-07-31 16:00:00,462.5,462.77,458.85,459.74,188,2,0,0.02
2026-07-31 16:05:00,459.6,459.8,458.02,458.8,151,3,0,0.03
2026-07-31 16:10:00,458.8,459.4,456.0,456.54,167,1,0,0.01
2026-07-31 16:15:00,456.55,457.12,454.6,454.99,191,1,0,0.01
2026-07-31 16:20:00,455.0,455.13,453.27,454.29,131,1,0,0.01
2026-07-31 16:25:00,454.32,454.68,452.81,453.24,151,4,0,0.04
2026-07-31 16:30:00,453.28,453.33,452.11,452.79,162,3,0,0.03
2026-07-31 16:35:00,452.82,454.33,452.56,454.14,153,2,0,0.02
2026-07-31 16:40:00,454.21,455.87,454.17,455.55,192,1,0,0.01
2026-07-31 16:45:00,455.61,456.15,454.66,455.84,171,1,0,0.01
2026-07-31 16:50:00,455.84,455.84,453.24,453.64,161,1,0,0.01
2026-07-31 16:55:00,453.64,453.64,451.71,452.4,170,1,0,0.01
2026-07-31 17:00:00,452.4,452.77,451.1,452.44,155,1,0,0.01
2026-07-31 17:05:00,452.44,452.85,450.69,451.65,126,1,0,0.01
2026-07-31 17:10:00,451.54,455.3,451.54,454.81,141,1,0,0.01
2026-07-31 17:15:00,454.75,456.58,454.75,456.19,155,1,0,0.01
2026-07-31 17:20:00,456.18,457.47,456.03,457.47,186,3,0,0.03
2026-07-31 17:25:00,457.48,458.86,457.32,457.75,151,2,0,0.02
2026-07-31 17:30:00,457.75,458.09,456.84,457.01,133,4,0,0.04
2026-07-31 17:35:00,457.01,458.2,456.52,458.2,146,3,0,0.03
2026-07-31 17:40:00,458.3,460.5,458.3,459.69,192,3,0,0.03
2026-07-31 17:45:00,459.69,460.62,459.53,459.58,162,1,0,0.01
2026-07-31 17:50:00,459.59,462.47,459.57,462.12,183,1,0,0.01
2026-07-31 17:55:00,462.12,463.45,461.64,463.11,184,1,0,0.01
2026-07-31 18:00:00,463.07,464.18,462.29,462.29,171,1,0,0.01
2026-07-31 18:05:00,462.29,462.66,461.1,461.1,161,1,0,0.01
2026-07-31 18:10:00,461.02,462.54,461.02,462.37,160,1,0,0.01
2026-07-31 18:15:00,462.38,463.61,462.3,463.19,168,1,0,0.01
2026-07-31 18:20:00,463.19,464.53,463.19,464.52,126,1,0,0.01
2026-07-31 18:25:00,464.52,464.78,463.01,463.6,144,1,0,0.01
2026-07-31 18:30:00,463.6,464.27,463.06,463.25,136,2,0,0.02
2026-07-31 18:35:00,463.25,463.26,462.54,462.74,111,1,0,0.01
2026-07-31 18:40:00,462.73,463.62,462.55,463.46,152,1,0,0.01
2026-07-31 18:45:00,463.5,464.03,463.32,463.9,150,2,0,0.02
2026-07-31 18:50:00,463.9,463.9,462.09,462.22,108,2,0,0.02
2026-07-31 18:55:00,462.25,462.54,461.6,461.92,127,1,0,0.01
2026-07-31 19:00:00,461.9,461.98,461.09,461.44,120,1,0,0.01
2026-07-31 19:05:00,461.45,461.89,461.38,461.6,115,1,0,0.01
2026-07-31 19:10:00,461.62,462.52,461.45,461.91,139,1,0,0.01
2026-07-31 19:15:00,461.91,462.61,461.71,462.36,123,1,0,0.01
2026-07-31 19:20:00,462.38,463.57,462.29,463.54,136,1,0,0.01
2026-07-31 19:25:00,463.59,463.75,463.23,463.6,133,1,0,0.01
2026-07-31 19:30:00,463.6,463.68,462.82,463.11,126,1,0,0.01
2026-07-31 19:35:00,463.11,463.21,462.22,462.51,79,3,0,0.03
2026-07-31 19:40:00,462.53,462.54,461.18,461.29,125,3,0,0.03
2026-07-31 19:45:00,461.3,461.45,460.51,460.51,138,3,0,0.03
2026-07-31 19:50:00,460.5,461.55,460.5,461.41,130,1,0,0.01
2026-07-31 19:55:00,461.41,461.64,460.16,460.34,120,1,0,0.01
2026-07-31 20:00:00,460.35,460.79,460.04,460.23,142,1,0,0.01
2026-07-31 20:05:00,460.2,460.87,459.99,460.68,125,1,0,0.01
2026-07-31 20:10:00,460.72,462.36,460.69,462.27,135,1,0,0.01
2026-07-31 20:15:00,462.27,462.55,461.85,462.16,122,1,0,0.01
2026-07-31 20:20:00,462.11,462.79,462.08,462.71,108,1,0,0.01
2026-07-31 20:25:00,462.75,463.1,462.42,462.9,113,1,0,0.01
2026-07-31 20:30:00,462.9,463.47,462.73,462.96,125,1,0,0.01
2026-07-31 20:35:00,462.96,463.03,462.23,462.23,111,1,0,0.01
2026-07-31 20:40:00,462.3,462.48,461.73,462.05,118,1,0,0.01
2026-07-31 20:45:00,462.05,462.18,461.51,461.99,112,2,0,0.02
2026-07-31 20:50:00,462.01,462.08,461.15,461.54,109,1,0,0.01
2026-07-31 20:55:00,461.55,461.9,461.14,461.18,130,1,0,0.01
2026-07-31 21:00:00,461.15,462.24,461.12,462.22,139,1,0,0.01
2026-07-31 21:05:00,462.23,462.52,461.93,462.42,125,1,0,0.01
2026-07-31 21:10:00,462.41,462.69,461.88,462.05,126,1,0,0.01
2026-07-31 21:15:00,462.06,463.73,462.06,463.2,156,1,0,0.01
2026-07-31 21:20:00,463.18,463.52,463.0,463.02,112,1,0,0.01
2026-07-31 21:25:00,463.05,463.29,462.24,462.29,149,1,0,0.01
2026-07-31 21:30:00,462.15,462.7,461.67,462.22,157,1,0,0.01
2026-07-31 21:35:00,462.23,463.03,462.14,463.02,136,1,0,0.01
2026-07-31 21:40:00,463.02,463.06,462.53,462.7,154,1,0,0.01
2026-07-31 21:45:00,462.7,462.79,462.31,462.37,152,1,0,0.01
2026-07-31 21:50:00,462.38,465.78,462.38,465.6,187,1,0,0.01
2026-07-31 21:55:00,465.7,466.81,464.77,464.77,189,1,0,0.01
2026-08-03 15:30:00,475.86,486.04,475.86,484.28,202,1,0,0.01
2026-08-03 15:35:00,484.28,487.87,484.05,487.41,183,1,0,0.01
2026-08-03 15:40:00,487.58,489.79,487.25,489.73,194,2,0,0.02
2026-08-03 15:45:00,489.58,490.6,487.5,488.56,205,1,0,0.01
2026-08-03 15:50:00,488.55,490.44,487.05,489.97,193,1,0,0.01
2026-08-03 15:55:00,489.94,490.72,488.9,489.61,196,1,0,0.01
2026-08-03 16:00:00,489.74,490.99,488.33,489.69,186,1,0,0.01
2026-08-03 16:05:00,489.96,491.19,488.68,488.82,148,1,0,0.01
2026-08-03 16:10:00,488.95,489.03,486.24,486.53,177,1,0,0.01
2026-08-03 16:15:00,486.53,487.42,486.13,486.29,188,1,0,0.01
2026-08-03 16:20:00,486.29,486.91,486.01,486.01,128,5,0,0.05
2026-08-03 16:25:00,486.01,487.05,484.77,484.82,183,1,0,0.01
2026-08-03 16:30:00,484.77,485.14,484.07,484.09,182,1,0,0.01
2026-08-03 16:35:00,484.1,486.51,484.03,486.39,159,1,0,0.01
2026-08-03 16:40:00,486.33,487.49,485.92,486.4,162,1,0,0.01
2026-08-03 16:45:00,486.4,486.77,483.81,483.91,168,1,0,0.01
2026-08-03 16:50:00,484.0,484.11,482.86,483.41,166,1,0,0.01
2026-08-03 16:55:00,483.38,484.0,482.99,483.93,170,1,0,0.01
2026-08-03 17:00:00,483.93,484.83,482.29,482.72,177,2,0,0.02
2026-08-03 17:05:00,482.75,484.38,482.4,483.06,135,2,0,0.02
2026-08-03 17:10:00,483.06,483.1,481.73,481.89,92,3,0,0.03
2026-08-03 17:15:00,481.89,482.32,481.6,482.08,84,1,0,0.01
2026-08-03 17:20:00,482.08,485.04,482.08,484.91,123,1,0,0.01
2026-08-03 17:25:00,484.99,485.56,484.13,485.56,152,1,0,0.01
2026-08-03 17:30:00,485.57,488.14,485.35,487.7,165,1,0,0.01
2026-08-03 17:35:00,487.71,487.81,486.73,487.46,140,1,0,0.01
2026-08-03 17:40:00,487.5,488.16,487.15,487.15,133,1,0,0.01
2026-08-03 17:45:00,487.19,487.83,485.99,486.21,156,1,0,0.01
2026-08-03 17:50:00,486.21,486.27,485.67,486.15,137,1,0,0.01
2026-08-03 17:55:00,486.16,486.66,485.82,486.4,142,1,0,0.01
2026-08-03 18:00:00,486.41,487.05,485.93,486.41,136,1,0,0.01
2026-08-03 18:05:00,486.38,487.33,486.27,487.24,109,1,0,0.01
2026-08-03 18:10:00,487.24,487.55,486.51,487.45,138,1,0,0.01
2026-08-03 18:15:00,487.46,487.73,486.29,486.61,133,1,0,0.01
2026-08-03 18:20:00,486.61,487.58,486.46,487.43,95,1,0,0.01
2026-08-03 18:25:00,487.43,487.57,487.09,487.51,142,1,0,0.01
2026-08-03 18:30:00,487.44,489.47,487.34,488.95,162,1,0,0.01
2026-08-03 18:35:00,488.76,488.76,487.31,487.82,128,1,0,0.01
2026-08-03 18:40:00,487.82,489.36,487.36,489.19,116,1,0,0.01
2026-08-03 18:45:00,489.2,489.44,488.05,488.43,121,1,0,0.01
2026-08-03 18:50:00,488.42,488.75,488.28,488.53,121,1,0,0.01
2026-08-03 18:55:00,488.54,488.98,488.51,488.75,123,1,0,0.01
2026-08-03 19:00:00,488.75,489.02,488.6,488.67,125,1,0,0.01
2026-08-03 19:05:00,488.67,488.67,487.68,488.0,98,1,0,0.01
2026-08-03 19:10:00,488.02,488.34,487.91,488.06,127,1,0,0.01
2026-08-03 19:15:00,488.06,489.41,487.91,489.11,136,1,0,0.01
2026-08-03 19:20:00,489.07,489.77,488.81,489.67,122,1,0,0.01
2026-08-03 19:25:00,489.67,489.92,489.08,489.09,132,1,0,0.01
2026-08-03 19:30:00,489.04,489.42,488.79,488.97,119,1,0,0.01
2026-08-03 19:35:00,488.92,489.18,488.74,489.18,98,1,0,0.01
2026-08-03 19:40:00,489.19,489.24,488.11,488.5,142,2,0,0.02
2026-08-03 19:45:00,488.53,488.99,488.44,488.95,123,1,0,0.01
2026-08-03 19:50:00,488.92,489.04,488.6,488.6,113,1,0,0.01
2026-08-03 19:55:00,488.52,488.6,488.1,488.1,131,1,0,0.01
2026-08-03 20:00:00,488.1,489.26,487.62,489.2,147,1,0,0.01
2026-08-03 20:05:00,489.2,489.45,488.96,489.03,125,1,0,0.01
2026-08-03 20:10:00,489.05,489.67,488.31,489.11,143,1,0,0.01
2026-08-03 20:15:00,489.19,489.62,488.9,489.57,137,1,0,0.01
2026-08-03 20:20:00,489.57,489.76,489.47,489.6,111,1,0,0.01
2026-08-03 20:25:00,489.67,490.73,489.6,490.66,132,1,0,0.01
2026-08-03 20:30:00,490.66,491.12,489.96,490.17,140,1,0,0.01
2026-08-03 20:35:00,490.1,491.17,489.77,490.63,113,1,0,0.01
2026-08-03 20:40:00,490.58,491.06,490.5,491.03,114,1,0,0.01
2026-08-03 20:45:00,491.03,491.57,491.0,491.3,141,1,0,0.01
2026-08-03 20:50:00,491.26,491.28,490.34,490.39,131,1,0,0.01
2026-08-03 20:55:00,490.32,490.39,489.21,489.21,126,1,0,0.01
2026-08-03 21:00:00,489.21,489.6,489.02,489.35,107,1,0,0.01
2026-08-03 21:05:00,489.35,489.46,488.41,488.43,96,1,0,0.01
2026-08-03 21:10:00,488.79,488.8,488.23,488.64,140,1,0,0.01
2026-08-03 21:15:00,488.65,489.34,488.47,489.31,113,1,0,0.01
2026-08-03 21:20:00,489.31,490.27,488.72,490.09,104,1,0,0.01
2026-08-03 21:25:00,489.89,490.41,489.54,490.02,130,1,0,0.01
2026-08-03 21:30:00,490.1,490.22,489.22,489.27,130,1,0,0.01
2026-08-03 21:35:00,489.27,489.39,488.82,489.15,91,1,0,0.01
2026-08-03 21:40:00,489.17,489.61,488.89,488.94,102,1,0,0.01
2026-08-03 21:45:00,488.9,489.22,488.07,488.14,139,1,0,0.01
2026-08-03 21:50:00,488.15,489.41,487.41,488.53,169,1,0,0.01
2026-08-03 21:55:00,488.52,488.52,487.0,487.45,194,1,0,0.01
2026-08-04 15:30:00,480.0,488.27,480.0,486.91,187,1,0,0.01
2026-08-04 15:35:00,486.91,488.29,485.03,486.87,176,3,0,0.03
2026-08-04 15:40:00,487.0,487.51,484.42,485.68,161,1,0,0.01
2026-08-04 15:45:00,485.74,489.71,485.74,488.59,191,1,0,0.01
2026-08-04 15:50:00,488.6,489.86,488.21,488.68,153,1,0,0.01
2026-08-04 15:55:00,488.67,491.07,488.52,490.83,158,1,0,0.01
2026-08-04 16:00:00,490.86,491.98,490.53,491.81,171,1,0,0.01
2026-08-04 16:05:00,491.81,493.71,491.62,493.46,128,1,0,0.01
2026-08-04 16:10:00,494.2,494.47,492.97,493.16,136,1,0,0.01
2026-08-04 16:15:00,493.21,495.79,493.05,495.35,150,1,0,0.01
2026-08-04 16:20:00,495.37,495.37,493.57,493.84,129,1,0,0.01
2026-08-04 16:25:00,493.84,495.09,493.6,493.62,142,1,0,0.01
2026-08-04 16:30:00,493.62,496.25,493.57,495.98,175,1,0,0.01
2026-08-04 16:35:00,496.08,496.94,496.02,496.28,150,1,0,0.01
2026-08-04 16:40:00,496.15,497.9,496.15,496.8,133,1,0,0.01
2026-08-04 16:45:00,496.8,496.96,495.26,495.26,139,1,0,0.01
2026-08-04 16:50:00,495.25,496.22,495.12,496.1,127,1,0,0.01
2026-08-04 16:55:00,496.26,496.56,495.73,495.96,126,1,0,0.01
2026-08-04 17:00:00,495.97,497.81,495.96,497.81,152,1,0,0.01
2026-08-04 17:05:00,497.83,498.31,496.32,496.57,131,1,0,0.01
2026-08-04 17:10:00,496.5,497.26,495.83,495.83,89,1,0,0.01
2026-08-04 17:15:00,495.9,499.16,495.9,497.78,112,1,0,0.01
2026-08-04 17:20:00,497.69,499.29,497.4,499.13,127,1,0,0.01
2026-08-04 17:25:00,499.13,499.13,498.32,498.53,127,1,0,0.01
2026-08-04 17:30:00,498.59,498.69,497.4,497.62,117,1,0,0.01
2026-08-04 17:35:00,497.66,497.84,497.06,497.77,112,1,0,0.01
2026-08-04 17:40:00,497.85,497.86,496.77,496.78,110,1,0,0.01
2026-08-04 17:45:00,496.72,497.9,496.72,497.23,131,1,0,0.01
2026-08-04 17:50:00,497.24,497.8,496.4,497.36,134,2,0,0.02
2026-08-04 17:55:00,497.29,497.76,497.14,497.51,120,1,0,0.01
2026-08-04 18:00:00,497.51,497.53,496.9,497.2,107,1,0,0.01
2026-08-04 18:05:00,497.31,497.65,496.96,497.2,84,1,0,0.01
2026-08-04 18:10:00,497.28,497.34,496.99,497.05,111,1,0,0.01
2026-08-04 18:15:00,497.05,497.43,496.69,497.39,114,1,0,0.01
2026-08-04 18:20:00,497.4,497.71,496.45,496.94,112,1,0,0.01
2026-08-04 18:25:00,497.01,497.01,495.9,495.9,104,1,0,0.01
2026-08-04 18:30:00,495.89,496.33,495.5,495.65,133,1,0,0.01
2026-08-04 18:35:00,495.65,496.23,495.62,495.65,114,1,0,0.01
2026-08-04 18:40:00,495.65,495.67,494.52,495.09,133,1,0,0.01
2026-08-04 18:45:00,495.03,495.31,494.5,494.5,116,2,0,0.02
2026-08-04 18:50:00,494.48,494.97,494.32,494.48,113,1,0,0.01
2026-08-04 18:55:00,494.47,494.83,494.2,494.35,99,1,0,0.01
2026-08-04 19:00:00,494.39,495.13,494.32,495.11,118,1,0,0.01
2026-08-04 19:05:00,495.11,495.51,494.83,495.4,127,1,0,0.01
2026-08-04 19:10:00,495.4,495.52,495.0,495.52,116,1,0,0.01
2026-08-04 19:15:00,495.52,495.85,495.15,495.43,105,1,0,0.01
2026-08-04 19:20:00,495.43,495.66,495.38,495.6,101,1,0,0.01
2026-08-04 19:25:00,495.62,495.62,495.0,495.21,93,1,0,0.01
2026-08-04 19:30:00,495.25,495.34,494.4,494.43,97,1,0,0.01
2026-08-04 19:35:00,494.43,494.94,494.43,494.78,91,1,0,0.01
2026-08-04 19:40:00,494.79,495.68,494.79,495.53,123,1,0,0.01
2026-08-04 19:45:00,495.64,496.16,495.46,495.98,104,1,0,0.01
2026-08-04 19:50:00,495.98,496.15,495.72,495.85,114,1,0,0.01
2026-08-04 19:55:00,495.85,496.05,495.5,495.53,111,1,0,0.01
2026-08-04 20:00:00,495.55,496.56,495.4,496.15,112,1,0,0.01
2026-08-04 20:05:00,496.15,496.81,496.15,496.62,121,1,0,0.01
2026-08-04 20:10:00,496.54,497.04,496.36,496.87,113,1,0,0.01
2026-08-04 20:15:00,496.84,497.22,496.62,497.2,112,1,0,0.01
2026-08-04 20:20:00,497.21,497.43,497.0,497.36,102,1,0,0.01
2026-08-04 20:25:00,497.37,497.49,497.1,497.33,91,1,0,0.01
2026-08-04 20:30:00,497.33,497.33,496.46,496.91,132,1,0,0.01
2026-08-04 20:35:00,496.91,497.03,496.5,496.57,93,1,0,0.01
2026-08-04 20:40:00,496.57,496.58,495.91,496.25,131,1,0,0.01
2026-08-04 20:45:00,496.25,496.58,496.14,496.42,96,1,0,0.01
2026-08-04 20:50:00,496.42,496.73,496.21,496.46,106,1,0,0.01
2026-08-04 20:55:00,496.48,496.55,496.04,496.25,77,1,0,0.01
2026-08-04 21:00:00,496.26,496.6,496.13,496.21,112,1,0,0.01
2026-08-04 21:05:00,496.21,496.82,496.05,496.82,100,1,0,0.01
2026-08-04 21:10:00,496.82,497.76,496.77,497.52,130,1,0,0.01
2026-08-04 21:15:00,497.52,497.56,497.13,497.34,134,1,0,0.01
2026-08-04 21:20:00,497.36,497.57,496.65,496.91,101,1,0,0.01
2026-08-04 21:25:00,496.91,497.0,496.75,496.82,114,1,0,0.01
2026-08-04 21:30:00,496.81,497.08,496.62,496.84,115,1,0,0.01
2026-08-04 21:35:00,496.82,496.82,495.83,496.44,108,1,0,0.01
2026-08-04 21:40:00,496.45,496.84,496.4,496.84,105,1,0,0.01
2026-08-04 21:45:00,496.89,497.15,496.02,496.49,138,1,0,0.01
2026-08-04 21:50:00,496.49,496.49,494.5,494.5,144,1,0,0.01
2026-08-04 21:55:00,494.45,494.45,492.37,492.54,200,1,0,0.01
2026-08-05 15:30:00,496.2,497.57,493.18,493.51,171,4,0,0.04
2026-08-05 15:35:00,493.58,493.61,491.6,492.2,137,6,0,0.06
2026-08-05 15:40:00,492.11,494.5,492.05,492.4,110,1,0,0.01
2026-08-05 15:45:00,492.41,492.41,488.29,488.45,174,1,0,0.01
2026-08-05 15:50:00,488.48,489.57,487.24,489.31,164,2,0,0.02
2026-08-05 15:55:00,489.61,489.61,488.33,488.5,163,3,0,0.03
2026-08-05 16:00:00,488.15,489.02,487.9,487.9,157,1,0,0.01
2026-08-05 16:05:00,487.9,488.8,487.3,487.69,121,3,0,0.03
2026-08-05 16:10:00,488.72,489.51,488.2,489.1,130,1,0,0.01
2026-08-05 16:15:00,489.12,489.42,488.0,488.0,144,1,0,0.01
2026-08-05 16:20:00,487.89,489.22,487.82,488.92,100,1,0,0.01
2026-08-05 16:25:00,489.1,490.11,489.1,489.47,127,1,0,0.01
2026-08-05 16:30:00,489.64,491.08,489.4,490.61,154,1,0,0.01
2026-08-05 16:35:00,490.61,490.74,489.64,490.74,123,3,0,0.03
2026-08-05 16:40:00,490.74,490.94,490.35,490.79,137,3,0,0.03
2026-08-05 16:45:00,490.79,491.2,490.14,490.81,142,1,0,0.01
2026-08-05 16:50:00,490.81,491.33,490.48,490.96,153,1,0,0.01
2026-08-05 16:55:00,490.88,491.05,490.54,491.0,128,1,0,0.01
2026-08-05 17:00:00,491.13,492.18,490.01,490.82,137,1,0,0.01
2026-08-05 17:05:00,490.82,490.87,489.34,490.01,101,3,0,0.03
2026-08-05 17:10:00,490.0,490.7,489.38,490.68,84,1,0,0.01
2026-08-05 17:15:00,490.68,491.17,489.89,489.95,133,1,0,0.01
2026-08-05 17:20:00,489.95,492.27,489.89,492.16,110,1,0,0.01
2026-08-05 17:25:00,492.06,492.44,491.33,492.23,137,3,0,0.03
2026-08-05 17:30:00,492.24,492.35,490.25,490.25,123,1,0,0.01
2026-08-05 17:35:00,490.22,490.34,489.15,489.22,118,1,0,0.01
2026-08-05 17:40:00,489.31,489.67,489.07,489.18,101,1,0,0.01
2026-08-05 17:45:00,489.18,489.41,488.08,488.14,125,1,0,0.01
2026-08-05 17:50:00,488.11,488.38,487.8,488.29,136,1,0,0.01
2026-08-05 17:55:00,488.31,488.93,488.29,488.67,131,1,0,0.01
2026-08-05 18:00:00,488.57,489.31,488.54,489.11,152,1,0,0.01
2026-08-05 18:05:00,489.14,489.14,488.52,488.96,110,1,0,0.01
2026-08-05 18:10:00,488.75,488.78,487.68,488.17,143,1,0,0.01
2026-08-05 18:15:00,488.22,488.48,487.81,488.21,114,2,0,0.02
2026-08-05 18:20:00,488.21,489.46,488.2,489.11,96,1,0,0.01
2026-08-05 18:25:00,489.12,489.63,488.75,488.97,99,1,0,0.01
2026-08-05 18:30:00,488.92,489.43,488.77,489.14,115,1,0,0.01
2026-08-05 18:35:00,489.14,489.14,488.5,488.76,88,1,0,0.01
2026-08-05 18:40:00,488.76,488.99,488.35,488.9,81,1,0,0.01
2026-08-05 18:45:00,488.88,488.91,488.35,488.55,91,1,0,0.01
2026-08-05 18:50:00,488.53,488.92,488.33,488.55,118,1,0,0.01
2026-08-05 18:55:00,488.5,488.5,487.84,488.21,95,2,0,0.02
2026-08-05 19:00:00,488.26,488.29,487.4,487.86,110,1,0,0.01
2026-08-05 19:05:00,487.81,488.17,487.81,488.11,87,2,0,0.02
2026-08-05 19:10:00,488.11,488.91,487.9,488.82,107,3,0,0.03
2026-08-05 19:15:00,488.83,488.96,488.13,488.28,99,1,0,0.01
2026-08-05 19:20:00,488.28,488.5,487.61,487.98,105,1,0,0.01
2026-08-05 19:25:00,487.98,488.27,487.68,488.27,98,1,0,0.01
2026-08-05 19:30:00,488.27,488.43,487.87,488.29,126,1,0,0.01
2026-08-05 19:35:00,488.29,488.55,488.13,488.35,96,2,0,0.02
2026-08-05 19:40:00,488.36,488.7,487.9,488.55,86,1,0,0.01
2026-08-05 19:45:00,488.56,488.77,488.26,488.77,97,1,0,0.01
2026-08-05 19:50:00,488.78,489.11,488.57,489.02,116,1,0,0.01
2026-08-05 19:55:00,488.99,489.05,488.62,488.75,94,2,0,0.02
2026-08-05 20:00:00,488.68,489.14,488.65,489.07,99,2,0,0.02
2026-08-05 20:05:00,489.07,489.29,485.7,489.04,155,1,0,0.01
2026-08-05 20:10:00,489.07,489.87,489.07,489.83,136,1,0,0.01
2026-08-05 20:15:00,490.06,490.23,489.52,490.02,131,2,0,0.02
2026-08-05 20:20:00,490.02,490.11,489.62,489.7,70,2,0,0.02
2026-08-05 20:25:00,489.71,489.82,489.3,489.74,96,1,0,0.01
2026-08-05 20:30:00,489.74,489.75,489.2,489.5,115,1,0,0.01
2026-08-05 20:35:00,489.55,489.58,489.16,489.26,97,2,0,0.02
2026-08-05 20:40:00,489.23,489.84,489.2,489.78,111,2,0,0.02
2026-08-05 20:45:00,489.79,490.06,489.75,489.78,104,1,0,0.01
2026-08-05 20:50:00,489.78,490.3,489.75,490.22,89,1,0,0.01
2026-08-05 20:55:00,490.22,490.3,489.84,489.85,108,1,0,0.01
2026-08-05 21:00:00,489.87,490.01,489.5,489.87,105,1,0,0.01
2026-08-05 21:05:00,489.87,490.52,489.85,490.34,99,1,0,0.01
2026-08-05 21:10:00,490.34,490.96,490.32,490.8,116,1,0,0.01
2026-08-05 21:15:00,490.8,490.99,490.53,490.73,110,1,0,0.01
2026-08-05 21:20:00,490.84,490.85,490.32,490.58,104,1,0,0.01
2026-08-05 21:25:00,490.61,490.66,489.65,489.82,109,1,0,0.01
2026-08-05 21:30:00,489.82,490.26,489.53,490.26,135,1,0,0.01
2026-08-05 21:35:00,490.22,490.73,489.83,489.87,98,1,0,0.01
2026-08-05 21:40:00,489.9,490.63,489.9,490.48,120,1,0,0.01
2026-08-05 21:45:00,490.46,491.44,490.46,490.8,157,1,0,0.01
2026-08-05 21:50:00,490.79,490.86,489.89,490.07,147,1,0,0.01
2026-08-05 21:55:00,490.07,490.07,487.21,487.28,184,1,0,0.01
2026-08-06 15:30:00,488.5,491.53,488.5,489.22,173,1,0,0.01
2026-08-06 15:35:00,489.5,494.82,489.5,493.71,173,1,0,0.01
2026-08-06 15:40:00,493.25,494.77,492.3,493.15,142,1,0,0.01
2026-08-06 15:45:00,493.15,494.22,491.64,494.22,162,1,0,0.01
2026-08-06 15:50:00,494.22,497.03,492.77,496.78,177,1,0,0.01
2026-08-06 15:55:00,496.78,496.83,494.62,494.81,136,2,0,0.02
2026-08-06 16:00:00,494.81,495.94,493.79,494.53,126,1,0,0.01
2026-08-06 16:05:00,494.53,495.56,494.09,495.09,115,4,0,0.04
2026-08-06 16:10:00,495.16,495.29,493.63,494.76,157,1,0,0.01
2026-08-06 16:15:00,494.76,497.38,494.45,497.38,177,1,0,0.01
2026-08-06 16:20:00,497.43,498.14,496.09,496.66,113,1,0,0.01
2026-08-06 16:25:00,496.7,497.24,496.1,496.46,159,1,0,0.01
2026-08-06 16:30:00,496.51,496.76,495.04,495.52,164,1,0,0.01
2026-08-06 16:35:00,495.41,496.38,494.75,495.97,135,1,0,0.01
2026-08-06 16:40:00,495.97,497.89,495.63,497.74,153,1,0,0.01
2026-08-06 16:45:00,497.74,498.04,497.15,497.65,140,1,0,0.01
2026-08-06 16:50:00,497.65,497.77,496.65,497.07,135,1,0,0.01
2026-08-06 16:55:00,497.07,498.38,497.04,498.38,149,1,0,0.01
2026-08-06 17:00:00,498.29,498.45,497.28,497.84,136,1,0,0.01
2026-08-06 17:05:00,497.87,498.86,496.88,498.0,122,1,0,0.01
2026-08-06 17:10:00,497.51,497.59,496.04,496.04,93,1,0,0.01
2026-08-06 17:15:00,496.0,496.5,495.25,495.39,58,4,0,0.04
2026-08-06 17:20:00,495.39,495.43,494.6,495.11,62,1,0,0.01
2026-08-06 17:25:00,495.53,496.13,495.44,496.13,68,1,0,0.01
2026-08-06 17:30:00,496.22,496.6,495.93,496.39,63,1,0,0.01
2026-08-06 17:35:00,496.2,496.5,496.14,496.5,41,3,0,0.03
2026-08-06 17:40:00,496.43,496.43,495.85,496.09,52,1,0,0.01
2026-08-06 17:45:00,495.92,496.14,495.74,495.87,50,1,0,0.01
2026-08-06 17:50:00,495.93,495.93,494.62,494.84,46,3,0,0.03
2026-08-06 17:55:00,494.86,495.49,494.75,495.3,61,2,0,0.02
2026-08-06 18:00:00,495.29,495.39,495.01,495.03,40,1,0,0.01
2026-08-06 18:05:00,495.03,495.63,494.76,495.24,48,2,0,0.02
2026-08-06 18:10:00,495.24,495.56,494.41,494.83,42,4,0,0.04
2026-08-06 18:15:00,494.88,495.31,494.54,494.86,124,1,0,0.01
2026-08-06 18:20:00,494.86,495.25,494.74,494.88,81,1,0,0.01
2026-08-06 18:25:00,494.88,495.07,494.7,494.71,104,1,0,0.01
2026-08-06 18:30:00,494.71,494.9,494.01,494.34,111,1,0,0.01
2026-08-06 18:35:00,494.4,494.41,494.02,494.37,94,2,0,0.02
2026-08-06 18:40:00,494.37,494.39,493.51,493.72,87,1,0,0.01
2026-08-06 18:45:00,493.73,494.51,493.64,494.22,100,1,0,0.01
2026-08-06 18:50:00,494.22,494.79,494.18,494.79,103,1,0,0.01
2026-08-06 18:55:00,494.79,495.24,494.61,495.2,92,1,0,0.01
2026-08-06 19:00:00,495.22,495.59,494.89,495.58,108,1,0,0.01
2026-08-06 19:05:00,495.61,495.97,495.41,495.88,106,3,0,0.03
2026-08-06 19:10:00,495.88,496.47,495.65,496.31,118,1,0,0.01
2026-08-06 19:15:00,496.28,496.65,496.0,496.52,85,1,0,0.01
2026-08-06 19:20:00,496.58,497.03,496.03,497.03,119,1,0,0.01
2026-08-06 19:25:00,497.06,497.06,496.4,496.4,107,1,0,0.01
2026-08-06 19:30:00,496.42,496.69,495.6,495.77,129,1,0,0.01
2026-08-06 19:35:00,495.86,496.23,495.63,495.75,98,3,0,0.03
2026-08-06 19:40:00,495.75,496.13,495.6,496.12,86,2,0,0.02
2026-08-06 19:45:00,496.08,496.38,495.92,496.12,90,1,0,0.01
2026-08-06 19:50:00,496.08,496.15,495.84,496.13,92,1,0,0.01
2026-08-06 19:55:00,496.13,496.38,495.8,495.83,104,1,0,0.01
2026-08-06 20:00:00,495.84,497.0,495.83,496.73,93,1,0,0.01
2026-08-06 20:05:00,496.73,497.12,496.43,497.05,101,2,0,0.02
2026-08-06 20:10:00,497.07,497.39,496.82,497.32,88,1,0,0.01
2026-08-06 20:15:00,497.32,497.46,496.67,496.67,107,2,0,0.02
2026-08-06 20:20:00,496.67,497.02,496.56,496.6,91,1,0,0.01
2026-08-06 20:25:00,496.6,497.65,496.6,497.28,115,1,0,0.01
2026-08-06 20:30:00,497.28,497.61,497.14,497.47,112,1,0,0.01
2026-08-06 20:35:00,497.48,497.57,496.5,496.68,93,1,0,0.01
2026-08-06 20:40:00,496.68,496.82,496.49,496.65,88,1,0,0.01
2026-08-06 20:45:00,496.69,497.15,496.65,496.98,113,1,0,0.01
2026-08-06 20:50:00,496.98,497.22,496.81,496.95,108,1,0,0.01
2026-08-06 20:55:00,496.91,497.07,496.81,496.98,107,1,0,0.01
2026-08-06 21:00:00,496.98,497.29,496.98,497.19,106,1,0,0.01
2026-08-06 21:05:00,497.21,497.36,496.89,497.25,77,1,0,0.01
2026-08-06 21:10:00,497.25,497.86,497.22,497.76,112,1,0,0.01
2026-08-06 21:15:00,497.74,497.94,497.2,497.55,117,1,0,0.01
2026-08-06 21:20:00,497.57,498.37,497.51,498.28,96,1,0,0.01
2026-08-06 21:25:00,498.27,498.98,498.26,498.85,127,1,0,0.01
2026-08-06 21:30:00,498.85,499.87,498.82,499.18,136,1,0,0.01
2026-08-06 21:35:00,499.13,499.62,498.78,499.43,123,1,0,0.01
2026-08-06 21:40:00,499.46,499.5,498.76,498.8,89,1,0,0.01
2026-08-06 21:45:00,498.91,498.96,497.69,498.2,133,1,0,0.01
2026-08-06 21:50:00,498.2,499.88,497.3,499.88,171,1,0,0.01
2026-08-06 21:55:00,500.84,501.48,499.66,499.72,166,1,0,0.01
2026-08-07 15:30:00,499.03,504.74,499.03,503.43,190,1,0,0.01
2026-08-07 15:35:00,503.39,504.3,502.64,502.93,162,1,0,0.01
2026-08-07 15:40:00,502.92,503.75,501.51,503.55,153,1,0,0.01
2026-08-07 15:45:00,503.39,504.95,503.32,504.88,161,1,0,0.01
2026-08-07 15:50:00,504.81,505.11,503.57,504.38,161,1,0,0.01
2026-08-07 15:55:00,504.37,504.61,501.45,501.78,167,3,0,0.03
2026-08-07 16:00:00,501.66,503.04,501.4,501.97,148,1,0,0.01
2026-08-07 16:05:00,501.97,502.25,501.11,501.35,90,1,0,0.01
2026-08-07 16:10:00,501.35,502.78,501.14,501.82,175,1,0,0.01
2026-08-07 16:15:00,501.89,502.58,501.5,502.27,142,2,0,0.02
2026-08-07 16:20:00,502.3,503.62,502.3,503.21,119,1,0,0.01
2026-08-07 16:25:00,503.21,504.1,502.12,504.1,143,1,0,0.01
2026-08-07 16:30:00,503.99,504.3,503.5,504.16,136,1,0,0.01
2026-08-07 16:35:00,504.19,504.25,502.54,502.57,111,2,0,0.02
2026-08-07 16:40:00,502.57,503.02,502.21,502.76,106,3,0,0.03
2026-08-07 16:45:00,502.76,504.34,502.76,503.32,146,3,0,0.03
2026-08-07 16:50:00,503.33,504.73,503.33,504.15,138,1,0,0.01
2026-08-07 16:55:00,504.15,504.28,503.47,503.69,124,1,0,0.01
2026-08-07 17:00:00,503.69,503.74,501.51,502.19,126,1,0,0.01
2026-08-07 17:05:00,502.18,502.73,502.11,502.51,109,2,0,0.02
2026-08-07 17:10:00,502.51,502.66,502.07,502.38,54,3,0,0.03
2026-08-07 17:15:00,502.56,503.25,502.51,502.63,57,1,0,0.01
2026-08-07 17:20:00,502.87,502.93,502.45,502.5,50,1,0,0.01
2026-08-07 17:25:00,502.5,502.53,502.04,502.17,58,1,0,0.01
2026-08-07 17:30:00,502.13,502.49,501.91,501.98,54,2,0,0.02
2026-08-07 17:35:00,501.98,503.3,501.94,503.27,57,2,0,0.02
2026-08-07 17:40:00,503.27,503.93,503.21,503.58,104,1,0,0.01
2026-08-07 17:45:00,503.58,503.66,502.94,503.09,109,1,0,0.01
2026-08-07 17:50:00,503.07,503.81,503.07,503.49,101,1,0,0.01
2026-08-07 17:55:00,503.49,503.66,503.31,503.55,102,1,0,0.01
2026-08-07 18:00:00,503.57,503.6,503.02,503.11,105,1,0,0.01
2026-08-07 18:05:00,503.09,503.31,502.94,503.19,75,1,0,0.01
2026-08-07 18:10:00,503.42,503.77,503.01,503.41,107,1,0,0.01
2026-08-07 18:15:00,503.42,503.73,503.29,503.39,99,1,0,0.01
2026-08-07 18:20:00,503.39,503.47,502.99,503.3,92,1,0,0.01
2026-08-07 18:25:00,503.3,503.32,502.55,502.97,105,1,0,0.01
2026-08-07 18:30:00,502.84,503.22,502.69,503.22,110,1,0,0.01
2026-08-07 18:35:00,503.21,503.21,502.78,502.92,89,1,0,0.01
2026-08-07 18:40:00,502.92,502.93,502.11,502.34,110,1,0,0.01
2026-08-07 18:45:00,502.33,502.81,502.25,502.71,107,1,0,0.01
2026-08-07 18:50:00,502.71,502.91,502.46,502.66,96,1,0,0.01
2026-08-07 18:55:00,502.67,502.73,500.77,500.77,104,1,0,0.01
2026-08-07 19:00:00,500.75,501.0,500.07,500.39,122,1,0,0.01
2026-08-07 19:05:00,500.35,500.75,500.11,500.73,102,2,0,0.02
2026-08-07 19:10:00,500.74,500.78,500.21,500.55,103,1,0,0.01
2026-08-07 19:15:00,500.56,500.73,499.53,499.53,110,1,0,0.01
2026-08-07 19:20:00,499.5,499.51,498.82,499.3,136,1,0,0.01
2026-08-07 19:25:00,499.3,499.89,499.29,499.7,117,1,0,0.01
2026-08-07 19:30:00,499.69,499.9,498.72,498.88,117,1,0,0.01
2026-08-07 19:35:00,498.91,499.54,498.81,499.5,94,1,0,0.01
2026-08-07 19:40:00,499.51,499.99,499.28,499.52,120,1,0,0.01
2026-08-07 19:45:00,499.52,499.64,499.48,499.49,82,1,0,0.01
2026-08-07 19:50:00,499.49,500.67,499.48,500.53,94,1,0,0.01
2026-08-07 19:55:00,500.53,500.69,500.23,500.26,94,1,0,0.01
2026-08-07 20:00:00,500.31,500.41,500.14,500.21,87,1,0,0.01
2026-08-07 20:05:00,500.22,500.73,500.06,500.42,92,1,0,0.01
2026-08-07 20:10:00,500.42,500.42,500.04,500.05,74,1,0,0.01
2026-08-07 20:15:00,500.04,500.16,499.52,499.81,99,1,0,0.01
2026-08-07 20:20:00,499.71,499.93,499.3,499.4,85,1,0,0.01
2026-08-07 20:25:00,499.41,499.78,499.06,499.67,90,1,0,0.01
2026-08-07 20:30:00,499.67,499.76,499.31,499.57,94,1,0,0.01
2026-08-07 20:35:00,499.57,499.62,499.12,499.32,79,1,0,0.01
2026-08-07 20:40:00,499.34,499.44,498.85,498.9,71,1,0,0.01
2026-08-07 20:45:00,498.9,499.45,498.9,499.32,87,1,0,0.01
2026-08-07 20:50:00,499.27,499.59,499.19,499.2,77,1,0,0.01
2026-08-07 20:55:00,499.21,500.03,499.21,499.89,97,1,0,0.01
2026-08-07 21:00:00,499.83,500.51,499.79,500.47,89,1,0,0.01
2026-08-07 21:05:00,500.48,500.6,499.95,500.32,81,1,0,0.01
2026-08-07 21:10:00,500.32,501.05,500.25,501.05,106,1,0,0.01
2026-08-07 21:15:00,501.11,501.33,500.71,501.02,100,1,0,0.01
2026-08-07 21:20:00,501.04,501.78,501.04,501.67,120,1,0,0.01
2026-08-07 21:25:00,501.67,501.86,501.05,501.16,138,1,0,0.01
2026-08-07 21:30:00,501.17,501.72,501.14,501.44,138,1,0,0.01
2026-08-07 21:35:00,501.44,501.53,501.26,501.53,82,1,0,0.01
2026-08-07 21:40:00,501.53,501.59,501.26,501.36,102,1,0,0.01
2026-08-07 21:45:00,501.37,501.5,501.11,501.46,123,1,0,0.01
2026-08-07 21:50:00,501.46,501.74,500.03,500.95,158,1,0,0.01
2026-08-07 21:55:00,500.82,501.71,499.94,500.04,179,1,0,0.01
2026-08-10 15:30:00,503.25,508.53,503.25,503.62,195,1,0,0.01
2026-08-10 15:35:00,503.63,505.19,502.64,504.75,172,1,0,0.01
2026-08-10 15:40:00,504.86,505.77,503.51,505.14,142,2,0,0.02
2026-08-10 15:45:00,505.14,506.79,504.94,506.58,165,1,0,0.01
2026-08-10 15:50:00,506.72,506.72,505.6,506.38,146,1,0,0.01
2026-08-10 15:55:00,506.25,507.58,505.43,507.47,153,1,0,0.01
2026-08-10 16:00:00,507.47,508.31,507.13,507.72,159,1,0,0.01
2026-08-10 16:05:00,507.72,509.36,507.33,508.55,147,1,0,0.01
2026-08-10 16:10:00,508.55,509.72,508.1,509.54,157,2,0,0.02
2026-08-10 16:15:00,509.52,510.47,508.58,510.16,164,1,0,0.01
2026-08-10 16:20:00,510.15,511.06,509.27,510.49,168,1,0,0.01
2026-08-10 16:25:00,510.5,512.71,510.48,512.35,167,1,0,0.01
2026-08-10 16:30:00,512.35,513.66,512.2,512.51,177,1,0,0.01
2026-08-10 16:35:00,512.51,512.7,511.42,511.48,148,1,0,0.01
2026-08-10 16:40:00,511.48,511.96,510.73,510.73,139,1,0,0.01
2026-08-10 16:45:00,510.73,511.03,509.77,510.34,153,1,0,0.01
2026-08-10 16:50:00,510.35,510.47,508.44,508.92,147,1,0,0.01
2026-08-10 16:55:00,508.9,509.5,508.76,509.1,119,1,0,0.01
2026-08-10 17:00:00,509.1,510.19,508.48,508.48,136,3,0,0.03
2026-08-10 17:05:00,508.53,509.11,508.22,508.98,112,1,0,0.01
2026-08-10 17:10:00,508.98,508.98,508.34,508.8,64,3,0,0.03
2026-08-10 17:15:00,508.85,508.85,507.78,507.88,115,1,0,0.01
2026-08-10 17:20:00,507.88,509.26,507.79,509.25,117,1,0,0.01
2026-08-10 17:25:00,509.2,509.82,509.0,509.49,110,1,0,0.01
2026-08-10 17:30:00,509.49,509.7,509.18,509.28,100,1,0,0.01
2026-08-10 17:35:00,509.28,509.44,509.03,509.44,99,1,0,0.01
2026-08-10 17:40:00,509.44,509.89,509.23,509.83,116,1,0,0.01
2026-08-10 17:45:00,509.72,510.09,509.61,509.85,97,1,0,0.01
2026-08-10 17:50:00,509.85,510.29,509.81,510.11,108,1,0,0.01
2026-08-10 17:55:00,510.07,510.7,510.0,510.7,112,1,0,0.01
2026-08-10 18:00:00,510.77,511.03,510.46,510.97,100,1,0,0.01
2026-08-10 18:05:00,510.98,511.11,510.63,511.01,94,1,0,0.01
2026-08-10 18:10:00,511.0,511.06,510.9,511.0,77,1,0,0.01
2026-08-10 18:15:00,511.0,511.0,510.4,510.45,102,2,0,0.02
2026-08-10 18:20:00,510.45,510.62,510.4,510.54,69,1,0,0.01
2026-08-10 18:25:00,510.54,510.6,509.78,509.78,101,1,0,0.01
2026-08-10 18:30:00,509.81,510.12,508.87,508.93,118,1,0,0.01
2026-08-10 18:35:00,508.93,509.29,508.67,508.7,102,1,0,0.01
2026-08-10 18:40:00,508.7,508.7,507.81,508.06,118,1,0,0.01
2026-08-10 18:45:00,508.06,508.08,506.75,506.95,142,1,0,0.01
2026-08-10 18:50:00,506.95,507.16,506.46,506.91,127,1,0,0.01
2026-08-10 18:55:00,506.91,508.35,506.66,508.24,124,2,0,0.02
2026-08-10 19:00:00,508.29,509.01,506.92,507.6,128,2,0,0.02
2026-08-10 19:05:00,507.6,507.86,507.13,507.15,104,1,0,0.01
2026-08-10 19:10:00,507.09,507.96,507.08,507.66,109,1,0,0.01
2026-08-10 19:15:00,507.66,507.96,507.56,507.73,98,1,0,0.01
2026-08-10 19:20:00,507.74,508.19,507.7,508.18,95,1,0,0.01
2026-08-10 19:25:00,508.18,508.39,507.93,508.29,108,1,0,0.01
2026-08-10 19:30:00,508.3,508.57,508.15,508.29,86,1,0,0.01
2026-08-10 19:35:00,508.29,508.36,508.09,508.19,87,1,0,0.01
2026-08-10 19:40:00,508.19,508.31,507.04,507.09,100,1,0,0.01
2026-08-10 19:45:00,507.1,507.13,506.54,506.66,92,1,0,0.01
2026-08-10 19:50:00,506.64,506.64,505.69,506.03,107,1,0,0.01
2026-08-10 19:55:00,506.03,506.25,505.68,505.68,102,1,0,0.01
2026-08-10 20:00:00,505.64,505.64,505.03,505.26,122,1,0,0.01
2026-08-10 20:05:00,505.27,505.57,504.98,505.35,111,2,0,0.02
2026-08-10 20:10:00,505.35,505.35,504.7,504.76,83,1,0,0.01
2026-08-10 20:15:00,504.76,505.62,504.62,505.5,98,1,0,0.01
2026-08-10 20:20:00,505.5,505.51,504.79,504.84,79,1,0,0.01
2026-08-10 20:25:00,504.84,505.28,504.84,505.0,64,1,0,0.01
2026-08-10 20:30:00,504.93,505.57,504.82,505.43,100,1,0,0.01
2026-08-10 20:35:00,505.42,505.7,504.95,505.1,111,1,0,0.01
2026-08-10 20:40:00,505.1,505.84,505.1,505.66,105,1,0,0.01
2026-08-10 20:45:00,505.64,505.71,505.17,505.37,68,2,0,0.02
2026-08-10 20:50:00,505.4,506.13,505.37,505.92,75,1,0,0.01
2026-08-10 20:55:00,505.92,506.33,505.75,506.3,89,1,0,0.01
2026-08-10 21:00:00,506.3,506.34,505.86,505.86,93,1,0,0.01
2026-08-10 21:05:00,505.86,505.86,505.3,505.58,84,1,0,0.01
2026-08-10 21:10:00,505.53,505.94,505.44,505.62,85,1,0,0.01
2026-08-10 21:15:00,505.62,505.73,505.28,505.28,88,1,0,0.01
2026-08-10 21:20:00,505.28,505.39,504.94,504.97,59,1,0,0.01
2026-08-10 21:25:00,504.97,505.22,504.3,504.3,82,1,0,0.01
2026-08-10 21:30:00,504.32,505.27,504.32,505.19,114,1,0,0.01
2026-08-10 21:35:00,505.19,505.49,504.94,505.29,94,1,0,0.01
2026-08-10 21:40:00,505.34,505.36,505.01,505.33,119,1,0,0.01
2026-08-10 21:45:00,505.27,505.37,504.3,504.5,138,1,0,0.01
2026-08-10 21:50:00,504.22,505.52,504.03,505.37,157,1,0,0.01
2026-08-10 21:55:00,505.37,506.93,505.33,505.99,196,1,0,0.01
2026-08-11 15:30:00,504.59,505.13,501.8,502.35,178,3,0,0.03
2026-08-11 15:35:00,502.33,503.48,501.35,503.3,161,1,0,0.01
2026-08-11 15:40:00,503.26,503.61,501.15,501.47,164,1,0,0.01
2026-08-11 15:45:00,501.4,501.91,499.55,500.9,173,1,0,0.01
2026-08-11 15:50:00,500.89,501.02,499.77,500.35,144,1,0,0.01
2026-08-11 15:55:00,500.41,501.72,500.25,501.46,154,1,0,0.01
2026-08-11 16:00:00,501.28,501.7,500.72,501.46,146,4,0,0.04
2026-08-11 16:05:00,501.49,501.8,500.48,500.82,127,2,0,0.02
2026-08-11 16:10:00,501.82,502.32,501.03,502.2,138,1,0,0.01
2026-08-11 16:15:00,502.15,502.23,500.84,501.72,135,3,0,0.03
2026-08-11 16:20:00,501.72,501.89,500.54,500.58,112,1,0,0.01
2026-08-11 16:25:00,500.54,501.91,500.32,501.6,123,1,0,0.01
2026-08-11 16:30:00,501.6,501.7,500.8,501.2,139,1,0,0.01
2026-08-11 16:35:00,501.39,501.82,501.09,501.73,114,2,0,0.02
2026-08-11 16:40:00,501.74,502.9,501.61,502.64,113,1,0,0.01
2026-08-11 16:45:00,502.65,504.32,502.53,503.77,117,3,0,0.03
2026-08-11 16:50:00,503.77,504.15,503.52,504.09,115,2,0,0.02
2026-08-11 16:55:00,504.09,504.41,503.46,503.8,114,3,0,0.03
2026-08-11 17:00:00,503.82,504.27,502.37,502.37,144,1,0,0.01
2026-08-11 17:05:00,502.42,503.22,502.33,503.16,91,1,0,0.01
2026-08-11 17:10:00,503.19,503.41,502.43,502.56,109,1,0,0.01
2026-08-11 17:15:00,502.56,503.16,502.47,502.9,91,1,0,0.01
2026-08-11 17:20:00,502.9,503.18,502.72,502.73,81,2,0,0.02
2026-08-11 17:25:00,502.73,502.77,501.52,501.52,107,1,0,0.01
2026-08-11 17:30:00,501.54,501.71,500.78,500.8,123,1,0,0.01
2026-08-11 17:35:00,500.86,501.13,500.73,500.82,80,2,0,0.02
2026-08-11 17:40:00,500.78,501.16,500.6,500.93,107,2,0,0.02
2026-08-11 17:45:00,500.95,501.19,500.5,500.62,102,1,0,0.01
2026-08-11 17:50:00,500.63,501.1,500.42,500.65,84,3,0,0.03
2026-08-11 17:55:00,500.65,501.21,500.63,501.15,94,3,0,0.03
2026-08-11 18:00:00,501.19,501.89,501.16,501.85,101,1,0,0.01
2026-08-11 18:05:00,501.85,502.63,501.81,502.63,80,1,0,0.01
2026-08-11 18:10:00,502.63,502.63,501.74,502.01,76,3,0,0.03
2026-08-11 18:15:00,502.01,502.31,501.23,501.25,81,1,0,0.01
2026-08-11 18:20:00,501.25,501.37,500.5,500.54,53,2,0,0.02
2026-08-11 18:25:00,500.56,501.09,500.25,500.71,113,2,0,0.02
2026-08-11 18:30:00,500.71,501.0,500.65,500.81,100,2,0,0.02
2026-08-11 18:35:00,500.81,501.55,500.72,501.49,92,1,0,0.01
2026-08-11 18:40:00,501.5,501.67,501.2,501.57,107,1,0,0.01
2026-08-11 18:45:00,501.51,502.01,501.51,502.0,85,2,0,0.02
2026-08-11 18:50:00,502.04,502.46,501.88,502.21,104,2,0,0.02
2026-08-11 18:55:00,502.18,502.18,501.64,502.02,100,1,0,0.01
2026-08-11 19:00:00,502.02,502.3,501.94,502.18,82,1,0,0.01
2026-08-11 19:05:00,502.15,502.34,501.95,502.32,97,1,0,0.01
2026-08-11 19:10:00,502.3,502.65,501.96,501.98,101,1,0,0.01
2026-08-11 19:15:00,501.98,502.37,501.98,502.26,85,2,0,0.02
2026-08-11 19:20:00,502.28,502.64,502.02,502.39,90,1,0,0.01
2026-08-11 19:25:00,502.52,502.6,502.27,502.57,90,2,0,0.02
2026-08-11 19:30:00,502.57,503.12,502.56,503.1,77,1,0,0.01
2026-08-11 19:35:00,503.08,503.29,502.89,503.03,73,1,0,0.01
2026-08-11 19:40:00,503.03,503.44,503.02,503.37,92,1,0,0.01
2026-08-11 19:45:00,503.4,503.53,502.95,503.08,78,1,0,0.01
2026-08-11 19:50:00,503.08,503.25,502.97,503.09,81,1,0,0.01
2026-08-11 19:55:00,503.09,503.18,502.73,502.84,69,1,0,0.01
2026-08-11 20:00:00,502.84,503.03,502.77,502.87,83,4,0,0.04
2026-08-11 20:05:00,502.87,503.0,502.48,502.63,67,1,0,0.01
2026-08-11 20:10:00,502.63,502.81,502.58,502.58,77,2,0,0.02
2026-08-11 20:15:00,502.58,502.81,502.57,502.75,63,1,0,0.01
2026-08-11 20:20:00,502.75,502.79,502.42,502.74,88,3,0,0.03
2026-08-11 20:25:00,502.74,502.9,502.04,502.14,76,2,0,0.02
2026-08-11 20:30:00,501.94,502.33,501.92,502.2,114,3,0,0.03
2026-08-11 20:35:00,502.2,502.73,502.2,502.55,73,1,0,0.01
2026-08-11 20:40:00,502.5,503.04,502.33,502.77,112,2,0,0.02
2026-08-11 20:45:00,502.78,503.67,502.78,503.6,103,1,0,0.01
2026-08-11 20:50:00,503.6,503.6,503.2,503.39,116,1,0,0.01
2026-08-11 20:55:00,503.37,503.4,502.94,502.98,76,1,0,0.01
2026-08-11 21:00:00,502.98,503.4,502.94,503.4,81,2,0,0.02
2026-08-11 21:05:00,503.4,503.55,502.33,502.86,106,1,0,0.01
2026-08-11 21:10:00,502.92,503.04,502.62,502.95,105,1,0,0.01
2026-08-11 21:15:00,502.95,503.2,502.78,503.0,77,1,0,0.01
2026-08-11 21:20:00,503.0,503.21,502.89,503.19,73,1,0,0.01
2026-08-11 21:25:00,503.2,503.34,502.5,502.86,102,1,0,0.01
2026-08-11 21:30:00,502.78,503.26,502.75,503.25,95,1,0,0.01
2026-08-11 21:35:00,503.25,503.76,503.25,503.58,90,1,0,0.01
2026-08-11 21:40:00,503.75,503.76,503.4,503.63,106,1,0,0.01
2026-08-11 21:45:00,503.62,503.64,503.3,503.6,108,1,0,0.01
2026-08-11 21:50:00,503.6,503.9,502.06,503.77,160,1,0,0.01
2026-08-11 21:55:00,503.76,504.26,503.28,503.7,199,1,0,0.01
2026-08-12 15:30:00,500.0,500.66,497.07,498.01,120,1,0,0.01
2026-08-12 15:35:00,498.04,499.47,497.67,499.26,189,8,0,0.08
2026-08-12 15:40:00,499.27,499.44,497.09,497.64,133,4,0,0.04
2026-08-12 15:45:00,497.72,497.93,495.77,496.52,161,1,0,0.01
2026-08-12 15:50:00,496.51,496.51,493.65,493.67,184,1,0,0.01
2026-08-12 15:55:00,493.65,493.82,492.63,493.51,167,1,0,0.01
2026-08-12 16:00:00,493.48,493.51,492.0,492.29,178,2,0,0.02
2026-08-12 16:05:00,492.3,494.73,492.3,494.4,170,2,0,0.02
2026-08-12 16:10:00,494.51,496.3,494.24,495.41,150,2,0,0.02
2026-08-12 16:15:00,495.41,495.7,495.0,495.28,131,1,0,0.01
2026-08-12 16:20:00,495.28,495.66,494.9,495.51,126,1,0,0.01
2026-08-12 16:25:00,495.42,496.29,495.29,495.76,134,3,0,0.03
2026-08-12 16:30:00,495.81,496.35,494.87,494.87,161,4,0,0.04
2026-08-12 16:35:00,494.73,495.58,494.5,495.04,131,4,0,0.04
2026-08-12 16:40:00,495.0,495.29,494.0,494.25,138,2,0,0.02
2026-08-12 16:45:00,494.25,494.84,493.84,494.43,142,1,0,0.01
2026-08-12 16:50:00,494.38,495.08,494.0,494.6,157,1,0,0.01
2026-08-12 16:55:00,494.62,495.34,494.47,494.92,124,1,0,0.01
2026-08-12 17:00:00,494.89,495.03,493.8,493.8,126,3,0,0.03
2026-08-12 17:05:00,493.8,494.07,493.4,493.69,148,2,0,0.02
2026-08-12 17:10:00,493.61,493.74,493.34,493.63,128,2,0,0.02
2026-08-12 17:15:00,493.63,493.65,493.01,493.22,140,1,0,0.01
2026-08-12 17:20:00,493.22,493.44,493.03,493.44,105,1,0,0.01
2026-08-12 17:25:00,493.4,493.5,492.88,493.02,118,1,0,0.01
2026-08-12 17:30:00,493.05,493.4,492.08,492.54,143,1,0,0.01
2026-08-12 17:35:00,492.57,493.09,492.5,492.7,109,2,0,0.02
2026-08-12 17:40:00,492.7,493.31,492.51,493.1,120,1,0,0.01
2026-08-12 17:45:00,493.02,493.61,492.91,493.26,121,1,0,0.01
2026-08-12 17:50:00,493.32,493.43,492.86,493.07,98,1,0,0.01
2026-08-12 17:55:00,493.07,493.2,492.68,492.73,92,1,0,0.01
2026-08-12 18:00:00,492.74,493.13,492.5,492.72,118,2,0,0.02
2026-08-12 18:05:00,492.71,492.85,492.25,492.78,100,2,0,0.02
2026-08-12 18:10:00,492.79,493.04,492.15,492.9,135,1,0,0.01
2026-08-12 18:15:00,492.91,493.55,492.88,493.34,113,1,0,0.01
2026-08-12 18:20:00,493.34,493.77,493.2,493.31,102,1,0,0.01
2026-08-12 18:25:00,493.31,493.96,493.2,493.9,117,1,0,0.01
2026-08-12 18:30:00,493.87,493.93,493.17,493.17,100,3,0,0.03
2026-08-12 18:35:00,493.2,493.94,493.16,493.93,93,1,0,0.01
2026-08-12 18:40:00,493.93,494.07,493.6,493.69,93,1,0,0.01
2026-08-12 18:45:00,493.69,494.52,493.69,494.47,103,1,0,0.01
2026-08-12 18:50:00,494.49,494.84,494.26,494.26,102,1,0,0.01
2026-08-12 18:55:00,494.26,494.36,494.01,494.07,93,1,0,0.01
2026-08-12 19:00:00,494.07,494.13,493.75,493.75,99,1,0,0.01
2026-08-12 19:05:00,493.69,494.16,493.6,494.0,95,2,0,0.02
2026-08-12 19:10:00,494.0,494.0,493.5,493.71,96,1,0,0.01
2026-08-12 19:15:00,493.71,493.87,493.38,493.45,96,3,0,0.03
2026-08-12 19:20:00,493.5,493.76,493.31,493.55,97,1,0,0.01
2026-08-12 19:25:00,493.55,493.64,493.1,493.2,111,1,0,0.01
2026-08-12 19:30:00,493.21,493.52,493.0,493.44,91,1,0,0.01
2026-08-12 19:35:00,493.44,493.49,493.02,493.17,102,2,0,0.02
2026-08-12 19:40:00,493.17,493.52,492.58,492.58,109,1,0,0.01
2026-08-12 19:45:00,492.58,492.76,491.62,491.88,123,1,0,0.01
2026-08-12 19:50:00,491.91,492.03,491.52,491.65,112,1,0,0.01
2026-08-12 19:55:00,491.65,492.05,491.52,492.05,103,1,0,0.01
2026-08-12 20:00:00,492.05,492.39,491.82,492.31,117,1,0,0.01
2026-08-12 20:05:00,492.27,492.36,491.97,492.27,97,2,0,0.02
2026-08-12 20:10:00,492.27,492.41,492.0,492.06,87,1,0,0.01
2026-08-12 20:15:00,492.06,492.25,491.88,492.07,96,1,0,0.01
2026-08-12 20:20:00,492.07,492.51,491.86,492.47,90,1,0,0.01
2026-08-12 20:25:00,492.47,492.63,491.86,492.06,104,1,0,0.01
2026-08-12 20:30:00,492.09,492.26,491.83,492.05,106,2,0,0.02
2026-08-12 20:35:00,492.05,492.38,491.97,492.16,100,1,0,0.01
2026-08-12 20:40:00,492.16,498.94,492.06,498.94,74,1,0,0.01
2026-08-12 20:45:00,492.29,492.74,492.17,492.67,81,3,0,0.03
2026-08-12 20:50:00,492.67,492.9,492.45,492.63,92,2,0,0.02
2026-08-12 20:55:00,492.63,492.95,492.57,492.9,97,1,0,0.01
2026-08-12 21:00:00,492.96,493.46,492.96,493.22,103,1,0,0.01
2026-08-12 21:05:00,493.22,493.71,493.22,493.39,97,1,0,0.01
2026-08-12 21:10:00,493.39,493.39,492.6,492.94,100,1,0,0.01
2026-08-12 21:15:00,492.93,493.24,492.79,493.14,80,1,0,0.01
2026-08-12 21:20:00,493.14,494.14,493.14,494.12,113,1,0,0.01
2026-08-12 21:25:00,494.12,494.62,494.0,494.23,101,1,0,0.01
2026-08-12 21:30:00,494.23,494.44,494.06,494.16,129,1,0,0.01
2026-08-12 21:35:00,494.16,494.18,493.42,493.66,121,1,0,0.01
2026-08-12 21:40:00,493.67,493.73,493.18,493.51,115,1,0,0.01
2026-08-12 21:45:00,493.54,494.13,493.54,494.0,133,1,0,0.01
2026-08-12 21:50:00,493.95,494.33,493.5,493.74,170,1,0,0.01
2026-08-12 21:55:00,493.74,493.74,491.99,492.17,271,1,0,0.01
2026-08-13 15:30:00,493.0,497.66,493.0,496.61,172,2,0,0.02
2026-08-13 15:35:00,497.04,498.89,496.54,497.75,162,1,0,0.01
2026-08-13 15:40:00,497.7,498.71,497.04,497.8,176,1,0,0.01
2026-08-13 15:45:00,497.88,499.59,497.88,499.59,160,1,0,0.01
2026-08-13 15:50:00,499.6,499.85,498.86,499.52,141,3,0,0.03
2026-08-13 15:55:00,499.41,499.67,498.55,498.57,152,3,0,0.03
2026-08-13 16:00:00,498.55,499.33,498.39,499.13,140,4,0,0.04
2026-08-13 16:05:00,498.99,500.06,498.85,499.6,124,1,0,0.01
2026-08-13 16:10:00,499.7,500.88,499.7,500.09,133,1,0,0.01
2026-08-13 16:15:00,500.09,501.05,499.69,500.96,118,1,0,0.01
2026-08-13 16:20:00,501.09,501.16,499.68,499.77,133,3,0,0.03
2026-08-13 16:25:00,499.76,499.86,498.34,498.47,98,1,0,0.01
2026-08-13 16:30:00,498.41,499.3,498.41,499.17,120,1,0,0.01
2026-08-13 16:35:00,499.17,499.17,498.35,498.75,103,1,0,0.01
2026-08-13 16:40:00,498.76,499.03,497.62,497.94,120,2,0,0.02
2026-08-13 16:45:00,497.93,497.93,497.03,497.24,104,1,0,0.01
2026-08-13 16:50:00,497.24,497.88,497.05,497.65,109,4,0,0.04
2026-08-13 16:55:00,497.67,497.97,497.43,497.47,100,4,0,0.04
2026-08-13 17:00:00,497.43,497.65,496.66,496.93,111,4,0,0.04
2026-08-13 17:05:00,496.97,497.02,496.22,496.59,123,1,0,0.01
2026-08-13 17:10:00,496.58,496.65,495.33,495.66,105,1,0,0.01
2026-08-13 17:15:00,495.7,496.03,495.4,495.83,68,1,0,0.01
2026-08-13 17:20:00,495.83,495.96,494.26,494.26,118,1,0,0.01
2026-08-13 17:25:00,494.26,494.56,493.5,493.87,75,1,0,0.01
2026-08-13 17:30:00,493.82,494.9,493.68,494.8,89,3,0,0.03
2026-08-13 17:35:00,494.8,495.39,494.75,495.28,64,5,0,0.05
2026-08-13 17:40:00,495.28,495.58,495.13,495.4,87,1,0,0.01
2026-08-13 17:45:00,495.4,495.78,495.33,495.35,105,2,0,0.02
2026-08-13 17:50:00,495.31,495.32,495.03,495.05,83,1,0,0.01
2026-08-13 17:55:00,495.04,495.28,494.5,494.76,93,1,0,0.01
2026-08-13 18:00:00,494.84,494.91,494.26,494.61,98,1,0,0.01
2026-08-13 18:05:00,494.61,494.9,494.1,494.24,98,2,0,0.02
2026-08-13 18:10:00,494.25,494.48,494.16,494.48,107,1,0,0.01
2026-08-13 18:15:00,494.48,494.48,493.93,494.14,74,2,0,0.02
2026-08-13 18:20:00,494.15,494.3,493.76,494.17,90,3,0,0.03
2026-08-13 18:25:00,494.17,494.76,494.05,494.65,99,3,0,0.03
2026-08-13 18:30:00,494.63,494.81,494.63,494.79,84,1,0,0.01
2026-08-13 18:35:00,494.79,494.86,494.22,494.39,89,1,0,0.01
2026-08-13 18:40:00,494.39,494.47,494.0,494.25,90,1,0,0.01
2026-08-13 18:45:00,494.25,494.56,494.19,494.45,96,3,0,0.03
2026-08-13 18:50:00,494.45,494.84,494.44,494.71,85,3,0,0.03
2026-08-13 18:55:00,494.71,494.72,494.24,494.25,90,1,0,0.01
2026-08-13 19:00:00,494.28,494.64,494.19,494.4,84,1,0,0.01
2026-08-13 19:05:00,494.4,494.78,494.4,494.6,68,1,0,0.01
2026-08-13 19:10:00,494.6,494.74,494.43,494.55,81,1,0,0.01
2026-08-13 19:15:00,494.55,494.67,494.31,494.4,62,2,0,0.02
2026-08-13 19:20:00,494.4,494.58,494.0,494.16,73,1,0,0.01
2026-08-13 19:25:00,494.2,494.46,494.1,494.46,68,1,0,0.01
2026-08-13 19:30:00,494.46,494.49,493.77,493.86,72,2,0,0.02
2026-08-13 19:35:00,493.86,493.92,493.44,493.66,78,2,0,0.02
2026-08-13 19:40:00,493.67,493.73,493.43,493.69,73,1,0,0.01
2026-08-13 19:45:00,493.69,494.22,493.63,494.15,69,1,0,0.01
2026-08-13 19:50:00,494.2,494.52,494.18,494.3,83,1,0,0.01
2026-08-13 19:55:00,494.34,494.5,494.0,494.07,72,1,0,0.01
2026-08-13 20:00:00,494.07,494.3,493.8,493.88,74,1,0,0.01
2026-08-13 20:05:00,493.88,494.15,493.88,493.92,90,1,0,0.01
2026-08-13 20:10:00,493.91,494.33,493.9,494.3,63,3,0,0.03
2026-08-13 20:15:00,494.3,494.34,493.76,493.82,88,2,0,0.02
2026-08-13 20:20:00,493.83,493.88,493.22,493.22,68,1,0,0.01
2026-08-13 20:25:00,493.22,493.4,493.0,493.1,92,1,0,0.01
2026-08-13 20:30:00,493.1,494.98,493.1,494.91,128,1,0,0.01
2026-08-13 20:35:00,494.91,496.61,494.85,496.61,141,1,0,0.01
2026-08-13 20:40:00,496.65,497.28,496.18,496.76,150,1,0,0.01
2026-08-13 20:45:00,496.76,496.78,495.23,496.08,142,1,0,0.01
2026-08-13 20:50:00,496.08,496.21,495.56,496.21,115,1,0,0.01
2026-08-13 20:55:00,496.18,496.95,495.93,496.75,120,1,0,0.01
2026-08-13 21:00:00,496.92,496.96,496.13,496.9,114,3,0,0.03
2026-08-13 21:05:00,496.86,497.37,496.5,497.04,128,1,0,0.01
2026-08-13 21:10:00,497.02,497.49,496.71,497.23,119,1,0,0.01
2026-08-13 21:15:00,497.23,497.4,495.71,495.71,129,1,0,0.01
2026-08-13 21:20:00,495.65,497.39,495.65,497.39,122,1,0,0.01
2026-08-13 21:25:00,497.4,497.74,496.9,496.93,139,1,0,0.01
2026-08-13 21:30:00,497.12,498.22,497.12,498.02,137,1,0,0.01
2026-08-13 21:35:00,498.03,498.31,497.68,498.13,105,1,0,0.01
2026-08-13 21:40:00,498.14,498.48,497.88,498.48,116,1,0,0.01
2026-08-13 21:45:00,498.48,498.48,497.45,497.63,128,3,0,0.03
2026-08-13 21:50:00,497.63,497.63,496.45,496.45,130,1,0,0.01
2026-08-13 21:55:00,496.44,496.85,495.86,496.54,277,1,0,0.01
2026-08-14 15:30:00,495.5,496.53,493.8,496.13,132,5,0,0.05
2026-08-14 15:35:00,496.13,497.23,495.8,496.79,134,1,0,0.01
2026-08-14 15:40:00,496.79,497.26,495.24,496.23,109,4,0,0.04
2026-08-14 15:45:00,496.35,497.01,496.1,496.98,117,1,0,0.01
2026-08-14 15:50:00,496.88,498.03,496.53,497.92,119,3,0,0.03
2026-08-14 15:55:00,497.93,498.58,497.1,498.43,131,1,0,0.01
2026-08-14 16:00:00,498.28,498.64,497.55,498.05,127,1,0,0.01
2026-08-14 16:05:00,498.0,498.59,497.48,497.75,130,3,0,0.03
2026-08-14 16:10:00,497.75,498.1,497.23,497.84,127,3,0,0.03
2026-08-14 16:15:00,497.84,498.99,497.41,498.31,149,1,0,0.01
2026-08-14 16:20:00,498.38,499.93,498.38,499.28,139,1,0,0.01
2026-08-14 16:25:00,499.26,499.76,498.44,498.78,126,2,0,0.02
2026-08-14 16:30:00,498.68,499.59,498.61,498.62,112,5,0,0.05
2026-08-14 16:35:00,498.62,499.18,496.92,496.92,117,2,0,0.02
2026-08-14 16:40:00,498.9,499.12,498.5,498.92,103,1,0,0.01
2026-08-14 16:45:00,498.97,499.4,498.88,498.97,114,2,0,0.02
2026-08-14 16:50:00,498.97,499.27,498.8,498.86,126,1,0,0.01
2026-08-14 16:55:00,498.86,499.07,498.29,498.47,121,1,0,0.01
2026-08-14 17:00:00,498.5,498.76,498.04,498.42,109,3,0,0.03
2026-08-14 17:05:00,498.42,498.76,498.38,498.48,93,2,0,0.02
2026-08-14 17:10:00,498.48,498.62,498.03,498.28,101,1,0,0.01
2026-08-14 17:15:00,498.28,498.42,497.79,498.31,103,1,0,0.01
2026-08-14 17:20:00,498.31,498.51,497.78,498.16,108,3,0,0.03
2026-08-14 17:25:00,498.16,498.38,497.46,497.65,111,1,0,0.01
2026-08-14 17:30:00,497.68,497.83,497.38,497.41,122,3,0,0.03
2026-08-14 17:35:00,497.42,498.2,497.42,498.05,102,4,0,0.04
2026-08-14 17:40:00,498.05,498.87,498.05,498.81,105,2,0,0.02
2026-08-14 17:45:00,498.81,499.18,498.64,498.67,92,1,0,0.01
2026-08-14 17:50:00,498.67,499.11,498.57,498.83,102,1,0,0.01
2026-08-14 17:55:00,498.83,498.85,498.02,498.48,102,1,0,0.01
2026-08-14 18:00:00,498.54,498.56,497.86,497.89,104,2,0,0.02
2026-08-14 18:05:00,497.87,498.03,497.65,497.91,93,2,0,0.02
2026-08-14 18:10:00,497.99,498.07,497.52,497.67,88,1,0,0.01
2026-08-14 18:15:00,497.68,497.68,496.8,496.92,99,1,0,0.01
2026-08-14 18:20:00,496.92,497.36,496.92,497.15,69,1,0,0.01
2026-08-14 18:25:00,497.14,497.74,497.14,497.63,85,1,0,0.01
2026-08-14 18:30:00,497.63,497.71,497.22,497.28,78,3,0,0.03
2026-08-14 18:35:00,497.32,497.39,497.0,497.12,108,1,0,0.01
2026-08-14 18:40:00,497.14,497.27,496.8,496.8,80,2,0,0.02
2026-08-14 18:45:00,496.8,496.88,496.52,496.56,77,1,0,0.01
2026-08-14 18:50:00,496.53,496.78,496.4,496.76,73,3,0,0.03
2026-08-14 18:55:00,496.76,496.94,496.4,496.56,80,1,0,0.01
2026-08-14 19:00:00,496.54,496.69,496.09,496.12,99,2,0,0.02
2026-08-14 19:05:00,496.21,496.45,495.96,496.15,85,1,0,0.01
2026-08-14 19:10:00,496.15,496.34,495.92,495.97,107,2,0,0.02
2026-08-14 19:15:00,495.97,496.13,495.68,495.89,99,2,0,0.02
2026-08-14 19:20:00,495.89,496.32,495.86,496.28,70,2,0,0.02
2026-08-14 19:25:00,496.28,496.28,495.67,495.67,78,2,0,0.02
2026-08-14 19:30:00,495.67,495.95,495.58,495.88,132,3,0,0.03
2026-08-14 19:35:00,495.88,495.88,495.55,495.81,73,2,0,0.02
2026-08-14 19:40:00,495.81,496.0,495.62,495.83,99,2,0,0.02
2026-08-14 19:45:00,495.82,495.89,495.57,495.71,67,2,0,0.02
2026-08-14 19:50:00,495.72,496.1,495.58,496.01,79,1,0,0.01
2026-08-14 19:55:00,496.01,496.27,495.82,495.84,76,1,0,0.01
2026-08-14 20:00:00,495.84,495.99,495.57,495.99,89,2,0,0.02
2026-08-14 20:05:00,495.99,496.03,495.84,495.95,71,2,0,0.02
2026-08-14 20:10:00,495.95,496.11,495.56,495.62,78,1,0,0.01
2026-08-14 20:15:00,495.62,495.96,495.62,495.82,84,3,0,0.03
2026-08-14 20:20:00,495.82,496.17,495.72,496.07,48,1,0,0.01
2026-08-14 20:25:00,496.1,496.1,495.37,495.37,81,2,0,0.02
2026-08-14 20:30:00,495.4,495.61,495.1,495.28,88,2,0,0.02
2026-08-14 20:35:00,495.28,495.37,495.17,495.24,66,4,0,0.04
2026-08-14 20:40:00,495.23,495.51,495.19,495.38,85,2,0,0.02
2026-08-14 20:45:00,495.38,495.59,495.11,495.36,75,1,0,0.01
2026-08-14 20:50:00,495.33,495.75,495.32,495.57,72,3,0,0.03
2026-08-14 20:55:00,495.58,495.61,495.26,495.46,100,1,0,0.01
2026-08-14 21:00:00,495.49,495.74,495.19,495.19,95,2,0,0.02
2026-08-14 21:05:00,495.19,495.36,494.83,494.83,86,1,0,0.01
2026-08-14 21:10:00,494.83,495.34,494.67,495.25,88,2,0,0.02
2026-08-14 21:15:00,495.25,495.27,495.02,495.12,95,1,0,0.01
2026-08-14 21:20:00,495.11,495.37,495.08,495.17,87,3,0,0.03
2026-08-14 21:25:00,495.16,495.34,495.06,495.33,77,1,0,0.01
2026-08-14 21:30:00,495.33,495.56,495.17,495.32,97,3,0,0.03
2026-08-14 21:35:00,495.35,495.47,495.04,495.04,114,2,0,0.02
2026-08-14 21:40:00,495.04,495.18,494.63,495.18,82,2,0,0.02
2026-08-14 21:45:00,495.2,495.31,494.64,495.06,93,2,0,0.02
2026-08-14 21:50:00,494.84,495.16,494.66,495.14,109,1,0,0.01
2026-08-14 21:55:00,495.06,495.35,494.75,495.13,252,1,0,0.01
2026-08-17 15:30:00,490.33,492.35,489.85,491.17,162,1,0,0.01
2026-08-17 15:35:00,491.33,491.51,489.32,489.94,176,1,0,0.01
2026-08-17 15:40:00,489.92,490.1,485.59,485.63,140,4,0,0.04
2026-08-17 15:45:00,485.79,486.62,485.67,486.09,171,3,0,0.03
2026-08-17 15:50:00,486.0,486.37,484.97,486.08,172,1,0,0.01
2026-08-17 15:55:00,486.28,486.31,484.14,484.63,156,1,0,0.01
2026-08-17 16:00:00,484.83,485.28,484.15,485.28,163,1,0,0.01
2026-08-17 16:05:00,485.33,485.4,484.25,485.07,158,1,0,0.01
2026-08-17 16:10:00,485.07,485.27,484.4,484.58,140,1,0,0.01
2026-08-17 16:15:00,484.59,485.17,484.22,484.5,154,1,0,0.01
2026-08-17 16:20:00,484.5,484.83,483.61,483.99,158,1,0,0.01
2026-08-17 16:25:00,483.9,483.99,482.5,482.53,151,1,0,0.01
2026-08-17 16:30:00,482.56,482.75,481.74,482.26,167,1,0,0.01
2026-08-17 16:35:00,482.24,483.07,482.24,483.05,124,1,0,0.01
2026-08-17 16:40:00,483.08,483.69,482.82,483.0,119,1,0,0.01
2026-08-17 16:45:00,483.0,483.0,481.67,482.76,145,1,0,0.01
2026-08-17 16:50:00,482.76,483.17,482.3,482.75,122,1,0,0.01
2026-08-17 16:55:00,482.75,483.36,482.39,483.17,109,1,0,0.01
2026-08-17 17:00:00,483.15,483.74,483.0,483.38,123,1,0,0.01
2026-08-17 17:05:00,483.38,483.71,483.11,483.25,129,1,0,0.01
2026-08-17 17:10:00,483.23,484.67,483.22,484.42,134,1,0,0.01
2026-08-17 17:15:00,484.42,484.69,484.17,484.67,125,1,0,0.01
2026-08-17 17:20:00,484.62,484.86,484.06,484.18,129,1,0,0.01
2026-08-17 17:25:00,484.2,484.88,484.16,484.56,112,1,0,0.01
2026-08-17 17:30:00,484.58,484.92,484.1,484.25,125,1,0,0.01
2026-08-17 17:35:00,484.21,485.05,483.92,484.76,136,2,0,0.02
2026-08-17 17:40:00,484.76,484.86,484.5,484.74,119,1,0,0.01
2026-08-17 17:45:00,484.75,485.23,484.67,484.72,108,2,0,0.02
2026-08-17 17:50:00,484.74,485.07,484.74,484.83,93,1,0,0.01
2026-08-17 17:55:00,484.85,485.13,484.63,484.96,96,1,0,0.01
2026-08-17 18:00:00,484.99,485.09,484.0,484.07,100,1,0,0.01
2026-08-17 18:05:00,484.07,484.22,483.3,483.36,131,1,0,0.01
2026-08-17 18:10:00,483.36,484.04,483.36,483.87,119,1,0,0.01
2026-08-17 18:15:00,483.85,484.01,483.26,483.46,107,1,0,0.01
2026-08-17 18:20:00,483.46,483.49,482.65,482.68,104,1,0,0.01
2026-08-17 18:25:00,482.68,483.08,482.52,482.64,100,1,0,0.01
2026-08-17 18:30:00,482.66,482.75,481.62,481.62,130,1,0,0.01
2026-08-17 18:35:00,481.63,481.97,481.4,481.42,117,1,0,0.01
2026-08-17 18:40:00,481.43,481.49,480.05,480.37,121,1,0,0.01
2026-08-17 18:45:00,480.38,480.62,480.31,480.46,121,1,0,0.01
2026-08-17 18:50:00,480.44,480.56,479.7,479.71,120,1,0,0.01
2026-08-17 18:55:00,479.71,479.88,479.32,479.53,124,1,0,0.01
2026-08-17 19:00:00,479.53,479.8,479.35,479.6,119,1,0,0.01
2026-08-17 19:05:00,479.6,479.68,479.4,479.4,113,1,0,0.01
2026-08-17 19:10:00,479.4,480.07,479.35,479.55,128,1,0,0.01
2026-08-17 19:15:00,479.57,479.92,479.05,479.58,123,1,0,0.01
2026-08-17 19:20:00,479.58,479.87,479.35,479.65,117,1,0,0.01
2026-08-17 19:25:00,479.65,479.8,479.3,479.36,102,3,0,0.03
2026-08-17 19:30:00,479.3,479.37,478.68,478.68,103,2,0,0.02
2026-08-17 19:35:00,478.6,478.92,478.41,478.75,111,2,0,0.02
2026-08-17 19:40:00,478.75,479.36,478.75,479.28,103,1,0,0.01
2026-08-17 19:45:00,479.28,479.77,479.01,479.27,88,1,0,0.01
2026-08-17 19:50:00,479.27,479.42,478.95,479.03,88,1,0,0.01
2026-08-17 19:55:00,479.03,479.15,478.82,478.92,95,2,0,0.02
2026-08-17 20:00:00,478.93,479.51,478.89,479.31,105,1,0,0.01
2026-08-17 20:05:00,479.35,479.76,479.3,479.42,91,1,0,0.01
2026-08-17 20:10:00,479.42,479.73,479.02,479.13,103,1,0,0.01
2026-08-17 20:15:00,479.19,479.58,479.12,479.58,111,1,0,0.01
2026-08-17 20:20:00,479.58,479.95,479.5,479.54,99,1,0,0.01
2026-08-17 20:25:00,479.54,479.62,479.2,479.4,82,1,0,0.01
2026-08-17 20:30:00,479.4,479.59,479.2,479.34,104,1,0,0.01
2026-08-17 20:35:00,479.38,479.75,479.37,479.39,92,1,0,0.01
2026-08-17 20:40:00,479.39,479.79,479.29,479.67,73,1,0,0.01
2026-08-17 20:45:00,479.67,480.25,479.67,480.05,99,1,0,0.01
2026-08-17 20:50:00,480.04,480.25,479.97,480.04,90,1,0,0.01
2026-08-17 20:55:00,480.04,480.12,479.75,479.98,87,1,0,0.01
2026-08-17 21:00:00,479.98,480.38,479.95,480.28,102,1,0,0.01
2026-08-17 21:05:00,480.28,480.67,480.28,480.57,105,1,0,0.01
2026-08-17 21:10:00,480.6,481.22,480.4,481.22,76,1,0,0.01
2026-08-17 21:15:00,481.23,489.22,481.14,481.36,130,1,0,0.01
2026-08-17 21:20:00,481.36,481.7,481.33,481.35,58,1,0,0.01
2026-08-17 21:25:00,481.29,481.45,480.8,480.99,96,1,0,0.01
2026-08-17 21:30:00,480.99,481.08,479.92,479.92,137,1,0,0.01
2026-08-17 21:35:00,479.93,480.05,479.67,479.81,128,2,0,0.02
2026-08-17 21:40:00,479.77,480.73,479.77,480.45,125,1,0,0.01
2026-08-17 21:45:00,480.48,480.6,480.07,480.35,152,1,0,0.01
2026-08-17 21:50:00,480.33,480.33,479.37,479.76,167,1,0,0.01
2026-08-17 21:55:00,479.76,480.69,479.76,480.34,295,1,0,0.01
2026-08-18 15:30:00,481.14,481.9,477.2,478.64,187,1,0,0.01
2026-08-18 15:35:00,478.68,482.36,478.66,481.45,169,4,0,0.04
2026-08-18 15:40:00,481.46,483.52,481.46,483.2,117,1,0,0.01
2026-08-18 15:45:00,483.07,483.14,481.8,482.06,157,1,0,0.01
2026-08-18 15:50:00,482.06,482.44,480.15,481.58,175,3,0,0.03
2026-08-18 15:55:00,481.67,481.67,479.34,479.52,155,3,0,0.03
2026-08-18 16:00:00,479.7,481.57,479.7,481.0,159,2,0,0.02
2026-08-18 16:05:00,481.03,481.39,480.3,480.3,127,1,0,0.01
2026-08-18 16:10:00,480.25,481.35,480.1,481.27,144,1,0,0.01
2026-08-18 16:15:00,481.33,482.24,481.3,482.09,156,2,0,0.02
2026-08-18 16:20:00,482.09,482.96,481.7,482.5,141,2,0,0.02
2026-08-18 16:25:00,482.5,482.59,481.15,481.15,124,2,0,0.02
2026-08-18 16:30:00,481.02,481.11,480.6,480.8,126,2,0,0.02
2026-08-18 16:35:00,480.83,481.53,480.68,481.44,121,1,0,0.01
2026-08-18 16:40:00,481.36,481.44,480.37,481.05,128,1,0,0.01
2026-08-18 16:45:00,481.11,481.77,481.0,481.38,134,1,0,0.01
2026-08-18 16:50:00,481.38,481.43,480.2,480.2,138,1,0,0.01
2026-08-18 16:55:00,480.15,481.47,479.9,481.47,132,1,0,0.01
2026-08-18 17:00:00,481.53,482.68,481.21,481.21,147,1,0,0.01
2026-08-18 17:05:00,481.21,482.36,481.08,482.15,121,1,0,0.01
2026-08-18 17:10:00,482.01,482.16,481.5,481.55,113,3,0,0.03
2026-08-18 17:15:00,481.48,482.37,481.48,482.03,133,1,0,0.01
2026-08-18 17:20:00,482.04,482.61,482.03,482.12,135,1,0,0.01
2026-08-18 17:25:00,481.89,482.38,481.72,481.91,124,1,0,0.01
2026-08-18 17:30:00,481.9,482.2,481.64,482.03,128,1,0,0.01
2026-08-18 17:35:00,482.02,482.26,481.6,481.74,128,1,0,0.01
2026-08-18 17:40:00,481.74,482.05,481.28,481.68,118,1,0,0.01
2026-08-18 17:45:00,481.68,481.69,481.05,481.17,96,3,0,0.03
2026-08-18 17:50:00,481.17,481.29,480.51,481.13,107,1,0,0.01
2026-08-18 17:55:00,481.13,481.64,480.98,481.61,109,3,0,0.03
2026-08-18 18:00:00,481.61,482.12,481.51,482.08,98,2,0,0.02
2026-08-18 18:05:00,482.08,482.68,481.84,482.68,97,1,0,0.01
2026-08-18 18:10:00,482.6,482.78,482.39,482.46,102,1,0,0.01
2026-08-18 18:15:00,482.46,482.53,481.54,481.78,111,1,0,0.01
2026-08-18 18:20:00,481.69,482.28,481.69,482.0,96,1,0,0.01
2026-08-18 18:25:00,482.0,482.13,481.7,481.97,90,1,0,0.01
2026-08-18 18:30:00,481.97,482.0,481.16,481.49,102,1,0,0.01
2026-08-18 18:35:00,481.49,481.7,481.23,481.56,80,1,0,0.01
2026-08-18 18:40:00,481.64,481.79,481.26,481.7,90,1,0,0.01
2026-08-18 18:45:00,481.7,481.8,481.35,481.8,84,1,0,0.01
2026-08-18 18:50:00,481.88,481.94,481.55,481.72,89,2,0,0.02
2026-08-18 18:55:00,481.83,482.32,481.73,482.25,102,2,0,0.02
2026-08-18 19:00:00,482.25,482.25,481.55,481.55,100,1,0,0.01
2026-08-18 19:05:00,481.55,481.66,481.18,481.66,91,1,0,0.01
2026-08-18 19:10:00,481.68,481.89,481.49,481.67,100,2,0,0.02
2026-08-18 19:15:00,481.67,481.7,481.38,481.62,91,1,0,0.01
2026-08-18 19:20:00,481.65,481.88,481.55,481.62,88,3,0,0.03
2026-08-18 19:25:00,481.65,481.67,481.31,481.66,99,1,0,0.01
2026-08-18 19:30:00,481.67,481.96,481.55,481.74,95,1,0,0.01
2026-08-18 19:35:00,481.74,482.29,481.72,481.95,91,1,0,0.01
2026-08-18 19:40:00,481.94,482.06,481.75,481.86,81,1,0,0.01
2026-08-18 19:45:00,481.86,482.08,481.8,481.8,76,2,0,0.02
2026-08-18 19:50:00,481.8,482.06,481.75,481.79,93,1,0,0.01
2026-08-18 19:55:00,481.79,482.11,481.6,481.9,83,1,0,0.01
2026-08-18 20:00:00,481.9,482.14,481.69,481.71,86,1,0,0.01
2026-08-18 20:05:00,481.8,482.18,481.61,482.18,95,3,0,0.03
2026-08-18 20:10:00,482.18,482.24,481.9,482.04,113,2,0,0.02
2026-08-18 20:15:00,482.04,482.35,481.7,482.35,97,2,0,0.02
2026-08-18 20:20:00,482.35,482.76,482.12,482.53,115,1,0,0.01
2026-08-18 20:25:00,482.53,482.54,482.17,482.46,82,1,0,0.01
2026-08-18 20:30:00,482.46,482.6,482.17,482.22,92,1,0,0.01
2026-08-18 20:35:00,482.22,482.24,481.83,481.95,98,3,0,0.03
2026-08-18 20:40:00,481.95,482.03,481.69,481.69,111,2,0,0.02
2026-08-18 20:45:00,481.69,481.76,481.25,481.7,95,1,0,0.01
2026-08-18 20:50:00,481.7,482.64,481.64,482.36,120,3,0,0.03
2026-08-18 20:55:00,482.35,482.72,482.29,482.29,98,2,0,0.02
2026-08-18 21:00:00,482.29,482.77,482.29,482.66,94,3,0,0.03
2026-08-18 21:05:00,482.66,483.4,482.64,483.25,106,1,0,0.01
2026-08-18 21:10:00,483.25,483.6,483.15,483.2,106,1,0,0.01
2026-08-18 21:15:00,483.21,483.76,482.94,483.44,87,1,0,0.01
2026-08-18 21:20:00,483.48,483.54,483.26,483.5,108,2,0,0.02
2026-08-18 21:25:00,483.46,483.5,482.88,483.14,123,1,0,0.01
2026-08-18 21:30:00,483.14,483.72,483.05,483.36,132,1,0,0.01
2026-08-18 21:35:00,483.36,483.56,482.39,483.01,116,1,0,0.01
2026-08-18 21:40:00,483.11,483.27,482.07,482.15,97,1,0,0.01
2026-08-18 21:45:00,482.3,482.33,481.85,482.12,141,1,0,0.01
2026-08-18 21:50:00,482.06,482.28,481.84,481.85,175,1,0,0.01
2026-08-18 21:55:00,481.85,481.85,480.46,481.34,286,1,0,0.01
2026-08-19 15:30:00,479.81,482.66,479.14,481.07,175,7,0,0.07
2026-08-19 15:35:00,481.22,483.11,481.01,482.72,160,1,0,0.01
2026-08-19 15:40:00,482.72,483.11,481.43,482.04,112,1,0,0.01
2026-08-19 15:45:00,481.6,481.6,480.29,480.95,163,3,0,0.03
2026-08-19 15:50:00,480.9,482.16,480.88,481.69,174,4,0,0.04
2026-08-19 15:55:00,481.75,482.5,480.84,482.44,148,1,0,0.01
2026-08-19 16:00:00,482.44,483.62,482.01,483.2,149,1,0,0.01
2026-08-19 16:05:00,483.2,483.33,482.32,483.21,126,2,0,0.02
2026-08-19 16:10:00,483.21,484.24,483.19,483.63,157,3,0,0.03
2026-08-19 16:15:00,483.63,484.77,483.63,484.3,158,4,0,0.04
2026-08-19 16:20:00,484.3,484.43,482.8,482.83,149,1,0,0.01
2026-08-19 16:25:00,482.8,482.8,481.31,481.73,166,1,0,0.01
2026-08-19 16:30:00,481.73,482.37,481.73,481.95,134,1,0,0.01
2026-08-19 16:35:00,481.97,482.57,481.81,481.87,150,3,0,0.03
2026-08-19 16:40:00,481.74,482.64,481.74,482.4,119,1,0,0.01
2026-08-19 16:45:00,482.29,483.26,482.29,482.66,149,1,0,0.01
2026-08-19 16:50:00,482.56,483.77,482.56,483.63,121,2,0,0.02
2026-08-19 16:55:00,483.73,484.28,483.6,484.11,133,1,0,0.01
2026-08-19 17:00:00,484.11,484.7,483.75,484.57,116,1,0,0.01
2026-08-19 17:05:00,484.57,484.75,483.64,484.14,114,2,0,0.02
2026-08-19 17:10:00,484.14,484.82,484.03,484.28,126,1,0,0.01
2026-08-19 17:15:00,484.31,484.72,484.2,484.58,109,1,0,0.01
2026-08-19 17:20:00,484.59,484.62,483.58,483.93,109,1,0,0.01
2026-08-19 17:25:00,483.98,484.27,483.6,483.89,107,4,0,0.04
2026-08-19 17:30:00,483.89,485.13,483.6,485.08,119,1,0,0.01
2026-08-19 17:35:00,485.08,485.77,484.67,485.65,123,1,0,0.01
2026-08-19 17:40:00,485.65,486.24,485.3,486.24,117,1,0,0.01
2026-08-19 17:45:00,486.29,488.05,486.24,487.84,129,1,0,0.01
2026-08-19 17:50:00,487.84,488.72,487.39,488.55,123,1,0,0.01
2026-08-19 17:55:00,488.55,489.14,488.37,488.65,139,1,0,0.01
2026-08-19 18:00:00,488.65,488.68,488.03,488.59,123,2,0,0.02
2026-08-19 18:05:00,488.59,488.85,488.24,488.85,111,1,0,0.01
2026-08-19 18:10:00,488.85,489.06,488.4,488.4,100,1,0,0.01
2026-08-19 18:15:00,488.32,488.43,488.0,488.06,81,3,0,0.03
2026-08-19 18:20:00,488.04,488.19,487.6,487.6,105,2,0,0.02
2026-08-19 18:25:00,487.61,487.68,486.87,486.93,111,1,0,0.01
2026-08-19 18:30:00,486.89,486.96,486.48,486.58,105,2,0,0.02
2026-08-19 18:35:00,486.57,486.68,486.0,486.0,115,2,0,0.02
2026-08-19 18:40:00,486.0,486.17,485.6,485.9,122,3,0,0.03
2026-08-19 18:45:00,485.9,485.9,484.71,484.71,108,1,0,0.01
2026-08-19 18:50:00,484.71,484.98,483.88,484.4,125,1,0,0.01
2026-08-19 18:55:00,484.41,484.79,484.0,484.25,113,3,0,0.03
2026-08-19 19:00:00,484.19,484.61,484.07,484.43,104,3,0,0.03
2026-08-19 19:05:00,484.43,484.56,484.3,484.32,108,2,0,0.02
2026-08-19 19:10:00,484.25,484.45,484.21,484.23,96,2,0,0.02
2026-08-19 19:15:00,484.18,484.18,483.15,483.28,99,1,0,0.01
2026-08-19 19:20:00,483.33,483.51,482.86,483.51,114,4,0,0.04
2026-08-19 19:25:00,483.51,483.89,483.4,483.43,113,1,0,0.01
2026-08-19 19:30:00,483.37,483.72,482.87,483.2,106,2,0,0.02
2026-08-19 19:35:00,483.12,483.45,482.86,483.36,113,1,0,0.01
2026-08-19 19:40:00,483.36,483.6,483.32,483.54,92,1,0,0.01
2026-08-19 19:45:00,483.54,483.7,483.22,483.48,92,2,0,0.02
2026-08-19 19:50:00,483.45,484.16,483.39,483.92,76,2,0,0.02
2026-08-19 19:55:00,483.88,483.88,483.62,483.74,92,4,0,0.04
2026-08-19 20:00:00,483.74,484.23,483.68,483.92,102,5,0,0.05
2026-08-19 20:05:00,483.9,484.03,483.42,483.63,120,3,0,0.03
2026-08-19 20:10:00,483.63,484.63,483.63,484.28,119,2,0,0.02
2026-08-19 20:15:00,484.28,484.28,483.75,483.75,105,2,0,0.02
2026-08-19 20:20:00,483.64,483.92,483.51,483.83,81,3,0,0.03
2026-08-19 20:25:00,483.79,484.3,483.77,484.0,93,1,0,0.01
2026-08-19 20:30:00,484.0,484.3,483.85,484.08,85,1,0,0.01
2026-08-19 20:35:00,484.09,484.41,483.95,484.41,76,1,0,0.01
2026-08-19 20:40:00,484.34,484.55,483.71,483.79,88,2,0,0.02
2026-08-19 20:45:00,483.83,483.89,483.42,483.73,80,1,0,0.01
2026-08-19 20:50:00,483.73,483.73,483.35,483.37,81,1,0,0.01
2026-08-19 20:55:00,483.37,484.05,483.37,483.75,97,1,0,0.01
2026-08-19 21:00:00,483.75,484.34,483.74,484.16,74,3,0,0.03
2026-08-19 21:05:00,484.16,484.42,483.97,484.35,81,1,0,0.01
2026-08-19 21:10:00,484.35,484.75,484.2,484.2,87,1,0,0.01
2026-08-19 21:15:00,484.2,484.62,484.2,484.47,91,1,0,0.01
2026-08-19 21:20:00,484.48,484.52,483.82,483.93,92,1,0,0.01
2026-08-19 21:25:00,483.93,483.98,483.68,483.72,78,1,0,0.01
2026-08-19 21:30:00,483.58,484.21,483.5,483.81,146,4,0,0.04
2026-08-19 21:35:00,483.88,484.1,482.76,483.23,134,2,0,0.02
2026-08-19 21:40:00,483.25,483.52,483.18,483.4,92,1,0,0.01
2026-08-19 21:45:00,483.33,483.67,482.87,483.18,143,1,0,0.01
2026-08-19 21:50:00,483.18,483.91,483.18,483.61,167,1,0,0.01
2026-08-19 21:55:00,483.62,484.61,483.14,483.91,278,1,0,0.01
2026-08-20 15:30:00,481.8,483.16,479.75,481.82,134,1,0,0.01
2026-08-20 15:35:00,481.4,482.59,480.63,481.25,167,1,0,0.01
2026-08-20 15:40:00,481.25,483.06,480.81,482.8,112,4,0,0.04
2026-08-20 15:45:00,482.78,484.07,482.55,483.1,161,4,0,0.04
2026-08-20 15:50:00,483.17,483.44,481.5,481.66,168,3,0,0.03
2026-08-20 15:55:00,481.7,482.23,480.88,481.43,154,1,0,0.01
2026-08-20 16:00:00,481.37,482.13,481.2,481.55,155,1,0,0.01
2026-08-20 16:05:00,481.54,482.49,481.46,482.35,140,4,0,0.04
2026-08-20 16:10:00,482.52,482.93,481.21,481.58,146,1,0,0.01
2026-08-20 16:15:00,481.59,482.6,481.44,482.53,124,5,0,0.05
2026-08-20 16:20:00,482.5,482.67,481.67,482.28,147,4,0,0.04
2026-08-20 16:25:00,482.25,482.7,481.81,482.08,140,3,0,0.03
2026-08-20 16:30:00,482.08,482.92,481.79,481.79,107,2,0,0.02
2026-08-20 16:35:00,481.79,482.26,481.54,481.76,129,3,0,0.03
2026-08-20 16:40:00,481.75,481.96,480.95,481.34,110,4,0,0.04
2026-08-20 16:45:00,481.34,481.77,480.88,481.3,114,2,0,0.02
2026-08-20 16:50:00,481.3,481.79,481.18,481.52,111,2,0,0.02
2026-08-20 16:55:00,481.52,481.68,481.06,481.32,106,1,0,0.01
2026-08-20 17:00:00,481.3,481.72,481.02,481.32,111,3,0,0.03
2026-08-20 17:05:00,481.28,481.28,480.15,480.61,133,1,0,0.01
2026-08-20 17:10:00,480.61,480.93,480.05,480.12,130,1,0,0.01
2026-08-20 17:15:00,480.13,480.48,479.75,480.43,137,1,0,0.01
2026-08-20 17:20:00,480.43,481.04,480.04,480.56,130,3,0,0.03
2026-08-20 17:25:00,480.6,480.64,479.5,479.75,122,1,0,0.01
2026-08-20 17:30:00,479.84,480.84,479.73,480.56,120,1,0,0.01
2026-08-20 17:35:00,480.64,481.21,480.31,481.17,115,1,0,0.01
2026-08-20 17:40:00,481.18,481.38,480.77,481.01,103,3,0,0.03
2026-08-20 17:45:00,481.08,481.44,480.79,481.27,115,1,0,0.01
2026-08-20 17:50:00,481.27,481.57,480.91,481.35,87,1,0,0.01
2026-08-20 17:55:00,481.37,481.39,480.52,480.62,103,1,0,0.01
2026-08-20 18:00:00,480.61,480.99,480.18,480.18,85,2,0,0.02
2026-08-20 18:05:00,480.24,480.56,480.04,480.56,108,2,0,0.02
2026-08-20 18:10:00,480.56,481.05,480.02,480.03,92,1,0,0.01
2026-08-20 18:15:00,479.93,480.73,479.92,480.23,84,3,0,0.03
2026-08-20 18:20:00,480.23,481.01,480.07,480.99,111,5,0,0.05
2026-08-20 18:25:00,481.02,481.19,480.83,481.19,94,3,0,0.03
2026-08-20 18:30:00,481.2,482.81,480.7,482.81,116,6,0,0.06
2026-08-20 18:35:00,482.82,483.84,482.61,483.52,122,1,0,0.01
2026-08-20 18:40:00,483.53,483.95,482.9,483.95,99,2,0,0.02
2026-08-20 18:45:00,483.95,483.95,482.52,482.73,101,1,0,0.01
2026-08-20 18:50:00,482.57,482.77,482.08,482.24,100,4,0,0.04
2026-08-20 18:55:00,482.24,483.05,481.7,483.05,113,3,0,0.03
2026-08-20 19:00:00,483.05,483.05,482.17,482.41,82,2,0,0.02
2026-08-20 19:05:00,482.36,482.56,482.02,482.05,78,4,0,0.04
2026-08-20 19:10:00,482.05,482.38,481.77,481.91,83,1,0,0.01
2026-08-20 19:15:00,481.91,482.2,481.8,482.05,92,1,0,0.01
2026-08-20 19:20:00,482.05,482.34,481.84,482.17,102,3,0,0.03
2026-08-20 19:25:00,482.17,482.26,481.86,481.89,67,2,0,0.02
2026-08-20 19:30:00,481.89,482.13,481.34,482.04,85,3,0,0.03
2026-08-20 19:35:00,482.04,482.11,481.6,481.75,90,1,0,0.01
2026-08-20 19:40:00,481.71,482.23,481.49,482.23,81,2,0,0.02
2026-08-20 19:45:00,482.23,482.37,481.8,482.17,84,3,0,0.03
2026-08-20 19:50:00,482.17,482.47,481.94,482.0,85,1,0,0.01
2026-08-20 19:55:00,482.02,482.04,481.31,481.33,92,1,0,0.01
2026-08-20 20:00:00,481.34,481.43,480.64,480.64,112,1,0,0.01
2026-08-20 20:05:00,480.65,480.95,480.64,480.7,108,1,0,0.01
2026-08-20 20:10:00,480.64,481.0,480.41,480.65,118,2,0,0.02
2026-08-20 20:15:00,480.65,480.79,480.51,480.79,98,1,0,0.01
2026-08-20 20:20:00,480.8,481.3,480.7,480.92,105,1,0,0.01
2026-08-20 20:25:00,480.92,481.54,480.88,481.39,131,1,0,0.01
2026-08-20 20:30:00,481.36,481.42,481.17,481.37,105,1,0,0.01
2026-08-20 20:35:00,481.37,481.66,481.33,481.47,103,3,0,0.03
2026-08-20 20:40:00,481.47,481.89,481.3,481.83,106,2,0,0.02
2026-08-20 20:45:00,481.83,482.4,481.83,482.28,114,1,0,0.01
2026-08-20 20:50:00,482.27,482.48,482.14,482.36,91,1,0,0.01
2026-08-20 20:55:00,482.36,482.44,482.04,482.04,92,1,0,0.01
2026-08-20 21:00:00,482.11,482.44,482.0,482.06,99,2,0,0.02
2026-08-20 21:05:00,482.06,482.16,481.81,481.89,111,1,0,0.01
2026-08-20 21:10:00,481.9,482.08,481.71,482.08,92,1,0,0.01
2026-08-20 21:15:00,482.06,482.36,481.71,481.71,96,3,0,0.03
2026-08-20 21:20:00,481.76,481.88,481.52,481.86,115,1,0,0.01
2026-08-20 21:25:00,481.88,482.05,481.7,482.03,120,1,0,0.01
2026-08-20 21:30:00,482.07,482.23,481.42,481.55,135,1,0,0.01
2026-08-20 21:35:00,481.56,482.33,481.49,482.1,138,2,0,0.02
2026-08-20 21:40:00,482.1,482.12,481.53,481.75,116,1,0,0.01
2026-08-20 21:45:00,481.76,481.86,481.55,481.76,118,1,0,0.01
2026-08-20 21:50:00,481.76,482.15,481.13,481.24,159,1,0,0.01
2026-08-20 21:55:00,481.24,481.39,480.61,480.94,203,1,0,0.01
2026-08-21 15:30:00,481.14,484.39,478.53,483.4,164,1,0,0.01
2026-08-21 15:35:00,483.25,484.4,481.6,483.93,150,3,0,0.03
2026-08-21 15:40:00,483.93,484.23,481.13,481.85,121,2,0,0.02
2026-08-21 15:45:00,481.82,482.43,480.68,481.26,133,2,0,0.02
2026-08-21 15:50:00,481.28,481.87,481.01,481.58,153,4,0,0.04
2026-08-21 15:55:00,481.58,482.41,481.43,481.94,139,5,0,0.05
2026-08-21 16:00:00,481.76,483.02,481.76,483.02,143,2,0,0.02
2026-08-21 16:05:00,483.02,483.93,482.85,483.62,136,1,0,0.01
2026-08-21 16:10:00,483.69,484.82,483.24,484.82,122,1,0,0.01
2026-08-21 16:15:00,484.82,485.41,483.81,483.87,114,1,0,0.01
2026-08-21 16:20:00,483.89,483.89,482.21,483.31,125,1,0,0.01
2026-08-21 16:25:00,483.35,483.81,483.14,483.31,127,3,0,0.03
2026-08-21 16:30:00,483.21,483.6,482.62,482.98,113,3,0,0.03
2026-08-21 16:35:00,482.99,482.99,481.02,481.88,131,2,0,0.02
2026-08-21 16:40:00,481.88,483.48,481.79,483.39,106,1,0,0.01
2026-08-21 16:45:00,483.39,484.29,483.08,483.46,109,1,0,0.01
2026-08-21 16:50:00,483.46,484.08,483.25,483.84,122,1,0,0.01
2026-08-21 16:55:00,483.84,485.16,483.67,485.16,151,3,0,0.03
2026-08-21 17:00:00,485.23,485.91,485.18,485.8,156,1,0,0.01
2026-08-21 17:05:00,485.8,486.33,484.71,484.71,118,1,0,0.01
2026-08-21 17:10:00,484.72,484.83,484.1,484.28,102,1,0,0.01
2026-08-21 17:15:00,484.28,484.84,484.01,484.06,117,2,0,0.02
2026-08-21 17:20:00,484.06,484.06,483.5,483.67,99,1,0,0.01
2026-08-21 17:25:00,483.69,484.1,483.52,483.82,112,1,0,0.01
2026-08-21 17:30:00,483.82,484.32,483.65,483.91,106,1,0,0.01
2026-08-21 17:35:00,483.86,484.74,483.86,484.74,102,1,0,0.01
2026-08-21 17:40:00,484.76,485.26,484.55,485.13,110,3,0,0.03
2026-08-21 17:45:00,485.13,485.42,484.91,484.93,105,1,0,0.01
2026-08-21 17:50:00,484.83,485.74,484.83,485.49,126,1,0,0.01
2026-08-21 17:55:00,485.49,485.68,485.13,485.38,122,1,0,0.01
2026-08-21 18:00:00,485.38,485.41,484.07,484.16,128,1,0,0.01
2026-08-21 18:05:00,484.18,484.79,484.16,484.37,111,1,0,0.01
2026-08-21 18:10:00,484.37,484.61,484.25,484.38,96,2,0,0.02
2026-08-21 18:15:00,484.4,484.89,484.03,484.03,88,1,0,0.01
2026-08-21 18:20:00,484.03,484.51,483.95,484.02,94,1,0,0.01
2026-08-21 18:25:00,484.02,484.49,484.02,484.21,97,1,0,0.01
2026-08-21 18:30:00,484.21,484.36,483.75,483.77,87,1,0,0.01
2026-08-21 18:35:00,483.77,483.77,483.35,483.69,77,2,0,0.02
2026-08-21 18:40:00,483.69,483.69,483.16,483.52,90,1,0,0.01
2026-08-21 18:45:00,483.52,483.55,483.19,483.46,92,1,0,0.01
2026-08-21 18:50:00,483.51,483.54,483.05,483.4,74,2,0,0.02
2026-08-21 18:55:00,483.4,484.79,483.4,484.74,124,1,0,0.01
2026-08-21 19:00:00,484.78,484.93,484.27,484.34,114,1,0,0.01
2026-08-21 19:05:00,484.44,484.56,484.19,484.38,127,1,0,0.01
2026-08-21 19:10:00,484.38,484.39,484.1,484.24,79,1,0,0.01
2026-08-21 19:15:00,484.29,484.58,484.19,484.43,89,1,0,0.01
2026-08-21 19:20:00,484.43,484.55,483.8,483.85,86,1,0,0.01
2026-08-21 19:25:00,483.84,484.47,483.68,484.15,77,3,0,0.03
2026-08-21 19:30:00,484.11,484.11,482.75,482.82,90,1,0,0.01
2026-08-21 19:35:00,482.82,483.03,482.63,482.68,83,1,0,0.01
2026-08-21 19:40:00,482.75,482.91,482.56,482.8,64,2,0,0.02
2026-08-21 19:45:00,482.8,482.98,482.31,482.4,81,1,0,0.01
2026-08-21 19:50:00,482.46,482.64,482.26,482.43,76,1,0,0.01
2026-08-21 19:55:00,482.43,482.43,481.31,481.32,81,1,0,0.01
2026-08-21 20:00:00,481.31,481.59,481.11,481.54,85,1,0,0.01
2026-08-21 20:05:00,481.54,481.59,480.93,481.0,82,1,0,0.01
2026-08-21 20:10:00,481.0,481.47,481.0,481.32,101,1,0,0.01
2026-08-21 20:15:00,481.32,481.56,481.2,481.48,71,2,0,0.02
2026-08-21 20:20:00,481.48,481.55,481.17,481.23,83,1,0,0.01
2026-08-21 20:25:00,481.23,481.37,480.71,481.22,105,1,0,0.01
2026-08-21 20:30:00,481.14,481.3,480.86,481.26,101,1,0,0.01
2026-08-21 20:35:00,481.26,481.66,481.07,481.61,83,1,0,0.01
2026-08-21 20:40:00,481.63,482.14,481.57,482.04,104,1,0,0.01
2026-08-21 20:45:00,482.03,482.38,481.92,482.35,115,1,0,0.01
2026-08-21 20:50:00,482.36,482.68,482.26,482.68,78,1,0,0.01
2026-08-21 20:55:00,482.68,482.8,482.56,482.73,91,1,0,0.01
2026-08-21 21:00:00,482.73,483.02,482.71,482.72,79,2,0,0.02
2026-08-21 21:05:00,482.72,483.19,482.67,483.04,89,1,0,0.01
2026-08-21 21:10:00,483.05,483.36,482.94,483.33,67,2,0,0.02
2026-08-21 21:15:00,483.36,483.43,482.59,482.97,105,1,0,0.01
2026-08-21 21:20:00,482.97,483.23,482.82,483.15,80,1,0,0.01
2026-08-21 21:25:00,483.18,483.28,482.91,482.91,64,1,0,0.01
2026-08-21 21:30:00,482.91,483.23,482.87,483.06,93,1,0,0.01
2026-08-21 21:35:00,483.07,483.87,483.03,483.81,96,1,0,0.01
2026-08-21 21:40:00,483.84,483.99,483.59,483.99,80,1,0,0.01
2026-08-21 21:45:00,483.94,484.3,483.72,484.09,108,1,0,0.01
2026-08-21 21:50:00,484.1,484.1,483.07,483.35,133,1,0,0.01
2026-08-21 21:55:00,483.0,483.79,482.78,483.24,277,1,0,0.01
